Building Faithful.ChallengeK22Ax
⚠ [8490/8569] Replayed Sbsound.SBCore
warning: Sbsound/SBCore.lean:21:0: `exists_sb_leader` does not use the following hypothesis in its type:
  • [Fintype A] (#2)

Consider replacing this hypothesis with the corresponding instance of `Finite` and using `Fintype.ofFinite` in the proof, or removing it entirely.

Note: This linter can be disabled with `set_option linter.unusedFintypeInType false`
warning: Sbsound/SBCore.lean:38:0: `sb_preserves_sat` does not use the following hypothesis in its type:
  • [Fintype A] (#2)

Consider replacing this hypothesis with the corresponding instance of `Finite` and using `Fintype.ofFinite` in the proof, or removing it entirely.

Note: This linter can be disabled with `set_option linter.unusedFintypeInType false`
⚠ [8491/8569] Replayed Sbsound.SBGraph
warning: Sbsound/SBGraph.lean:70:4: The `show` tactic should only be used to indicate intermediate goal states for readability.
However, this tactic invocation changed the goal. Please use `change` instead for these purposes.

Note: This linter can be disabled with `set_option linter.style.show false`
warning: Sbsound/SBGraph.lean:78:2: The `show` tactic should only be used to indicate intermediate goal states for readability.
However, this tactic invocation changed the goal. Please use `change` instead for these purposes.

Note: This linter can be disabled with `set_option linter.style.show false`
warning: Sbsound/SBGraph.lean:92:2: The `show` tactic should only be used to indicate intermediate goal states for readability.
However, this tactic invocation changed the goal. Please use `change` instead for these purposes.

Note: This linter can be disabled with `set_option linter.style.show false`
⚠ [8494/8569] Replayed Sbsound.Sinz
warning: Sbsound/Sinz.lean:74:45: This simp argument is unused:
  Fin.val_mk

Hint: Omit it from the simp argument list.
  simp only [̵F̵i̵n̵.̵v̵a̵l̵_̵m̵k̵]̵ ̵at hc

Note: This linter can be disabled with `set_option linter.unusedSimpArgs false`
info: Sbsound/Sinz.lean:121:0: 'SB.Sinz.truthful_satisfies' depends on axioms: [propext, Classical.choice, Quot.sound]
ℹ [8496/8569] Replayed Sbsound.EncodeSound
info: Sbsound/EncodeSound.lean:163:0: 'SB.noKst_closed_actV' depends on axioms: [propext, Classical.choice, Quot.sound]
info: Sbsound/EncodeSound.lean:164:0: 'SB.exists_noKstFam_leader' depends on axioms: [propext, Classical.choice, Quot.sound]
info: Sbsound/EncodeSound.lean:165:0: 'SB.encode_sound' depends on axioms: [propext, Classical.choice, Quot.sound]
info: Sbsound/EncodeSound.lean:166:0: 'SB.encode_sound_k34k33' depends on axioms: [propext, Classical.choice, Quot.sound]
ℹ [8497/8569] Replayed Sbsound.SBDegree
info: Sbsound/SBDegree.lean:153:0: 'SB.no_colouring_of_no_dol_leader' depends on axioms: [propext, Classical.choice, Quot.sound]
info: Sbsound/SBDegree.lean:154:0: 'SB.no_colouring_of_no_dol_leader_good' depends on axioms: [propext, Classical.choice, Quot.sound]
⚠ [8498/8569] Replayed Lemma12
warning: Lemma12.lean:104:0: `even_excess` does not use the following hypothesis in its type:
  • [DecidableEq α] (#2)

Consider removing this hypothesis and using `classical` in the proof instead. For terms, consider using `open scoped Classical in` at the term level (not the command level).

Note: This linter can be disabled with `set_option linter.unusedDecidableInType false`
warning: Lemma12.lean:131:0: `step7_core` does not use the following hypothesis in its type:
  • [DecidableEq α] (#2)

Consider removing this hypothesis and using `classical` in the proof instead. For terms, consider using `open scoped Classical in` at the term level (not the command level).

Note: This linter can be disabled with `set_option linter.unusedDecidableInType false`
warning: Lemma12.lean:185:11: extra space in the source

This part of the code
  'redNbr  (v :'
should be written as
  'redNbr (v :'


Note: This linter can be disabled with `set_option linter.style.whitespace false`
warning: Lemma12.lean:192:25: extra space in the source

This part of the code
  'mem_redNbr  {v u'
should be written as
  'mem_redNbr {v u'


Note: This linter can be disabled with `set_option linter.style.whitespace false`
warning: Lemma12.lean:254:100: This line exceeds the 100 character limit, please shorten it!

Note: This linter can be disabled with `set_option linter.style.longLine false`
info: Lemma12.lean:671:0: 'DegreeLemma.pairs_growth' depends on axioms: [propext, Classical.choice, Quot.sound]
info: Lemma12.lean:672:0: 'DegreeLemma.even_excess' depends on axioms: [propext, Classical.choice, Quot.sound]
info: Lemma12.lean:673:0: 'DegreeLemma.step7_core' depends on axioms: [propext, Classical.choice, Quot.sound]
info: Lemma12.lean:674:0: 'Colouring.key' depends on axioms: [propext, Classical.choice, Quot.sound]
info: Lemma12.lean:675:0: 'Colouring.double_count' depends on axioms: [propext, Classical.choice, Quot.sound]
info: Lemma12.lean:676:0: 'Colouring.step2' depends on axioms: [propext, Classical.choice, Quot.sound]
info: Lemma12.lean:677:0: 'Colouring.step3' depends on axioms: [propext, Classical.choice, Quot.sound]
info: Lemma12.lean:678:0: 'Colouring.cross_count' depends on axioms: [propext, Classical.choice, Quot.sound]
info: Lemma12.lean:679:0: 'Colouring.L_identity' depends on axioms: [propext, Classical.choice, Quot.sound]
info: Lemma12.lean:680:0: 'Colouring.card_partition' depends on axioms: [propext, Classical.choice, Quot.sound]
info: Lemma12.lean:681:0: 'Colouring.step12' depends on axioms: [propext, Classical.choice, Quot.sound]
info: Lemma12.lean:682:0: 'Colouring.step13' depends on axioms: [propext, Classical.choice, Quot.sound]
info: Lemma12.lean:683:0: 'Colouring.degree_eleven_impossible' depends on axioms: [propext, Classical.choice, Quot.sound]
info: Lemma12.lean:684:0: 'Colouring.degree_seven_impossible' depends on axioms: [propext, Classical.choice, Quot.sound]
info: Lemma12.lean:685:0: 'Colouring.even_card_of_symm' depends on axioms: [propext, Classical.choice, Quot.sound]
info: Lemma12.lean:686:0: 'Colouring.even_internal_red_degree_sum' depends on axioms: [propext, Classical.choice, Quot.sound]
info: Lemma12.lean:688:0: 'Colouring.swap_blueNbr' depends on axioms: [propext, Classical.choice, Quot.sound]
info: Lemma12.lean:689:0: 'Colouring.swap_blueCodeg' depends on axioms: [propext, Classical.choice, Quot.sound]
warning: Lemma12.lean:712:17: This simp argument is unused:
  this

Hint: Omit it from the simp argument list.
  simp [hlt,̵ ̵t̵h̵i̵s̵] at he

Note: This linter can be disabled with `set_option linter.unusedSimpArgs false`
warning: Lemma12.lean:720:17: This simp argument is unused:
  this

Hint: Omit it from the simp argument list.
  simp [hlt,̵ ̵t̵h̵i̵s̵]

Note: This linter can be disabled with `set_option linter.unusedSimpArgs false`
warning: Lemma12.lean:720:6: `simp [hlt, this]` is a flexible tactic modifying `⊢`. Try `simp?` and use the suggested `simp only [...]`. Alternatively, use `suffices` to explicitly state the simplified form.

Note: This linter can be disabled with `set_option linter.flexible false`
info: Lemma12.lean:720:6: Try this:
  [apply] simp only [Fin.isValue, ite_eq_left_iff, Bool.not_eq_true, zero_ne_one, imp_false, Bool.not_eq_false]
info: Lemma12.lean:721:6: `rw [← K.symm i j]` uses `⊢`!
info: Lemma12.lean:752:0: 'Colouring.colourRel_toE_one' depends on axioms: [propext, Quot.sound]
info: Lemma12.lean:753:0: 'Colouring.commonNbrs_toE_pair' depends on axioms: [propext, Classical.choice, Quot.sound]
info: Lemma12.lean:754:0: 'Colouring.deg_toE_one' depends on axioms: [propext, Classical.choice, Quot.sound]
warning: Lemma12.lean:770:17: This simp argument is unused:
  hji

Hint: Omit it from the simp argument list.
  simp [hlt,̵ ̵h̵j̵i̵]

Note: This linter can be disabled with `set_option linter.unusedSimpArgs false`
warning: Lemma12.lean:770:6: `simp [hlt, hji]` is a flexible tactic modifying `⊢`. Try `simp?` and use the suggested `simp only [...]`. Alternatively, use `suffices` to explicitly state the simplified form.

Note: This linter can be disabled with `set_option linter.flexible false`
info: Lemma12.lean:770:6: Try this:
  [apply] simp only [Fin.isValue, ite_eq_right_iff, one_ne_zero, imp_false, Bool.not_eq_true]
info: Lemma12.lean:770:23: `rw [← K.symm i j]` uses `⊢`!
info: Lemma12.lean:816:0: 'Colouring.cap_of_NoKst_blue' depends on axioms: [propext, Classical.choice, Quot.sound]
info: Lemma12.lean:817:0: 'Colouring.cap_of_NoKst_red' depends on axioms: [propext, Classical.choice, Quot.sound]
info: Lemma12.lean:818:0: 'Colouring.degrees_avoid_seven_and_eleven' depends on axioms: [propext, Classical.choice, Quot.sound]
warning: Lemma12.lean:832:0: `offDiag_card'` does not use the following hypothesis in its type:
  • [DecidableEq α] (#2)

Consider removing this hypothesis and using `classical` in the proof instead. For terms, consider using `open scoped Classical in` at the term level (not the command level).

Note: This linter can be disabled with `set_option linter.unusedDecidableInType false`
info: Lemma12.lean:900:0: 'Colouring.counting_13' depends on axioms: [propext, Classical.choice, Quot.sound]
warning: Lemma12.lean:909:2: `push_neg` has been deprecated. Prefer using `push Not` instead.
If you'd rather continue using `push_neg` in your project, you can implement it as follows:
```
open Lean.Parser.Tactic in
macro "push_neg" cfg:optConfig loc:(location)? : tactic =>
  `(tactic| push $cfg:optConfig Not $[$loc]?)
```
info: Lemma12.lean:918:0: 'Colouring.degree_lt_twelve' depends on axioms: [propext, Classical.choice, Quot.sound]
warning: Lemma12.lean:929:2: `push_neg` has been deprecated. Prefer using `push Not` instead.
If you'd rather continue using `push_neg` in your project, you can implement it as follows:
```
open Lean.Parser.Tactic in
macro "push_neg" cfg:optConfig loc:(location)? : tactic =>
  `(tactic| push $cfg:optConfig Not $[$loc]?)
```
info: Lemma12.lean:957:0: 'Colouring.degree_gt_six' depends on axioms: [propext, Classical.choice, Quot.sound]
info: Lemma12.lean:958:0: 'Colouring.degree_in_eight_nine_ten' depends on axioms: [propext, Classical.choice, Quot.sound]
info: Lemma12.lean:988:0: 'Colouring.double_count_gen' depends on axioms: [propext, Classical.choice, Quot.sound]
info: Lemma12.lean:1015:0: 'Colouring.offDiag_sum_le' depends on axioms: [propext, Classical.choice, Quot.sound]
info: Lemma12.lean:1016:0: 'Colouring.red_incidence_sum' depends on axioms: [propext, Classical.choice, Quot.sound]
info: Lemma12.lean:1055:0: 'Colouring.second_moment' depends on axioms: [propext, Classical.choice, Quot.sound]
info: Lemma12.lean:1056:0: 'Colouring.class_quadratic' depends on axioms: [propext, Classical.choice, Quot.sound]
info: Lemma12.lean:1078:0: 'Colouring.split_cs' depends on axioms: [propext, Classical.choice, Quot.sound]
info: Lemma12.lean:1121:0: 'Colouring.blue_cross_count' depends on axioms: [propext, Classical.choice, Quot.sound]
info: Lemma12.lean:1122:0: 'Colouring.blue_red_split_card' depends on axioms: [propext, Classical.choice, Quot.sound]
info: Lemma12.lean:1123:0: 'Colouring.red_inter_T_eq_codeg' depends on axioms: [propext, Classical.choice, Quot.sound]
info: Lemma12.lean:1154:0: 'Colouring.blue_into_T_lower' depends on axioms: [propext, Classical.choice, Quot.sound]
info: Lemma12.lean:1155:0: 'Colouring.blue_into_S_upper' depends on axioms: [propext, Classical.choice, Quot.sound]
info: Lemma12.lean:1220:0: 'Colouring.blue_split_S_T' depends on axioms: [propext, Classical.choice, Quot.sound]
info: Lemma12.lean:1221:0: 'Colouring.blue_into_S_upper_sharp' depends on axioms: [propext, Classical.choice, Quot.sound]
info: Lemma12.lean:1271:0: 'Colouring.internal_class_cap' depends on axioms: [propext, Classical.choice, Quot.sound]
warning: Lemma12.lean:1285:17: `Finset.filter_card_add_filter_neg_card_eq_card` has been deprecated: Use `Finset.card_filter_add_card_filter_not` instead
warning: Lemma12.lean:1308:17: `Finset.filter_card_add_filter_neg_card_eq_card` has been deprecated: Use `Finset.card_filter_add_card_filter_not` instead
info: Lemma12.lean:1313:0: 'Colouring.deg8_red_nbrs_le_four' depends on axioms: [propext, Classical.choice, Quot.sound]
info: Lemma12.lean:1314:0: 'Colouring.deg10_blue_nbrs_le_four' depends on axioms: [propext, Classical.choice, Quot.sound]
warning: Lemma12.lean:1320:100: This line exceeds the 100 character limit, please shorten it!

Note: This linter can be disabled with `set_option linter.style.longLine false`
info: Lemma12.lean:1363:0: 'Colouring.deg8_class_data' depends on axioms: [propext, Classical.choice, Quot.sound]
warning: Lemma12.lean:1365:0: Please, add a comment explaining the need for modifying the maxHeartbeat limit, as in
set_option maxHeartbeats 1000000 in
-- reason for change
...

Note: This linter can be disabled with `set_option linter.style.maxHeartbeats false`
warning: Lemma12.lean:1384:2: `push_neg` has been deprecated. Prefer using `push Not` instead.
If you'd rather continue using `push_neg` in your project, you can implement it as follows:
```
open Lean.Parser.Tactic in
macro "push_neg" cfg:optConfig loc:(location)? : tactic =>
  `(tactic| push $cfg:optConfig Not $[$loc]?)
```
info: Lemma12.lean:1398:0: 'Colouring.n8_le_seven' depends on axioms: [propext, Classical.choice, Quot.sound]
info: Lemma12.lean:1442:0: 'Colouring.deg10_class_data' depends on axioms: [propext, Classical.choice, Quot.sound]
warning: Lemma12.lean:1444:0: Please, add a comment explaining the need for modifying the maxHeartbeat limit, as in
set_option maxHeartbeats 1000000 in
-- reason for change
...

Note: This linter can be disabled with `set_option linter.style.maxHeartbeats false`
warning: Lemma12.lean:1461:2: `push_neg` has been deprecated. Prefer using `push Not` instead.
If you'd rather continue using `push_neg` in your project, you can implement it as follows:
```
open Lean.Parser.Tactic in
macro "push_neg" cfg:optConfig loc:(location)? : tactic =>
  `(tactic| push $cfg:optConfig Not $[$loc]?)
```
info: Lemma12.lean:1485:0: 'Colouring.n10_le_ten' depends on axioms: [propext, Classical.choice, Quot.sound]
info: Lemma12.lean:1486:0: 'Colouring.class_bounds' depends on axioms: [propext, Classical.choice, Quot.sound]
info: Lemma12.lean:1596:0: 'Colouring.red_degree_sum_even' depends on axioms: [propext, Classical.choice, Quot.sound]
info: Lemma12.lean:1597:0: 'Colouring.blue_degree_sum_even' depends on axioms: [propext, Classical.choice, Quot.sound]
info: Lemma12.lean:1598:0: 'Colouring.histogram_membership' depends on axioms: [propext, Classical.choice, Quot.sound]
info: Lemma12.lean:1621:0: 'Colouring.admissibleHistograms_card' depends on axioms: [propext, Classical.choice, Quot.sound]
info: Lemma12.lean:1622:0: 'Colouring.histogram_in_admissible' depends on axioms: [propext, Classical.choice, Quot.sound]
warning: Lemma12.lean:1623:0: unclosed sections or namespaces; expected: '

end Colouring'

Note: This linter can be disabled with `set_option linter.style.missingEnd false`
⚠ [8499/8569] Replayed RootedLemmas.Deficit
warning: RootedLemmas/Deficit.lean:32:100: This line exceeds the 100 character limit, please shorten it!

Note: This linter can be disabled with `set_option linter.style.longLine false`
warning: RootedLemmas/Deficit.lean:160:100: This line exceeds the 100 character limit, please shorten it!

Note: This linter can be disabled with `set_option linter.style.longLine false`
warning: RootedLemmas/Deficit.lean:258:41: This simp argument is unused:
  le_max_iff

Hint: Omit it from the simp argument list.
  simp only [̵l̵e̵_̵m̵a̵x̵_̵i̵f̵f̵,̵ ̵m̵a̵x̵_̵l̵e̵_̵i̵f̵f̵,̵[̲m̲a̲x̲_̲l̲e̲_̲i̲f̲f̲,̲ le_min_iff, min_le_iff]

Note: This linter can be disabled with `set_option linter.unusedSimpArgs false`
warning: RootedLemmas/Deficit.lean:258:77: This simp argument is unused:
  min_le_iff

Hint: Omit it from the simp argument list.
  simp only [le_max_iff, max_le_iff, le_min_iff,̵ ̵m̵i̵n̵_̵l̵e̵_̵i̵f̵f̵]

Note: This linter can be disabled with `set_option linter.unusedSimpArgs false`
warning: RootedLemmas/Deficit.lean:287:17: This simp argument is unused:
  le_max_iff

Hint: Omit it from the simp argument list.
  simp only [̵l̵e̵_̵m̵a̵x̵_̵i̵f̵f̵,̵ ̵m̵a̵x̵_̵l̵e̵_̵i̵f̵f̵,̵[̲m̲a̲x̲_̲l̲e̲_̲i̲f̲f̲,̲ le_min_iff, min_le_iff]

Note: This linter can be disabled with `set_option linter.unusedSimpArgs false`
warning: RootedLemmas/Deficit.lean:287:53: This simp argument is unused:
  min_le_iff

Hint: Omit it from the simp argument list.
  simp only [le_max_iff, max_le_iff, le_min_iff,̵ ̵m̵i̵n̵_̵l̵e̵_̵i̵f̵f̵]

Note: This linter can be disabled with `set_option linter.unusedSimpArgs false`
warning: RootedLemmas/Deficit.lean:294:17: This simp argument is unused:
  le_max_iff

Hint: Omit it from the simp argument list.
  simp only [̵l̵e̵_̵m̵a̵x̵_̵i̵f̵f̵,̵ ̵m̵a̵x̵_̵l̵e̵_̵i̵f̵f̵,̵[̲m̲a̲x̲_̲l̲e̲_̲i̲f̲f̲,̲ le_min_iff, min_le_iff]

Note: This linter can be disabled with `set_option linter.unusedSimpArgs false`
warning: RootedLemmas/Deficit.lean:294:53: This simp argument is unused:
  min_le_iff

Hint: Omit it from the simp argument list.
  simp only [le_max_iff, max_le_iff, le_min_iff,̵ ̵m̵i̵n̵_̵l̵e̵_̵i̵f̵f̵]

Note: This linter can be disabled with `set_option linter.unusedSimpArgs false`
warning: RootedLemmas/Deficit.lean:375:29: unused variable `hN`

Note: This linter can be disabled with `set_option linter.unusedVariables false`
info: RootedLemmas/Deficit.lean:386:0: 'tightTable_eq' does not depend on any axioms
info: RootedLemmas/Deficit.lean:387:0: 'tight22_symm' depends on axioms: [propext]
info: RootedLemmas/Deficit.lean:388:0: 'budgetOf_22' depends on axioms: [propext, Quot.sound]
info: RootedLemmas/Deficit.lean:389:0: 'Colouring.complement_identity' depends on axioms: [propext, Classical.choice, Quot.sound]
info: RootedLemmas/Deficit.lean:390:0: 'Colouring.deficit_sum' depends on axioms: [propext, Classical.choice, Quot.sound]
info: RootedLemmas/Deficit.lean:391:0: 'Colouring.deficit_sum_22' depends on axioms: [propext, Classical.choice, Quot.sound]
info: RootedLemmas/Deficit.lean:392:0: 'Colouring.deficit_le_budget' depends on axioms: [propext, Classical.choice, Quot.sound]
info: RootedLemmas/Deficit.lean:393:0: 'Colouring.budget_nonneg' depends on axioms: [propext, Classical.choice, Quot.sound]
info: RootedLemmas/Deficit.lean:394:0: 'Colouring.bounds_sound' depends on axioms: [propext, Classical.choice, Quot.sound]
info: RootedLemmas/Deficit.lean:395:0: 'Colouring.tight_sound' depends on axioms: [propext, Classical.choice, Quot.sound]
info: RootedLemmas/Deficit.lean:396:0: 'Colouring.tight_nonempty' depends on axioms: [propext, Classical.choice, Quot.sound]
info: RootedLemmas/Deficit.lean:397:0: 'Colouring.thresholdE_iff' depends on axioms: [propext, Classical.choice, Quot.sound]
info: RootedLemmas/Deficit.lean:398:0: 'Colouring.threshold_sum' depends on axioms: [propext, Classical.choice, Quot.sound]
info: RootedLemmas/Deficit.lean:399:0: 'Colouring.good_of_NoKst' depends on axioms: [propext, Classical.choice, Quot.sound]
info: RootedLemmas/Deficit.lean:400:0: 'Colouring.tight22_sound_NoKst' depends on axioms: [propext, Classical.choice, Quot.sound]
info: RootedLemmas/Deficit.lean:401:0: 'Colouring.threshold_sum_NoKst' depends on axioms: [propext, Classical.choice, Quot.sound]
warning: RootedLemmas/Deficit.lean:5:100: This line exceeds the 100 character limit, please shorten it!
You can use "string gaps" to format long strings: within a string quotation, using a '\' at the end of a line allows you to continue the string on the following line, removing all intervening whitespace.

Note: This linter can be disabled with `set_option linter.style.longLine false`
warning: RootedLemmas/Deficit.lean:9:100: This line exceeds the 100 character limit, please shorten it!

Note: This linter can be disabled with `set_option linter.style.longLine false`
warning: RootedLemmas/Deficit.lean:10:100: This line exceeds the 100 character limit, please shorten it!

Note: This linter can be disabled with `set_option linter.style.longLine false`
⚠ [8500/8569] Replayed RootedLemmas.Filters
warning: RootedLemmas/Filters.lean:24:64: unused variable `hm`

Note: This linter can be disabled with `set_option linter.unusedVariables false`
warning: RootedLemmas/Filters.lean:225:100: This line exceeds the 100 character limit, please shorten it!

Note: This linter can be disabled with `set_option linter.style.longLine false`
warning: RootedLemmas/Filters.lean:261:100: This line exceeds the 100 character limit, please shorten it!

Note: This linter can be disabled with `set_option linter.style.longLine false`
warning: RootedLemmas/Filters.lean:266:100: This line exceeds the 100 character limit, please shorten it!

Note: This linter can be disabled with `set_option linter.style.longLine false`
info: RootedLemmas/Filters.lean:306:0: 'convexity_floor' depends on axioms: [propext, Classical.choice, Quot.sound]
info: RootedLemmas/Filters.lean:307:0: 'sum_offDiag_eq_two_sum_lt' depends on axioms: [propext, Classical.choice, Quot.sound]
info: RootedLemmas/Filters.lean:308:0: 'Colouring.card_split_root' depends on axioms: [propext, Classical.choice, Quot.sound]
info: RootedLemmas/Filters.lean:309:0: 'Colouring.deg_split' depends on axioms: [propext, Classical.choice, Quot.sound]
info: RootedLemmas/Filters.lean:310:0: 'Colouring.codeg_split' depends on axioms: [propext, Classical.choice, Quot.sound]
info: RootedLemmas/Filters.lean:311:0: 'Colouring.filter_i_core' depends on axioms: [propext, Classical.choice, Quot.sound]
info: RootedLemmas/Filters.lean:312:0: 'Colouring.sum_W_codeg' depends on axioms: [propext, Classical.choice, Quot.sound]
info: RootedLemmas/Filters.lean:313:0: 'Colouring.filter_ii_core' depends on axioms: [propext, Classical.choice, Quot.sound]
info: RootedLemmas/Filters.lean:314:0: 'Colouring.sum_offDiag_xW' depends on axioms: [propext, Classical.choice, Quot.sound]
info: RootedLemmas/Filters.lean:315:0: 'Colouring.sum_z_eq_T' depends on axioms: [propext, Classical.choice, Quot.sound]
info: RootedLemmas/Filters.lean:316:0: 'Colouring.filter_iii_core' depends on axioms: [propext, Classical.choice, Quot.sound]
info: RootedLemmas/Filters.lean:317:0: 'Colouring.shortfall_core' depends on axioms: [propext, Classical.choice, Quot.sound]
warning: RootedLemmas/Filters.lean:7:100: This line exceeds the 100 character limit, please shorten it!

Note: This linter can be disabled with `set_option linter.style.longLine false`
warning: RootedLemmas/Filters.lean:8:100: This line exceeds the 100 character limit, please shorten it!

Note: This linter can be disabled with `set_option linter.style.longLine false`
warning: RootedLemmas/Filters.lean:9:100: This line exceeds the 100 character limit, please shorten it!

Note: This linter can be disabled with `set_option linter.style.longLine false`
⚠ [8501/8569] Replayed RootedLemmas.FiltersPy
warning: RootedLemmas/FiltersPy.lean:241:15: This simp argument is unused:
  ltPairs

Hint: Omit it from the simp argument list.
  simp ̵[̵l̵t̵P̵a̵i̵r̵s̵]̵

Note: This linter can be disabled with `set_option linter.unusedSimpArgs false`
warning: RootedLemmas/FiltersPy.lean:228:100: This line exceeds the 100 character limit, please shorten it!

Note: This linter can be disabled with `set_option linter.style.longLine false`
warning: RootedLemmas/FiltersPy.lean:234:100: This line exceeds the 100 character limit, please shorten it!

Note: This linter can be disabled with `set_option linter.style.longLine false`
warning: RootedLemmas/FiltersPy.lean:247:100: This line exceeds the 100 character limit, please shorten it!

Note: This linter can be disabled with `set_option linter.style.longLine false`
warning: RootedLemmas/FiltersPy.lean:311:100: This line exceeds the 100 character limit, please shorten it!

Note: This linter can be disabled with `set_option linter.style.longLine false`
warning: RootedLemmas/FiltersPy.lean:312:100: This line exceeds the 100 character limit, please shorten it!

Note: This linter can be disabled with `set_option linter.style.longLine false`
warning: RootedLemmas/FiltersPy.lean:348:36: unused variable `hG`

Note: This linter can be disabled with `set_option linter.unusedVariables false`
warning: RootedLemmas/FiltersPy.lean:413:100: This line exceeds the 100 character limit, please shorten it!

Note: This linter can be disabled with `set_option linter.style.longLine false`
warning: RootedLemmas/FiltersPy.lean:418:100: This line exceeds the 100 character limit, please shorten it!

Note: This linter can be disabled with `set_option linter.style.longLine false`
info: RootedLemmas/FiltersPy.lean:446:0: 'two_mul_half' depends on axioms: [propext, Classical.choice, Quot.sound]
info: RootedLemmas/FiltersPy.lean:447:0: 'Colouring.RootLabel.popRow_eq' depends on axioms: [propext, Classical.choice, Quot.sound]
info: RootedLemmas/FiltersPy.lean:448:0: 'Colouring.RootLabel.popAnd_eq' depends on axioms: [propext, Classical.choice, Quot.sound]
info: RootedLemmas/FiltersPy.lean:449:0: 'Colouring.RootLabel.sum_map_offDiag' depends on axioms: [propext, Classical.choice, Quot.sound]
info: RootedLemmas/FiltersPy.lean:450:0: 'Colouring.filter_i_py' depends on axioms: [propext, Classical.choice, Quot.sound]
info: RootedLemmas/FiltersPy.lean:451:0: 'Colouring.sum_popRow' depends on axioms: [propext, Classical.choice, Quot.sound]
info: RootedLemmas/FiltersPy.lean:452:0: 'Colouring.filter_ii_py' depends on axioms: [propext, Classical.choice, Quot.sound]
info: RootedLemmas/FiltersPy.lean:453:0: 'Colouring.Ugen_valid' depends on axioms: [propext, Classical.choice, Quot.sound]
info: RootedLemmas/FiltersPy.lean:454:0: 'Colouring.filter_iii_py' depends on axioms: [propext, Classical.choice, Quot.sound]
info: RootedLemmas/FiltersPy.lean:455:0: 'Colouring.bh_valid' depends on axioms: [propext, Classical.choice, Quot.sound]
info: RootedLemmas/FiltersPy.lean:456:0: 'Colouring.shortfall_py' depends on axioms: [propext, Classical.choice, Quot.sound]
info: RootedLemmas/FiltersPy.lean:457:0: 'Colouring.shortfall_emitted_py' depends on axioms: [propext, Classical.choice, Quot.sound]
info: RootedLemmas/FiltersPy.lean:458:0: 'Colouring.filters_py_NoKst' depends on axioms: [propext, Classical.choice, Quot.sound]
⚠ [8503/8569] Replayed RootedM4.CoverBase
warning: RootedM4/CoverBase.lean:30:100: This line exceeds the 100 character limit, please shorten it!

Note: This linter can be disabled with `set_option linter.style.longLine false`
warning: RootedM4/CoverBase.lean:34:100: This line exceeds the 100 character limit, please shorten it!

Note: This linter can be disabled with `set_option linter.style.longLine false`
warning: RootedM4/CoverBase.lean:43:100: This line exceeds the 100 character limit, please shorten it!

Note: This linter can be disabled with `set_option linter.style.longLine false`
⚠ [8504/8569] Replayed RootedM4.CoverData.F_k10_c0100
warning: RootedM4/CoverData/F_k10_c0100.lean:7:100: This line exceeds the 100 character limit, please shorten it!

Note: This linter can be disabled with `set_option linter.style.longLine false`
warning: RootedM4/CoverData/F_k10_c0100.lean:8:100: This line exceeds the 100 character limit, please shorten it!

Note: This linter can be disabled with `set_option linter.style.longLine false`
warning: RootedM4/CoverData/F_k10_c0100.lean:9:100: This line exceeds the 100 character limit, please shorten it!

Note: This linter can be disabled with `set_option linter.style.longLine false`
warning: RootedM4/CoverData/F_k10_c0100.lean:10:100: This line exceeds the 100 character limit, please shorten it!

Note: This linter can be disabled with `set_option linter.style.longLine false`
warning: RootedM4/CoverData/F_k10_c0100.lean:11:100: This line exceeds the 100 character limit, please shorten it!

Note: This linter can be disabled with `set_option linter.style.longLine false`
warning: RootedM4/CoverData/F_k10_c0100.lean:12:100: This line exceeds the 100 character limit, please shorten it!

Note: This linter can be disabled with `set_option linter.style.longLine false`
warning: RootedM4/CoverData/F_k10_c0100.lean:13:100: This line exceeds the 100 character limit, please shorten it!

Note: This linter can be disabled with `set_option linter.style.longLine false`
warning: RootedM4/CoverData/F_k10_c0100.lean:14:100: This line exceeds the 100 character limit, please shorten it!

Note: This linter can be disabled with `set_option linter.style.longLine false`
warning: RootedM4/CoverData/F_k10_c0100.lean:15:100: This line exceeds the 100 character limit, please shorten it!

Note: This linter can be disabled with `set_option linter.style.longLine false`
warning: RootedM4/CoverData/F_k10_c0100.lean:16:100: This line exceeds the 100 character limit, please shorten it!

Note: This linter can be disabled with `set_option linter.style.longLine false`
warning: RootedM4/CoverData/F_k10_c0100.lean:17:100: This line exceeds the 100 character limit, please shorten it!

Note: This linter can be disabled with `set_option linter.style.longLine false`
warning: RootedM4/CoverData/F_k10_c0100.lean:18:100: This line exceeds the 100 character limit, please shorten it!

Note: This linter can be disabled with `set_option linter.style.longLine false`
warning: RootedM4/CoverData/F_k10_c0100.lean:19:100: This line exceeds the 100 character limit, please shorten it!

Note: This linter can be disabled with `set_option linter.style.longLine false`
warning: RootedM4/CoverData/F_k10_c0100.lean:20:100: This line exceeds the 100 character limit, please shorten it!

Note: This linter can be disabled with `set_option linter.style.longLine false`
warning: RootedM4/CoverData/F_k10_c0100.lean:21:100: This line exceeds the 100 character limit, please shorten it!

Note: This linter can be disabled with `set_option linter.style.longLine false`
warning: RootedM4/CoverData/F_k10_c0100.lean:22:100: This line exceeds the 100 character limit, please shorten it!

Note: This linter can be disabled with `set_option linter.style.longLine false`
warning: RootedM4/CoverData/F_k10_c0100.lean:23:100: This line exceeds the 100 character limit, please shorten it!

Note: This linter can be disabled with `set_option linter.style.longLine false`
warning: RootedM4/CoverData/F_k10_c0100.lean:27:100: This line exceeds the 100 character limit, please shorten it!

Note: This linter can be disabled with `set_option linter.style.longLine false`
warning: RootedM4/CoverData/F_k10_c0100.lean:1:100: This line exceeds the 100 character limit, please shorten it!

Note: This linter can be disabled with `set_option linter.style.longLine false`
⚠ [8505/8569] Replayed RootedM4.CoverData.F_k10_c019
warning: RootedM4/CoverData/F_k10_c019.lean:7:100: This line exceeds the 100 character limit, please shorten it!

Note: This linter can be disabled with `set_option linter.style.longLine false`
warning: RootedM4/CoverData/F_k10_c019.lean:1:100: This line exceeds the 100 character limit, please shorten it!

Note: This linter can be disabled with `set_option linter.style.longLine false`
⚠ [8506/8569] Replayed RootedM4.CoverData.F_k10_c028
warning: RootedM4/CoverData/F_k10_c028.lean:7:100: This line exceeds the 100 character limit, please shorten it!

Note: This linter can be disabled with `set_option linter.style.longLine false`
warning: RootedM4/CoverData/F_k10_c028.lean:1:100: This line exceeds the 100 character limit, please shorten it!

Note: This linter can be disabled with `set_option linter.style.longLine false`
⚠ [8507/8569] Replayed RootedM4.CoverData.F_k10_c037
warning: RootedM4/CoverData/F_k10_c037.lean:7:100: This line exceeds the 100 character limit, please shorten it!

Note: This linter can be disabled with `set_option linter.style.longLine false`
warning: RootedM4/CoverData/F_k10_c037.lean:1:100: This line exceeds the 100 character limit, please shorten it!

Note: This linter can be disabled with `set_option linter.style.longLine false`
⚠ [8508/8569] Replayed RootedM4.CoverData.F_k10_c046
warning: RootedM4/CoverData/F_k10_c046.lean:7:100: This line exceeds the 100 character limit, please shorten it!

Note: This linter can be disabled with `set_option linter.style.longLine false`
warning: RootedM4/CoverData/F_k10_c046.lean:1:100: This line exceeds the 100 character limit, please shorten it!

Note: This linter can be disabled with `set_option linter.style.longLine false`
⚠ [8509/8569] Replayed RootedM4.CoverData.F_k10_c055
warning: RootedM4/CoverData/F_k10_c055.lean:7:100: This line exceeds the 100 character limit, please shorten it!

Note: This linter can be disabled with `set_option linter.style.longLine false`
warning: RootedM4/CoverData/F_k10_c055.lean:1:100: This line exceeds the 100 character limit, please shorten it!

Note: This linter can be disabled with `set_option linter.style.longLine false`
⚠ [8510/8569] Replayed RootedM4.CoverData.F_k10_c064
warning: RootedM4/CoverData/F_k10_c064.lean:7:100: This line exceeds the 100 character limit, please shorten it!

Note: This linter can be disabled with `set_option linter.style.longLine false`
warning: RootedM4/CoverData/F_k10_c064.lean:8:100: This line exceeds the 100 character limit, please shorten it!

Note: This linter can be disabled with `set_option linter.style.longLine false`
warning: RootedM4/CoverData/F_k10_c064.lean:9:100: This line exceeds the 100 character limit, please shorten it!

Note: This linter can be disabled with `set_option linter.style.longLine false`
warning: RootedM4/CoverData/F_k10_c064.lean:10:100: This line exceeds the 100 character limit, please shorten it!

Note: This linter can be disabled with `set_option linter.style.longLine false`
warning: RootedM4/CoverData/F_k10_c064.lean:11:100: This line exceeds the 100 character limit, please shorten it!

Note: This linter can be disabled with `set_option linter.style.longLine false`
warning: RootedM4/CoverData/F_k10_c064.lean:12:100: This line exceeds the 100 character limit, please shorten it!

Note: This linter can be disabled with `set_option linter.style.longLine false`
warning: RootedM4/CoverData/F_k10_c064.lean:13:100: This line exceeds the 100 character limit, please shorten it!

Note: This linter can be disabled with `set_option linter.style.longLine false`
warning: RootedM4/CoverData/F_k10_c064.lean:14:100: This line exceeds the 100 character limit, please shorten it!

Note: This linter can be disabled with `set_option linter.style.longLine false`
warning: RootedM4/CoverData/F_k10_c064.lean:15:100: This line exceeds the 100 character limit, please shorten it!

Note: This linter can be disabled with `set_option linter.style.longLine false`
warning: RootedM4/CoverData/F_k10_c064.lean:16:100: This line exceeds the 100 character limit, please shorten it!

Note: This linter can be disabled with `set_option linter.style.longLine false`
warning: RootedM4/CoverData/F_k10_c064.lean:17:100: This line exceeds the 100 character limit, please shorten it!

Note: This linter can be disabled with `set_option linter.style.longLine false`
warning: RootedM4/CoverData/F_k10_c064.lean:18:100: This line exceeds the 100 character limit, please shorten it!

Note: This linter can be disabled with `set_option linter.style.longLine false`
warning: RootedM4/CoverData/F_k10_c064.lean:19:100: This line exceeds the 100 character limit, please shorten it!

Note: This linter can be disabled with `set_option linter.style.longLine false`
warning: RootedM4/CoverData/F_k10_c064.lean:23:100: This line exceeds the 100 character limit, please shorten it!

Note: This linter can be disabled with `set_option linter.style.longLine false`
warning: RootedM4/CoverData/F_k10_c064.lean:1:100: This line exceeds the 100 character limit, please shorten it!

Note: This linter can be disabled with `set_option linter.style.longLine false`
⚠ [8511/8569] Replayed RootedM4.CoverData.F_k10_c073
warning: RootedM4/CoverData/F_k10_c073.lean:7:100: This line exceeds the 100 character limit, please shorten it!

Note: This linter can be disabled with `set_option linter.style.longLine false`
warning: RootedM4/CoverData/F_k10_c073.lean:8:100: This line exceeds the 100 character limit, please shorten it!

Note: This linter can be disabled with `set_option linter.style.longLine false`
warning: RootedM4/CoverData/F_k10_c073.lean:9:100: This line exceeds the 100 character limit, please shorten it!

Note: This linter can be disabled with `set_option linter.style.longLine false`
warning: RootedM4/CoverData/F_k10_c073.lean:10:100: This line exceeds the 100 character limit, please shorten it!

Note: This linter can be disabled with `set_option linter.style.longLine false`
warning: RootedM4/CoverData/F_k10_c073.lean:11:100: This line exceeds the 100 character limit, please shorten it!

Note: This linter can be disabled with `set_option linter.style.longLine false`
warning: RootedM4/CoverData/F_k10_c073.lean:12:100: This line exceeds the 100 character limit, please shorten it!

Note: This linter can be disabled with `set_option linter.style.longLine false`
warning: RootedM4/CoverData/F_k10_c073.lean:13:100: This line exceeds the 100 character limit, please shorten it!

Note: This linter can be disabled with `set_option linter.style.longLine false`
warning: RootedM4/CoverData/F_k10_c073.lean:14:100: This line exceeds the 100 character limit, please shorten it!

Note: This linter can be disabled with `set_option linter.style.longLine false`
warning: RootedM4/CoverData/F_k10_c073.lean:18:100: This line exceeds the 100 character limit, please shorten it!

Note: This linter can be disabled with `set_option linter.style.longLine false`
warning: RootedM4/CoverData/F_k10_c073.lean:1:100: This line exceeds the 100 character limit, please shorten it!

Note: This linter can be disabled with `set_option linter.style.longLine false`
⚠ [8512/8569] Replayed RootedM4.CoverData.F_k10_c082
warning: RootedM4/CoverData/F_k10_c082.lean:7:100: This line exceeds the 100 character limit, please shorten it!

Note: This linter can be disabled with `set_option linter.style.longLine false`
warning: RootedM4/CoverData/F_k10_c082.lean:8:100: This line exceeds the 100 character limit, please shorten it!

Note: This linter can be disabled with `set_option linter.style.longLine false`
warning: RootedM4/CoverData/F_k10_c082.lean:9:100: This line exceeds the 100 character limit, please shorten it!

Note: This linter can be disabled with `set_option linter.style.longLine false`
warning: RootedM4/CoverData/F_k10_c082.lean:10:100: This line exceeds the 100 character limit, please shorten it!

Note: This linter can be disabled with `set_option linter.style.longLine false`
warning: RootedM4/CoverData/F_k10_c082.lean:11:100: This line exceeds the 100 character limit, please shorten it!

Note: This linter can be disabled with `set_option linter.style.longLine false`
warning: RootedM4/CoverData/F_k10_c082.lean:12:100: This line exceeds the 100 character limit, please shorten it!

Note: This linter can be disabled with `set_option linter.style.longLine false`
warning: RootedM4/CoverData/F_k10_c082.lean:13:100: This line exceeds the 100 character limit, please shorten it!

Note: This linter can be disabled with `set_option linter.style.longLine false`
warning: RootedM4/CoverData/F_k10_c082.lean:14:100: This line exceeds the 100 character limit, please shorten it!

Note: This linter can be disabled with `set_option linter.style.longLine false`
warning: RootedM4/CoverData/F_k10_c082.lean:15:100: This line exceeds the 100 character limit, please shorten it!

Note: This linter can be disabled with `set_option linter.style.longLine false`
warning: RootedM4/CoverData/F_k10_c082.lean:16:100: This line exceeds the 100 character limit, please shorten it!

Note: This linter can be disabled with `set_option linter.style.longLine false`
warning: RootedM4/CoverData/F_k10_c082.lean:17:100: This line exceeds the 100 character limit, please shorten it!

Note: This linter can be disabled with `set_option linter.style.longLine false`
warning: RootedM4/CoverData/F_k10_c082.lean:18:100: This line exceeds the 100 character limit, please shorten it!

Note: This linter can be disabled with `set_option linter.style.longLine false`
warning: RootedM4/CoverData/F_k10_c082.lean:19:100: This line exceeds the 100 character limit, please shorten it!

Note: This linter can be disabled with `set_option linter.style.longLine false`
warning: RootedM4/CoverData/F_k10_c082.lean:20:100: This line exceeds the 100 character limit, please shorten it!

Note: This linter can be disabled with `set_option linter.style.longLine false`
warning: RootedM4/CoverData/F_k10_c082.lean:21:100: This line exceeds the 100 character limit, please shorten it!

Note: This linter can be disabled with `set_option linter.style.longLine false`
warning: RootedM4/CoverData/F_k10_c082.lean:22:100: This line exceeds the 100 character limit, please shorten it!

Note: This linter can be disabled with `set_option linter.style.longLine false`
warning: RootedM4/CoverData/F_k10_c082.lean:23:100: This line exceeds the 100 character limit, please shorten it!

Note: This linter can be disabled with `set_option linter.style.longLine false`
warning: RootedM4/CoverData/F_k10_c082.lean:24:100: This line exceeds the 100 character limit, please shorten it!

Note: This linter can be disabled with `set_option linter.style.longLine false`
warning: RootedM4/CoverData/F_k10_c082.lean:25:100: This line exceeds the 100 character limit, please shorten it!

Note: This linter can be disabled with `set_option linter.style.longLine false`
warning: RootedM4/CoverData/F_k10_c082.lean:26:100: This line exceeds the 100 character limit, please shorten it!

Note: This linter can be disabled with `set_option linter.style.longLine false`
warning: RootedM4/CoverData/F_k10_c082.lean:27:100: This line exceeds the 100 character limit, please shorten it!

Note: This linter can be disabled with `set_option linter.style.longLine false`
warning: RootedM4/CoverData/F_k10_c082.lean:28:100: This line exceeds the 100 character limit, please shorten it!

Note: This linter can be disabled with `set_option linter.style.longLine false`
warning: RootedM4/CoverData/F_k10_c082.lean:29:100: This line exceeds the 100 character limit, please shorten it!

Note: This linter can be disabled with `set_option linter.style.longLine false`
warning: RootedM4/CoverData/F_k10_c082.lean:30:100: This line exceeds the 100 character limit, please shorten it!

Note: This linter can be disabled with `set_option linter.style.longLine false`
warning: RootedM4/CoverData/F_k10_c082.lean:31:100: This line exceeds the 100 character limit, please shorten it!

Note: This linter can be disabled with `set_option linter.style.longLine false`
warning: RootedM4/CoverData/F_k10_c082.lean:32:100: This line exceeds the 100 character limit, please shorten it!

Note: This linter can be disabled with `set_option linter.style.longLine false`
warning: RootedM4/CoverData/F_k10_c082.lean:33:100: This line exceeds the 100 character limit, please shorten it!

Note: This linter can be disabled with `set_option linter.style.longLine false`
warning: RootedM4/CoverData/F_k10_c082.lean:34:100: This line exceeds the 100 character limit, please shorten it!

Note: This linter can be disabled with `set_option linter.style.longLine false`
warning: RootedM4/CoverData/F_k10_c082.lean:35:100: This line exceeds the 100 character limit, please shorten it!

Note: This linter can be disabled with `set_option linter.style.longLine false`
warning: RootedM4/CoverData/F_k10_c082.lean:36:100: This line exceeds the 100 character limit, please shorten it!

Note: This linter can be disabled with `set_option linter.style.longLine false`
warning: RootedM4/CoverData/F_k10_c082.lean:37:100: This line exceeds the 100 character limit, please shorten it!

Note: This linter can be disabled with `set_option linter.style.longLine false`
warning: RootedM4/CoverData/F_k10_c082.lean:38:100: This line exceeds the 100 character limit, please shorten it!

Note: This linter can be disabled with `set_option linter.style.longLine false`
warning: RootedM4/CoverData/F_k10_c082.lean:39:100: This line exceeds the 100 character limit, please shorten it!

Note: This linter can be disabled with `set_option linter.style.longLine false`
warning: RootedM4/CoverData/F_k10_c082.lean:40:100: This line exceeds the 100 character limit, please shorten it!

Note: This linter can be disabled with `set_option linter.style.longLine false`
warning: RootedM4/CoverData/F_k10_c082.lean:41:100: This line exceeds the 100 character limit, please shorten it!

Note: This linter can be disabled with `set_option linter.style.longLine false`
warning: RootedM4/CoverData/F_k10_c082.lean:42:100: This line exceeds the 100 character limit, please shorten it!

Note: This linter can be disabled with `set_option linter.style.longLine false`
warning: RootedM4/CoverData/F_k10_c082.lean:43:100: This line exceeds the 100 character limit, please shorten it!

Note: This linter can be disabled with `set_option linter.style.longLine false`
warning: RootedM4/CoverData/F_k10_c082.lean:44:100: This line exceeds the 100 character limit, please shorten it!

Note: This linter can be disabled with `set_option linter.style.longLine false`
warning: RootedM4/CoverData/F_k10_c082.lean:45:100: This line exceeds the 100 character limit, please shorten it!

Note: This linter can be disabled with `set_option linter.style.longLine false`
warning: RootedM4/CoverData/F_k10_c082.lean:46:100: This line exceeds the 100 character limit, please shorten it!

Note: This linter can be disabled with `set_option linter.style.longLine false`
warning: RootedM4/CoverData/F_k10_c082.lean:47:100: This line exceeds the 100 character limit, please shorten it!

Note: This linter can be disabled with `set_option linter.style.longLine false`
warning: RootedM4/CoverData/F_k10_c082.lean:48:100: This line exceeds the 100 character limit, please shorten it!

Note: This linter can be disabled with `set_option linter.style.longLine false`
warning: RootedM4/CoverData/F_k10_c082.lean:49:100: This line exceeds the 100 character limit, please shorten it!

Note: This linter can be disabled with `set_option linter.style.longLine false`
warning: RootedM4/CoverData/F_k10_c082.lean:50:100: This line exceeds the 100 character limit, please shorten it!

Note: This linter can be disabled with `set_option linter.style.longLine false`
warning: RootedM4/CoverData/F_k10_c082.lean:51:100: This line exceeds the 100 character limit, please shorten it!

Note: This linter can be disabled with `set_option linter.style.longLine false`
warning: RootedM4/CoverData/F_k10_c082.lean:52:100: This line exceeds the 100 character limit, please shorten it!

Note: This linter can be disabled with `set_option linter.style.longLine false`
warning: RootedM4/CoverData/F_k10_c082.lean:53:100: This line exceeds the 100 character limit, please shorten it!

Note: This linter can be disabled with `set_option linter.style.longLine false`
warning: RootedM4/CoverData/F_k10_c082.lean:54:100: This line exceeds the 100 character limit, please shorten it!

Note: This linter can be disabled with `set_option linter.style.longLine false`
warning: RootedM4/CoverData/F_k10_c082.lean:55:100: This line exceeds the 100 character limit, please shorten it!

Note: This linter can be disabled with `set_option linter.style.longLine false`
warning: RootedM4/CoverData/F_k10_c082.lean:56:100: This line exceeds the 100 character limit, please shorten it!

Note: This linter can be disabled with `set_option linter.style.longLine false`
warning: RootedM4/CoverData/F_k10_c082.lean:57:100: This line exceeds the 100 character limit, please shorten it!

Note: This linter can be disabled with `set_option linter.style.longLine false`
warning: RootedM4/CoverData/F_k10_c082.lean:58:100: This line exceeds the 100 character limit, please shorten it!

Note: This linter can be disabled with `set_option linter.style.longLine false`
warning: RootedM4/CoverData/F_k10_c082.lean:59:100: This line exceeds the 100 character limit, please shorten it!

Note: This linter can be disabled with `set_option linter.style.longLine false`
warning: RootedM4/CoverData/F_k10_c082.lean:60:100: This line exceeds the 100 character limit, please shorten it!

Note: This linter can be disabled with `set_option linter.style.longLine false`
warning: RootedM4/CoverData/F_k10_c082.lean:61:100: This line exceeds the 100 character limit, please shorten it!

Note: This linter can be disabled with `set_option linter.style.longLine false`
warning: RootedM4/CoverData/F_k10_c082.lean:62:100: This line exceeds the 100 character limit, please shorten it!

Note: This linter can be disabled with `set_option linter.style.longLine false`
warning: RootedM4/CoverData/F_k10_c082.lean:63:100: This line exceeds the 100 character limit, please shorten it!

Note: This linter can be disabled with `set_option linter.style.longLine false`
warning: RootedM4/CoverData/F_k10_c082.lean:64:100: This line exceeds the 100 character limit, please shorten it!

Note: This linter can be disabled with `set_option linter.style.longLine false`
warning: RootedM4/CoverData/F_k10_c082.lean:65:100: This line exceeds the 100 character limit, please shorten it!

Note: This linter can be disabled with `set_option linter.style.longLine false`
warning: RootedM4/CoverData/F_k10_c082.lean:66:100: This line exceeds the 100 character limit, please shorten it!

Note: This linter can be disabled with `set_option linter.style.longLine false`
warning: RootedM4/CoverData/F_k10_c082.lean:67:100: This line exceeds the 100 character limit, please shorten it!

Note: This linter can be disabled with `set_option linter.style.longLine false`
warning: RootedM4/CoverData/F_k10_c082.lean:68:100: This line exceeds the 100 character limit, please shorten it!

Note: This linter can be disabled with `set_option linter.style.longLine false`
warning: RootedM4/CoverData/F_k10_c082.lean:69:100: This line exceeds the 100 character limit, please shorten it!

Note: This linter can be disabled with `set_option linter.style.longLine false`
warning: RootedM4/CoverData/F_k10_c082.lean:70:100: This line exceeds the 100 character limit, please shorten it!

Note: This linter can be disabled with `set_option linter.style.longLine false`
warning: RootedM4/CoverData/F_k10_c082.lean:71:100: This line exceeds the 100 character limit, please shorten it!

Note: This linter can be disabled with `set_option linter.style.longLine false`
warning: RootedM4/CoverData/F_k10_c082.lean:72:100: This line exceeds the 100 character limit, please shorten it!

Note: This linter can be disabled with `set_option linter.style.longLine false`
warning: RootedM4/CoverData/F_k10_c082.lean:73:100: This line exceeds the 100 character limit, please shorten it!

Note: This linter can be disabled with `set_option linter.style.longLine false`
warning: RootedM4/CoverData/F_k10_c082.lean:74:100: This line exceeds the 100 character limit, please shorten it!

Note: This linter can be disabled with `set_option linter.style.longLine false`
warning: RootedM4/CoverData/F_k10_c082.lean:75:100: This line exceeds the 100 character limit, please shorten it!

Note: This linter can be disabled with `set_option linter.style.longLine false`
warning: RootedM4/CoverData/F_k10_c082.lean:76:100: This line exceeds the 100 character limit, please shorten it!

Note: This linter can be disabled with `set_option linter.style.longLine false`
warning: RootedM4/CoverData/F_k10_c082.lean:77:100: This line exceeds the 100 character limit, please shorten it!

Note: This linter can be disabled with `set_option linter.style.longLine false`
warning: RootedM4/CoverData/F_k10_c082.lean:78:100: This line exceeds the 100 character limit, please shorten it!

Note: This linter can be disabled with `set_option linter.style.longLine false`
warning: RootedM4/CoverData/F_k10_c082.lean:79:100: This line exceeds the 100 character limit, please shorten it!

Note: This linter can be disabled with `set_option linter.style.longLine false`
warning: RootedM4/CoverData/F_k10_c082.lean:80:100: This line exceeds the 100 character limit, please shorten it!

Note: This linter can be disabled with `set_option linter.style.longLine false`
warning: RootedM4/CoverData/F_k10_c082.lean:81:100: This line exceeds the 100 character limit, please shorten it!

Note: This linter can be disabled with `set_option linter.style.longLine false`
warning: RootedM4/CoverData/F_k10_c082.lean:82:100: This line exceeds the 100 character limit, please shorten it!

Note: This linter can be disabled with `set_option linter.style.longLine false`
warning: RootedM4/CoverData/F_k10_c082.lean:83:100: This line exceeds the 100 character limit, please shorten it!

Note: This linter can be disabled with `set_option linter.style.longLine false`
warning: RootedM4/CoverData/F_k10_c082.lean:84:100: This line exceeds the 100 character limit, please shorten it!

Note: This linter can be disabled with `set_option linter.style.longLine false`
warning: RootedM4/CoverData/F_k10_c082.lean:85:100: This line exceeds the 100 character limit, please shorten it!

Note: This linter can be disabled with `set_option linter.style.longLine false`
warning: RootedM4/CoverData/F_k10_c082.lean:89:100: This line exceeds the 100 character limit, please shorten it!

Note: This linter can be disabled with `set_option linter.style.longLine false`
warning: RootedM4/CoverData/F_k10_c082.lean:1:100: This line exceeds the 100 character limit, please shorten it!

Note: This linter can be disabled with `set_option linter.style.longLine false`
⚠ [8513/8569] Replayed RootedM4.CoverData.F_k10_c091
warning: RootedM4/CoverData/F_k10_c091.lean:7:100: This line exceeds the 100 character limit, please shorten it!

Note: This linter can be disabled with `set_option linter.style.longLine false`
warning: RootedM4/CoverData/F_k10_c091.lean:8:100: This line exceeds the 100 character limit, please shorten it!

Note: This linter can be disabled with `set_option linter.style.longLine false`
warning: RootedM4/CoverData/F_k10_c091.lean:9:100: This line exceeds the 100 character limit, please shorten it!

Note: This linter can be disabled with `set_option linter.style.longLine false`
warning: RootedM4/CoverData/F_k10_c091.lean:10:100: This line exceeds the 100 character limit, please shorten it!

Note: This linter can be disabled with `set_option linter.style.longLine false`
warning: RootedM4/CoverData/F_k10_c091.lean:11:100: This line exceeds the 100 character limit, please shorten it!

Note: This linter can be disabled with `set_option linter.style.longLine false`
warning: RootedM4/CoverData/F_k10_c091.lean:12:100: This line exceeds the 100 character limit, please shorten it!

Note: This linter can be disabled with `set_option linter.style.longLine false`
warning: RootedM4/CoverData/F_k10_c091.lean:13:100: This line exceeds the 100 character limit, please shorten it!

Note: This linter can be disabled with `set_option linter.style.longLine false`
warning: RootedM4/CoverData/F_k10_c091.lean:14:100: This line exceeds the 100 character limit, please shorten it!

Note: This linter can be disabled with `set_option linter.style.longLine false`
warning: RootedM4/CoverData/F_k10_c091.lean:15:100: This line exceeds the 100 character limit, please shorten it!

Note: This linter can be disabled with `set_option linter.style.longLine false`
warning: RootedM4/CoverData/F_k10_c091.lean:16:100: This line exceeds the 100 character limit, please shorten it!

Note: This linter can be disabled with `set_option linter.style.longLine false`
warning: RootedM4/CoverData/F_k10_c091.lean:17:100: This line exceeds the 100 character limit, please shorten it!

Note: This linter can be disabled with `set_option linter.style.longLine false`
warning: RootedM4/CoverData/F_k10_c091.lean:18:100: This line exceeds the 100 character limit, please shorten it!

Note: This linter can be disabled with `set_option linter.style.longLine false`
warning: RootedM4/CoverData/F_k10_c091.lean:19:100: This line exceeds the 100 character limit, please shorten it!

Note: This linter can be disabled with `set_option linter.style.longLine false`
warning: RootedM4/CoverData/F_k10_c091.lean:20:100: This line exceeds the 100 character limit, please shorten it!

Note: This linter can be disabled with `set_option linter.style.longLine false`
warning: RootedM4/CoverData/F_k10_c091.lean:21:100: This line exceeds the 100 character limit, please shorten it!

Note: This linter can be disabled with `set_option linter.style.longLine false`
warning: RootedM4/CoverData/F_k10_c091.lean:22:100: This line exceeds the 100 character limit, please shorten it!

Note: This linter can be disabled with `set_option linter.style.longLine false`
warning: RootedM4/CoverData/F_k10_c091.lean:23:100: This line exceeds the 100 character limit, please shorten it!

Note: This linter can be disabled with `set_option linter.style.longLine false`
warning: RootedM4/CoverData/F_k10_c091.lean:24:100: This line exceeds the 100 character limit, please shorten it!

Note: This linter can be disabled with `set_option linter.style.longLine false`
warning: RootedM4/CoverData/F_k10_c091.lean:25:100: This line exceeds the 100 character limit, please shorten it!

Note: This linter can be disabled with `set_option linter.style.longLine false`
warning: RootedM4/CoverData/F_k10_c091.lean:26:100: This line exceeds the 100 character limit, please shorten it!

Note: This linter can be disabled with `set_option linter.style.longLine false`
warning: RootedM4/CoverData/F_k10_c091.lean:30:100: This line exceeds the 100 character limit, please shorten it!

Note: This linter can be disabled with `set_option linter.style.longLine false`
warning: RootedM4/CoverData/F_k10_c091.lean:1:100: This line exceeds the 100 character limit, please shorten it!

Note: This linter can be disabled with `set_option linter.style.longLine false`
⚠ [8514/8569] Replayed RootedM4.CoverData.F_k8_c008
warning: RootedM4/CoverData/F_k8_c008.lean:7:100: This line exceeds the 100 character limit, please shorten it!

Note: This linter can be disabled with `set_option linter.style.longLine false`
warning: RootedM4/CoverData/F_k8_c008.lean:8:100: This line exceeds the 100 character limit, please shorten it!

Note: This linter can be disabled with `set_option linter.style.longLine false`
warning: RootedM4/CoverData/F_k8_c008.lean:1:100: This line exceeds the 100 character limit, please shorten it!

Note: This linter can be disabled with `set_option linter.style.longLine false`
⚠ [8515/8569] Replayed RootedM4.CoverData.F_k8_c017
warning: RootedM4/CoverData/F_k8_c017.lean:7:100: This line exceeds the 100 character limit, please shorten it!

Note: This linter can be disabled with `set_option linter.style.longLine false`
warning: RootedM4/CoverData/F_k8_c017.lean:8:100: This line exceeds the 100 character limit, please shorten it!

Note: This linter can be disabled with `set_option linter.style.longLine false`
warning: RootedM4/CoverData/F_k8_c017.lean:1:100: This line exceeds the 100 character limit, please shorten it!

Note: This linter can be disabled with `set_option linter.style.longLine false`
⚠ [8516/8569] Replayed RootedM4.CoverData.F_k8_c026
warning: RootedM4/CoverData/F_k8_c026.lean:7:100: This line exceeds the 100 character limit, please shorten it!

Note: This linter can be disabled with `set_option linter.style.longLine false`
warning: RootedM4/CoverData/F_k8_c026.lean:8:100: This line exceeds the 100 character limit, please shorten it!

Note: This linter can be disabled with `set_option linter.style.longLine false`
warning: RootedM4/CoverData/F_k8_c026.lean:9:100: This line exceeds the 100 character limit, please shorten it!

Note: This linter can be disabled with `set_option linter.style.longLine false`
warning: RootedM4/CoverData/F_k8_c026.lean:1:100: This line exceeds the 100 character limit, please shorten it!

Note: This linter can be disabled with `set_option linter.style.longLine false`
⚠ [8517/8569] Replayed RootedM4.CoverData.F_k8_c035
warning: RootedM4/CoverData/F_k8_c035.lean:7:100: This line exceeds the 100 character limit, please shorten it!

Note: This linter can be disabled with `set_option linter.style.longLine false`
warning: RootedM4/CoverData/F_k8_c035.lean:8:100: This line exceeds the 100 character limit, please shorten it!

Note: This linter can be disabled with `set_option linter.style.longLine false`
warning: RootedM4/CoverData/F_k8_c035.lean:9:100: This line exceeds the 100 character limit, please shorten it!

Note: This linter can be disabled with `set_option linter.style.longLine false`
warning: RootedM4/CoverData/F_k8_c035.lean:1:100: This line exceeds the 100 character limit, please shorten it!

Note: This linter can be disabled with `set_option linter.style.longLine false`
⚠ [8518/8569] Replayed RootedM4.CoverData.F_k8_c044
warning: RootedM4/CoverData/F_k8_c044.lean:7:100: This line exceeds the 100 character limit, please shorten it!

Note: This linter can be disabled with `set_option linter.style.longLine false`
warning: RootedM4/CoverData/F_k8_c044.lean:8:100: This line exceeds the 100 character limit, please shorten it!

Note: This linter can be disabled with `set_option linter.style.longLine false`
warning: RootedM4/CoverData/F_k8_c044.lean:9:100: This line exceeds the 100 character limit, please shorten it!

Note: This linter can be disabled with `set_option linter.style.longLine false`
warning: RootedM4/CoverData/F_k8_c044.lean:10:100: This line exceeds the 100 character limit, please shorten it!

Note: This linter can be disabled with `set_option linter.style.longLine false`
warning: RootedM4/CoverData/F_k8_c044.lean:1:100: This line exceeds the 100 character limit, please shorten it!

Note: This linter can be disabled with `set_option linter.style.longLine false`
⚠ [8519/8569] Replayed RootedM4.CoverData.F_k8_c053
warning: RootedM4/CoverData/F_k8_c053.lean:7:100: This line exceeds the 100 character limit, please shorten it!

Note: This linter can be disabled with `set_option linter.style.longLine false`
warning: RootedM4/CoverData/F_k8_c053.lean:8:100: This line exceeds the 100 character limit, please shorten it!

Note: This linter can be disabled with `set_option linter.style.longLine false`
warning: RootedM4/CoverData/F_k8_c053.lean:1:100: This line exceeds the 100 character limit, please shorten it!

Note: This linter can be disabled with `set_option linter.style.longLine false`
⚠ [8520/8569] Replayed RootedM4.CoverData.F_k8_c062
warning: RootedM4/CoverData/F_k8_c062.lean:7:100: This line exceeds the 100 character limit, please shorten it!

Note: This linter can be disabled with `set_option linter.style.longLine false`
warning: RootedM4/CoverData/F_k8_c062.lean:8:100: This line exceeds the 100 character limit, please shorten it!

Note: This linter can be disabled with `set_option linter.style.longLine false`
warning: RootedM4/CoverData/F_k8_c062.lean:1:100: This line exceeds the 100 character limit, please shorten it!

Note: This linter can be disabled with `set_option linter.style.longLine false`
⚠ [8521/8569] Replayed RootedM4.CoverData.F_k8_c071
warning: RootedM4/CoverData/F_k8_c071.lean:7:100: This line exceeds the 100 character limit, please shorten it!

Note: This linter can be disabled with `set_option linter.style.longLine false`
warning: RootedM4/CoverData/F_k8_c071.lean:8:100: This line exceeds the 100 character limit, please shorten it!

Note: This linter can be disabled with `set_option linter.style.longLine false`
warning: RootedM4/CoverData/F_k8_c071.lean:1:100: This line exceeds the 100 character limit, please shorten it!

Note: This linter can be disabled with `set_option linter.style.longLine false`
⚠ [8522/8569] Replayed RootedM4.CoverData.F_k8_c080
warning: RootedM4/CoverData/F_k8_c080.lean:7:100: This line exceeds the 100 character limit, please shorten it!

Note: This linter can be disabled with `set_option linter.style.longLine false`
warning: RootedM4/CoverData/F_k8_c080.lean:8:100: This line exceeds the 100 character limit, please shorten it!

Note: This linter can be disabled with `set_option linter.style.longLine false`
warning: RootedM4/CoverData/F_k8_c080.lean:1:100: This line exceeds the 100 character limit, please shorten it!

Note: This linter can be disabled with `set_option linter.style.longLine false`
⚠ [8523/8569] Replayed RootedM4.CoverData.F_k8_c107
warning: RootedM4/CoverData/F_k8_c107.lean:7:100: This line exceeds the 100 character limit, please shorten it!

Note: This linter can be disabled with `set_option linter.style.longLine false`
warning: RootedM4/CoverData/F_k8_c107.lean:8:100: This line exceeds the 100 character limit, please shorten it!

Note: This linter can be disabled with `set_option linter.style.longLine false`
warning: RootedM4/CoverData/F_k8_c107.lean:1:100: This line exceeds the 100 character limit, please shorten it!

Note: This linter can be disabled with `set_option linter.style.longLine false`
⚠ [8524/8569] Replayed RootedM4.CoverData.F_k8_c116
warning: RootedM4/CoverData/F_k8_c116.lean:7:100: This line exceeds the 100 character limit, please shorten it!

Note: This linter can be disabled with `set_option linter.style.longLine false`
warning: RootedM4/CoverData/F_k8_c116.lean:8:100: This line exceeds the 100 character limit, please shorten it!

Note: This linter can be disabled with `set_option linter.style.longLine false`
warning: RootedM4/CoverData/F_k8_c116.lean:1:100: This line exceeds the 100 character limit, please shorten it!

Note: This linter can be disabled with `set_option linter.style.longLine false`
⚠ [8525/8569] Replayed RootedM4.CoverData.F_k8_c125
warning: RootedM4/CoverData/F_k8_c125.lean:7:100: This line exceeds the 100 character limit, please shorten it!

Note: This linter can be disabled with `set_option linter.style.longLine false`
warning: RootedM4/CoverData/F_k8_c125.lean:8:100: This line exceeds the 100 character limit, please shorten it!

Note: This linter can be disabled with `set_option linter.style.longLine false`
warning: RootedM4/CoverData/F_k8_c125.lean:9:100: This line exceeds the 100 character limit, please shorten it!

Note: This linter can be disabled with `set_option linter.style.longLine false`
warning: RootedM4/CoverData/F_k8_c125.lean:10:100: This line exceeds the 100 character limit, please shorten it!

Note: This linter can be disabled with `set_option linter.style.longLine false`
warning: RootedM4/CoverData/F_k8_c125.lean:1:100: This line exceeds the 100 character limit, please shorten it!

Note: This linter can be disabled with `set_option linter.style.longLine false`
⚠ [8526/8569] Replayed RootedM4.CoverData.F_k8_c134
warning: RootedM4/CoverData/F_k8_c134.lean:7:100: This line exceeds the 100 character limit, please shorten it!

Note: This linter can be disabled with `set_option linter.style.longLine false`
warning: RootedM4/CoverData/F_k8_c134.lean:8:100: This line exceeds the 100 character limit, please shorten it!

Note: This linter can be disabled with `set_option linter.style.longLine false`
warning: RootedM4/CoverData/F_k8_c134.lean:9:100: This line exceeds the 100 character limit, please shorten it!

Note: This linter can be disabled with `set_option linter.style.longLine false`
warning: RootedM4/CoverData/F_k8_c134.lean:1:100: This line exceeds the 100 character limit, please shorten it!

Note: This linter can be disabled with `set_option linter.style.longLine false`
⚠ [8527/8569] Replayed RootedM4.CoverData.F_k8_c143
warning: RootedM4/CoverData/F_k8_c143.lean:7:100: This line exceeds the 100 character limit, please shorten it!

Note: This linter can be disabled with `set_option linter.style.longLine false`
warning: RootedM4/CoverData/F_k8_c143.lean:8:100: This line exceeds the 100 character limit, please shorten it!

Note: This linter can be disabled with `set_option linter.style.longLine false`
warning: RootedM4/CoverData/F_k8_c143.lean:9:100: This line exceeds the 100 character limit, please shorten it!

Note: This linter can be disabled with `set_option linter.style.longLine false`
warning: RootedM4/CoverData/F_k8_c143.lean:10:100: This line exceeds the 100 character limit, please shorten it!

Note: This linter can be disabled with `set_option linter.style.longLine false`
warning: RootedM4/CoverData/F_k8_c143.lean:1:100: This line exceeds the 100 character limit, please shorten it!

Note: This linter can be disabled with `set_option linter.style.longLine false`
⚠ [8528/8569] Replayed RootedM4.CoverData.F_k8_c152
warning: RootedM4/CoverData/F_k8_c152.lean:7:100: This line exceeds the 100 character limit, please shorten it!

Note: This linter can be disabled with `set_option linter.style.longLine false`
warning: RootedM4/CoverData/F_k8_c152.lean:8:100: This line exceeds the 100 character limit, please shorten it!

Note: This linter can be disabled with `set_option linter.style.longLine false`
warning: RootedM4/CoverData/F_k8_c152.lean:1:100: This line exceeds the 100 character limit, please shorten it!

Note: This linter can be disabled with `set_option linter.style.longLine false`
⚠ [8529/8569] Replayed RootedM4.CoverData.F_k8_c161
warning: RootedM4/CoverData/F_k8_c161.lean:7:100: This line exceeds the 100 character limit, please shorten it!

Note: This linter can be disabled with `set_option linter.style.longLine false`
warning: RootedM4/CoverData/F_k8_c161.lean:8:100: This line exceeds the 100 character limit, please shorten it!

Note: This linter can be disabled with `set_option linter.style.longLine false`
warning: RootedM4/CoverData/F_k8_c161.lean:1:100: This line exceeds the 100 character limit, please shorten it!

Note: This linter can be disabled with `set_option linter.style.longLine false`
⚠ [8530/8569] Replayed RootedM4.CoverData.F_k8_c170
warning: RootedM4/CoverData/F_k8_c170.lean:7:100: This line exceeds the 100 character limit, please shorten it!

Note: This linter can be disabled with `set_option linter.style.longLine false`
warning: RootedM4/CoverData/F_k8_c170.lean:8:100: This line exceeds the 100 character limit, please shorten it!

Note: This linter can be disabled with `set_option linter.style.longLine false`
warning: RootedM4/CoverData/F_k8_c170.lean:1:100: This line exceeds the 100 character limit, please shorten it!

Note: This linter can be disabled with `set_option linter.style.longLine false`
⚠ [8531/8569] Replayed RootedM4.CoverData.F_k8_c206
warning: RootedM4/CoverData/F_k8_c206.lean:7:100: This line exceeds the 100 character limit, please shorten it!

Note: This linter can be disabled with `set_option linter.style.longLine false`
warning: RootedM4/CoverData/F_k8_c206.lean:8:100: This line exceeds the 100 character limit, please shorten it!

Note: This linter can be disabled with `set_option linter.style.longLine false`
warning: RootedM4/CoverData/F_k8_c206.lean:1:100: This line exceeds the 100 character limit, please shorten it!

Note: This linter can be disabled with `set_option linter.style.longLine false`
⚠ [8532/8569] Replayed RootedM4.CoverData.F_k8_c215
warning: RootedM4/CoverData/F_k8_c215.lean:7:100: This line exceeds the 100 character limit, please shorten it!

Note: This linter can be disabled with `set_option linter.style.longLine false`
warning: RootedM4/CoverData/F_k8_c215.lean:8:100: This line exceeds the 100 character limit, please shorten it!

Note: This linter can be disabled with `set_option linter.style.longLine false`
warning: RootedM4/CoverData/F_k8_c215.lean:1:100: This line exceeds the 100 character limit, please shorten it!

Note: This linter can be disabled with `set_option linter.style.longLine false`
⚠ [8533/8569] Replayed RootedM4.CoverData.F_k8_c224
warning: RootedM4/CoverData/F_k8_c224.lean:7:100: This line exceeds the 100 character limit, please shorten it!

Note: This linter can be disabled with `set_option linter.style.longLine false`
warning: RootedM4/CoverData/F_k8_c224.lean:8:100: This line exceeds the 100 character limit, please shorten it!

Note: This linter can be disabled with `set_option linter.style.longLine false`
warning: RootedM4/CoverData/F_k8_c224.lean:9:100: This line exceeds the 100 character limit, please shorten it!

Note: This linter can be disabled with `set_option linter.style.longLine false`
warning: RootedM4/CoverData/F_k8_c224.lean:10:100: This line exceeds the 100 character limit, please shorten it!

Note: This linter can be disabled with `set_option linter.style.longLine false`
warning: RootedM4/CoverData/F_k8_c224.lean:1:100: This line exceeds the 100 character limit, please shorten it!

Note: This linter can be disabled with `set_option linter.style.longLine false`
⚠ [8534/8569] Replayed RootedM4.CoverData.F_k8_c233
warning: RootedM4/CoverData/F_k8_c233.lean:7:100: This line exceeds the 100 character limit, please shorten it!

Note: This linter can be disabled with `set_option linter.style.longLine false`
warning: RootedM4/CoverData/F_k8_c233.lean:8:100: This line exceeds the 100 character limit, please shorten it!

Note: This linter can be disabled with `set_option linter.style.longLine false`
warning: RootedM4/CoverData/F_k8_c233.lean:9:100: This line exceeds the 100 character limit, please shorten it!

Note: This linter can be disabled with `set_option linter.style.longLine false`
warning: RootedM4/CoverData/F_k8_c233.lean:1:100: This line exceeds the 100 character limit, please shorten it!

Note: This linter can be disabled with `set_option linter.style.longLine false`
⚠ [8535/8569] Replayed RootedM4.CoverData.F_k8_c242
warning: RootedM4/CoverData/F_k8_c242.lean:7:100: This line exceeds the 100 character limit, please shorten it!

Note: This linter can be disabled with `set_option linter.style.longLine false`
warning: RootedM4/CoverData/F_k8_c242.lean:8:100: This line exceeds the 100 character limit, please shorten it!

Note: This linter can be disabled with `set_option linter.style.longLine false`
warning: RootedM4/CoverData/F_k8_c242.lean:9:100: This line exceeds the 100 character limit, please shorten it!

Note: This linter can be disabled with `set_option linter.style.longLine false`
warning: RootedM4/CoverData/F_k8_c242.lean:1:100: This line exceeds the 100 character limit, please shorten it!

Note: This linter can be disabled with `set_option linter.style.longLine false`
⚠ [8536/8569] Replayed RootedM4.CoverData.F_k8_c251
warning: RootedM4/CoverData/F_k8_c251.lean:7:100: This line exceeds the 100 character limit, please shorten it!

Note: This linter can be disabled with `set_option linter.style.longLine false`
warning: RootedM4/CoverData/F_k8_c251.lean:8:100: This line exceeds the 100 character limit, please shorten it!

Note: This linter can be disabled with `set_option linter.style.longLine false`
warning: RootedM4/CoverData/F_k8_c251.lean:1:100: This line exceeds the 100 character limit, please shorten it!

Note: This linter can be disabled with `set_option linter.style.longLine false`
⚠ [8537/8569] Replayed RootedM4.CoverData.F_k8_c260
warning: RootedM4/CoverData/F_k8_c260.lean:7:100: This line exceeds the 100 character limit, please shorten it!

Note: This linter can be disabled with `set_option linter.style.longLine false`
warning: RootedM4/CoverData/F_k8_c260.lean:8:100: This line exceeds the 100 character limit, please shorten it!

Note: This linter can be disabled with `set_option linter.style.longLine false`
warning: RootedM4/CoverData/F_k8_c260.lean:1:100: This line exceeds the 100 character limit, please shorten it!

Note: This linter can be disabled with `set_option linter.style.longLine false`
⚠ [8538/8569] Replayed RootedM4.CoverData.F_k8_c305
warning: RootedM4/CoverData/F_k8_c305.lean:7:100: This line exceeds the 100 character limit, please shorten it!

Note: This linter can be disabled with `set_option linter.style.longLine false`
warning: RootedM4/CoverData/F_k8_c305.lean:8:100: This line exceeds the 100 character limit, please shorten it!

Note: This linter can be disabled with `set_option linter.style.longLine false`
warning: RootedM4/CoverData/F_k8_c305.lean:1:100: This line exceeds the 100 character limit, please shorten it!

Note: This linter can be disabled with `set_option linter.style.longLine false`
⚠ [8539/8569] Replayed RootedM4.CoverData.F_k8_c314
warning: RootedM4/CoverData/F_k8_c314.lean:7:100: This line exceeds the 100 character limit, please shorten it!

Note: This linter can be disabled with `set_option linter.style.longLine false`
warning: RootedM4/CoverData/F_k8_c314.lean:8:100: This line exceeds the 100 character limit, please shorten it!

Note: This linter can be disabled with `set_option linter.style.longLine false`
warning: RootedM4/CoverData/F_k8_c314.lean:1:100: This line exceeds the 100 character limit, please shorten it!

Note: This linter can be disabled with `set_option linter.style.longLine false`
⚠ [8540/8569] Replayed RootedM4.CoverData.F_k8_c323
warning: RootedM4/CoverData/F_k8_c323.lean:7:100: This line exceeds the 100 character limit, please shorten it!

Note: This linter can be disabled with `set_option linter.style.longLine false`
warning: RootedM4/CoverData/F_k8_c323.lean:8:100: This line exceeds the 100 character limit, please shorten it!

Note: This linter can be disabled with `set_option linter.style.longLine false`
warning: RootedM4/CoverData/F_k8_c323.lean:9:100: This line exceeds the 100 character limit, please shorten it!

Note: This linter can be disabled with `set_option linter.style.longLine false`
warning: RootedM4/CoverData/F_k8_c323.lean:1:100: This line exceeds the 100 character limit, please shorten it!

Note: This linter can be disabled with `set_option linter.style.longLine false`
⚠ [8541/8569] Replayed RootedM4.CoverData.F_k8_c332
warning: RootedM4/CoverData/F_k8_c332.lean:7:100: This line exceeds the 100 character limit, please shorten it!

Note: This linter can be disabled with `set_option linter.style.longLine false`
warning: RootedM4/CoverData/F_k8_c332.lean:8:100: This line exceeds the 100 character limit, please shorten it!

Note: This linter can be disabled with `set_option linter.style.longLine false`
warning: RootedM4/CoverData/F_k8_c332.lean:1:100: This line exceeds the 100 character limit, please shorten it!

Note: This linter can be disabled with `set_option linter.style.longLine false`
⚠ [8542/8569] Replayed RootedM4.CoverData.F_k8_c341
warning: RootedM4/CoverData/F_k8_c341.lean:7:100: This line exceeds the 100 character limit, please shorten it!

Note: This linter can be disabled with `set_option linter.style.longLine false`
warning: RootedM4/CoverData/F_k8_c341.lean:8:100: This line exceeds the 100 character limit, please shorten it!

Note: This linter can be disabled with `set_option linter.style.longLine false`
warning: RootedM4/CoverData/F_k8_c341.lean:1:100: This line exceeds the 100 character limit, please shorten it!

Note: This linter can be disabled with `set_option linter.style.longLine false`
⚠ [8543/8569] Replayed RootedM4.CoverData.F_k8_c350
warning: RootedM4/CoverData/F_k8_c350.lean:7:100: This line exceeds the 100 character limit, please shorten it!

Note: This linter can be disabled with `set_option linter.style.longLine false`
warning: RootedM4/CoverData/F_k8_c350.lean:8:100: This line exceeds the 100 character limit, please shorten it!

Note: This linter can be disabled with `set_option linter.style.longLine false`
warning: RootedM4/CoverData/F_k8_c350.lean:1:100: This line exceeds the 100 character limit, please shorten it!

Note: This linter can be disabled with `set_option linter.style.longLine false`
⚠ [8544/8569] Replayed RootedM4.CoverData.F_k8_c404
warning: RootedM4/CoverData/F_k8_c404.lean:7:100: This line exceeds the 100 character limit, please shorten it!

Note: This linter can be disabled with `set_option linter.style.longLine false`
warning: RootedM4/CoverData/F_k8_c404.lean:8:100: This line exceeds the 100 character limit, please shorten it!

Note: This linter can be disabled with `set_option linter.style.longLine false`
warning: RootedM4/CoverData/F_k8_c404.lean:1:100: This line exceeds the 100 character limit, please shorten it!

Note: This linter can be disabled with `set_option linter.style.longLine false`
⚠ [8545/8569] Replayed RootedM4.CoverData.F_k8_c413
warning: RootedM4/CoverData/F_k8_c413.lean:7:100: This line exceeds the 100 character limit, please shorten it!

Note: This linter can be disabled with `set_option linter.style.longLine false`
warning: RootedM4/CoverData/F_k8_c413.lean:8:100: This line exceeds the 100 character limit, please shorten it!

Note: This linter can be disabled with `set_option linter.style.longLine false`
warning: RootedM4/CoverData/F_k8_c413.lean:1:100: This line exceeds the 100 character limit, please shorten it!

Note: This linter can be disabled with `set_option linter.style.longLine false`
⚠ [8546/8569] Replayed RootedM4.CoverData.F_k8_c422
warning: RootedM4/CoverData/F_k8_c422.lean:7:100: This line exceeds the 100 character limit, please shorten it!

Note: This linter can be disabled with `set_option linter.style.longLine false`
warning: RootedM4/CoverData/F_k8_c422.lean:8:100: This line exceeds the 100 character limit, please shorten it!

Note: This linter can be disabled with `set_option linter.style.longLine false`
warning: RootedM4/CoverData/F_k8_c422.lean:1:100: This line exceeds the 100 character limit, please shorten it!

Note: This linter can be disabled with `set_option linter.style.longLine false`
⚠ [8547/8569] Replayed RootedM4.CoverData.F_k8_c431
warning: RootedM4/CoverData/F_k8_c431.lean:7:100: This line exceeds the 100 character limit, please shorten it!

Note: This linter can be disabled with `set_option linter.style.longLine false`
warning: RootedM4/CoverData/F_k8_c431.lean:8:100: This line exceeds the 100 character limit, please shorten it!

Note: This linter can be disabled with `set_option linter.style.longLine false`
warning: RootedM4/CoverData/F_k8_c431.lean:1:100: This line exceeds the 100 character limit, please shorten it!

Note: This linter can be disabled with `set_option linter.style.longLine false`
⚠ [8548/8569] Replayed RootedM4.CoverData.F_k8_c440
warning: RootedM4/CoverData/F_k8_c440.lean:7:100: This line exceeds the 100 character limit, please shorten it!

Note: This linter can be disabled with `set_option linter.style.longLine false`
warning: RootedM4/CoverData/F_k8_c440.lean:8:100: This line exceeds the 100 character limit, please shorten it!

Note: This linter can be disabled with `set_option linter.style.longLine false`
warning: RootedM4/CoverData/F_k8_c440.lean:1:100: This line exceeds the 100 character limit, please shorten it!

Note: This linter can be disabled with `set_option linter.style.longLine false`
⚠ [8549/8569] Replayed RootedM4.CoverData.F_k8_c503
warning: RootedM4/CoverData/F_k8_c503.lean:7:100: This line exceeds the 100 character limit, please shorten it!

Note: This linter can be disabled with `set_option linter.style.longLine false`
warning: RootedM4/CoverData/F_k8_c503.lean:8:100: This line exceeds the 100 character limit, please shorten it!

Note: This linter can be disabled with `set_option linter.style.longLine false`
warning: RootedM4/CoverData/F_k8_c503.lean:1:100: This line exceeds the 100 character limit, please shorten it!

Note: This linter can be disabled with `set_option linter.style.longLine false`
⚠ [8550/8569] Replayed RootedM4.CoverData.F_k8_c512
warning: RootedM4/CoverData/F_k8_c512.lean:7:100: This line exceeds the 100 character limit, please shorten it!

Note: This linter can be disabled with `set_option linter.style.longLine false`
warning: RootedM4/CoverData/F_k8_c512.lean:8:100: This line exceeds the 100 character limit, please shorten it!

Note: This linter can be disabled with `set_option linter.style.longLine false`
warning: RootedM4/CoverData/F_k8_c512.lean:1:100: This line exceeds the 100 character limit, please shorten it!

Note: This linter can be disabled with `set_option linter.style.longLine false`
⚠ [8551/8569] Replayed RootedM4.CoverData.F_k8_c521
warning: RootedM4/CoverData/F_k8_c521.lean:7:100: This line exceeds the 100 character limit, please shorten it!

Note: This linter can be disabled with `set_option linter.style.longLine false`
warning: RootedM4/CoverData/F_k8_c521.lean:8:100: This line exceeds the 100 character limit, please shorten it!

Note: This linter can be disabled with `set_option linter.style.longLine false`
warning: RootedM4/CoverData/F_k8_c521.lean:1:100: This line exceeds the 100 character limit, please shorten it!

Note: This linter can be disabled with `set_option linter.style.longLine false`
⚠ [8552/8569] Replayed RootedM4.CoverData.F_k8_c530
warning: RootedM4/CoverData/F_k8_c530.lean:7:100: This line exceeds the 100 character limit, please shorten it!

Note: This linter can be disabled with `set_option linter.style.longLine false`
warning: RootedM4/CoverData/F_k8_c530.lean:8:100: This line exceeds the 100 character limit, please shorten it!

Note: This linter can be disabled with `set_option linter.style.longLine false`
warning: RootedM4/CoverData/F_k8_c530.lean:1:100: This line exceeds the 100 character limit, please shorten it!

Note: This linter can be disabled with `set_option linter.style.longLine false`
⚠ [8553/8569] Replayed RootedM4.CoverData.F_k8_c602
warning: RootedM4/CoverData/F_k8_c602.lean:7:100: This line exceeds the 100 character limit, please shorten it!

Note: This linter can be disabled with `set_option linter.style.longLine false`
warning: RootedM4/CoverData/F_k8_c602.lean:8:100: This line exceeds the 100 character limit, please shorten it!

Note: This linter can be disabled with `set_option linter.style.longLine false`
warning: RootedM4/CoverData/F_k8_c602.lean:1:100: This line exceeds the 100 character limit, please shorten it!

Note: This linter can be disabled with `set_option linter.style.longLine false`
⚠ [8554/8569] Replayed RootedM4.CoverData.F_k8_c611
warning: RootedM4/CoverData/F_k8_c611.lean:7:100: This line exceeds the 100 character limit, please shorten it!

Note: This linter can be disabled with `set_option linter.style.longLine false`
warning: RootedM4/CoverData/F_k8_c611.lean:8:100: This line exceeds the 100 character limit, please shorten it!

Note: This linter can be disabled with `set_option linter.style.longLine false`
warning: RootedM4/CoverData/F_k8_c611.lean:1:100: This line exceeds the 100 character limit, please shorten it!

Note: This linter can be disabled with `set_option linter.style.longLine false`
⚠ [8555/8569] Replayed RootedM4.CoverData.F_k8_c620
warning: RootedM4/CoverData/F_k8_c620.lean:7:100: This line exceeds the 100 character limit, please shorten it!

Note: This linter can be disabled with `set_option linter.style.longLine false`
warning: RootedM4/CoverData/F_k8_c620.lean:8:100: This line exceeds the 100 character limit, please shorten it!

Note: This linter can be disabled with `set_option linter.style.longLine false`
warning: RootedM4/CoverData/F_k8_c620.lean:1:100: This line exceeds the 100 character limit, please shorten it!

Note: This linter can be disabled with `set_option linter.style.longLine false`
⚠ [8556/8569] Replayed RootedM4.CoverData.F_k9_c090
warning: RootedM4/CoverData/F_k9_c090.lean:7:100: This line exceeds the 100 character limit, please shorten it!

Note: This linter can be disabled with `set_option linter.style.longLine false`
warning: RootedM4/CoverData/F_k9_c090.lean:8:100: This line exceeds the 100 character limit, please shorten it!

Note: This linter can be disabled with `set_option linter.style.longLine false`
warning: RootedM4/CoverData/F_k9_c090.lean:1:100: This line exceeds the 100 character limit, please shorten it!

Note: This linter can be disabled with `set_option linter.style.longLine false`
⚠ [8557/8569] Replayed RootedM4.CoverData.All
warning: RootedM4/CoverData/All.lean:59:100: This line exceeds the 100 character limit, please shorten it!

Note: This linter can be disabled with `set_option linter.style.longLine false`
warning: RootedM4/CoverData/All.lean:62:100: This line exceeds the 100 character limit, please shorten it!

Note: This linter can be disabled with `set_option linter.style.longLine false`
ℹ [8559/8569] Replayed Sbsound.SBEncode
info: Sbsound/SBEncode.lean:308:0: 'SB.satBase_iff_good'' depends on axioms: [propext, Classical.choice, Quot.sound]
info: Sbsound/SBEncode.lean:309:0: 'SB.good_of_good'' depends on axioms: [propext, Quot.sound]
info: Sbsound/SBEncode.lean:310:0: 'SB.good'_closed_actV' depends on axioms: [propext, Quot.sound]
info: Sbsound/SBEncode.lean:311:0: 'SB.good'_closed_actC' depends on axioms: [propext, Quot.sound]
info: Sbsound/SBEncode.lean:312:0: 'SB.exists_good'_leader' depends on axioms: [propext, Classical.choice, Quot.sound]
ℹ [8560/8569] Replayed Sbsound.SBClauses
info: Sbsound/SBClauses.lean:791:0: 'SB.sb_clauses_satisfiable_of_leader' depends on axioms: [propext, Classical.choice, Quot.sound]
info: Sbsound/SBClauses.lean:792:0: 'SB.sat_transposition' depends on axioms: [propext, Classical.choice, Quot.sound]
info: Sbsound/SBClauses.lean:793:0: 'SB.sat_chainPair' depends on axioms: [propext, Classical.choice, Quot.sound]
⚠ [8561/8569] Replayed Sbsound.BiCounter
warning: Sbsound/BiCounter.lean:53:59: This simp argument is unused:
  Fin.val_mk

Hint: Omit it from the simp argument list.
  simp only [̵F̵i̵n̵.̵v̵a̵l̵_̵m̵k̵]̵ ̵at ha ⊢

Note: This linter can be disabled with `set_option linter.unusedSimpArgs false`
warning: Sbsound/BiCounter.lean:71:59: This simp argument is unused:
  Fin.val_mk

Hint: Omit it from the simp argument list.
  simp only [̵F̵i̵n̵.̵v̵a̵l̵_̵m̵k̵]̵ ̵at h1 ⊢

Note: This linter can be disabled with `set_option linter.unusedSimpArgs false`
info: Sbsound/BiCounter.lean:165:0: 'SB.BiCounter.truthful_satisfies' depends on axioms: [propext, Classical.choice, Quot.sound]
info: Sbsound/BiCounter.lean:166:0: 'SB.BiCounter.truthful_last' depends on axioms: [propext, Classical.choice, Quot.sound]
warning: Sbsound/BiCounter.lean:7:100: This line exceeds the 100 character limit, please shorten it!

Note: This linter can be disabled with `set_option linter.style.longLine false`
ℹ [8562/8569] Replayed Sbsound.SBDegreeVars
info: Sbsound/SBDegreeVars.lean:116:0: 'SB.card_degInputs' depends on axioms: [propext, Classical.choice, Quot.sound]
info: Sbsound/SBDegreeVars.lean:117:0: 'SB.truthful_last_eq_dout' depends on axioms: [propext, Classical.choice, Quot.sound]
⚠ [8563/8569] Replayed Sbsound.SBDegreeClauses
warning: Sbsound/SBDegreeClauses.lean:47:10: unused variable `hj`

Note: This linter can be disabled with `set_option linter.unusedVariables false`
warning: Sbsound/SBDegreeClauses.lean:65:18: unused variable `c`

Note: This linter can be disabled with `set_option linter.unusedVariables false`
warning: Sbsound/SBDegreeClauses.lean:140:16: This simp argument is unused:
  eqvvar

Hint: Omit it from the simp argument list.
  simp [canonD, e̵q̵v̵v̵a̵r̵,̵ ̵hv]

Note: This linter can be disabled with `set_option linter.unusedSimpArgs false`
warning: Sbsound/SBDegreeClauses.lean:145:16: This simp argument is unused:
  diffvar

Hint: Omit it from the simp argument list.
  simp [canonD, d̵i̵f̵f̵v̵a̵r̵,̵ ̵hv]

Note: This linter can be disabled with `set_option linter.unusedSimpArgs false`
warning: Sbsound/SBDegreeClauses.lean:198:30: This simp argument is unused:
  List.mem_singleton

Hint: Omit it from the simp argument list.
  simp only [List.mem_cons, L̵i̵s̵t̵.̵m̵e̵m̵_̵s̵i̵n̵g̵l̵e̵t̵o̵n̵,̵ ̵List.not_mem_nil, or_false] at hC

Note: This linter can be disabled with `set_option linter.unusedSimpArgs false`
warning: Sbsound/SBDegreeClauses.lean:190:100: This line exceeds the 100 character limit, please shorten it!

Note: This linter can be disabled with `set_option linter.style.longLine false`
warning: Sbsound/SBDegreeClauses.lean:226:100: This line exceeds the 100 character limit, please shorten it!

Note: This linter can be disabled with `set_option linter.style.longLine false`
warning: Sbsound/SBDegreeClauses.lean:227:100: This line exceeds the 100 character limit, please shorten it!

Note: This linter can be disabled with `set_option linter.style.longLine false`
warning: Sbsound/SBDegreeClauses.lean:249:100: This line exceeds the 100 character limit, please shorten it!

Note: This linter can be disabled with `set_option linter.style.longLine false`
warning: Sbsound/SBDegreeClauses.lean:250:100: This line exceeds the 100 character limit, please shorten it!

Note: This linter can be disabled with `set_option linter.style.longLine false`
warning: Sbsound/SBDegreeClauses.lean:326:100: This line exceeds the 100 character limit, please shorten it!

Note: This linter can be disabled with `set_option linter.style.longLine false`
warning: Sbsound/SBDegreeClauses.lean:336:19: This simp argument is unused:
  List.mem_singleton

Hint: Omit it from the simp argument list.
  simp only [eqDiffClauses, dif_pos hv1, List.mem_append, List.mem_flatMap, List.mem_range,
      List.mem_cons, List.m̵e̵m̵_̵s̵i̵ng̵l̵e̵t̵on̵,̵ ̵L̵i̵s̵t.̵n̵o̵t̵_mem_nil, or_false] at hC

Note: This linter can be disabled with `set_option linter.unusedSimpArgs false`
warning: Sbsound/SBDegreeClauses.lean:340:100: This line exceeds the 100 character limit, please shorten it!

Note: This linter can be disabled with `set_option linter.style.longLine false`
warning: Sbsound/SBDegreeClauses.lean:356:100: This line exceeds the 100 character limit, please shorten it!

Note: This linter can be disabled with `set_option linter.style.longLine false`
warning: Sbsound/SBDegreeClauses.lean:429:100: This line exceeds the 100 character limit, please shorten it!

Note: This linter can be disabled with `set_option linter.style.longLine false`
info: Sbsound/SBDegreeClauses.lean:449:0: 'SB.sat_counterClauses' depends on axioms: [propext, Classical.choice, Quot.sound]
info: Sbsound/SBDegreeClauses.lean:450:0: 'SB.dol_clauses_satisfiable_of_leader' depends on axioms: [propext, Classical.choice, Quot.sound]
info: Sbsound/SBDegreeClauses.lean:451:0: 'SB.dol_encode_sound' depends on axioms: [propext, Classical.choice, Quot.sound]
warning: Sbsound/SBDegreeClauses.lean:5:100: This line exceeds the 100 character limit, please shorten it!

Note: This linter can be disabled with `set_option linter.style.longLine false`
⚠ [8564/8569] Replayed Sbsound.Portfolio
warning: Sbsound/Portfolio.lean:76:100: This line exceeds the 100 character limit, please shorten it!

Note: This linter can be disabled with `set_option linter.style.longLine false`
warning: Sbsound/Portfolio.lean:77:100: This line exceeds the 100 character limit, please shorten it!

Note: This linter can be disabled with `set_option linter.style.longLine false`
warning: Sbsound/Portfolio.lean:78:100: This line exceeds the 100 character limit, please shorten it!

Note: This linter can be disabled with `set_option linter.style.longLine false`
warning: Sbsound/Portfolio.lean:79:100: This line exceeds the 100 character limit, please shorten it!

Note: This linter can be disabled with `set_option linter.style.longLine false`
warning: Sbsound/Portfolio.lean:80:100: This line exceeds the 100 character limit, please shorten it!

Note: This linter can be disabled with `set_option linter.style.longLine false`
warning: Sbsound/Portfolio.lean:81:100: This line exceeds the 100 character limit, please shorten it!

Note: This linter can be disabled with `set_option linter.style.longLine false`
warning: Sbsound/Portfolio.lean:82:100: This line exceeds the 100 character limit, please shorten it!

Note: This linter can be disabled with `set_option linter.style.longLine false`
warning: Sbsound/Portfolio.lean:83:100: This line exceeds the 100 character limit, please shorten it!

Note: This linter can be disabled with `set_option linter.style.longLine false`
warning: Sbsound/Portfolio.lean:83:24: extra space in the source

This part of the code
  'sound_K2x8_K2x5  : EncodeSoundFor'
should be written as
  'sound_K2x8_K2x5 : EncodeSoundFor'


Note: This linter can be disabled with `set_option linter.style.whitespace false`
warning: Sbsound/Portfolio.lean:84:100: This line exceeds the 100 character limit, please shorten it!

Note: This linter can be disabled with `set_option linter.style.longLine false`
warning: Sbsound/Portfolio.lean:84:24: extra space in the source

This part of the code
  'sound_K3x4_K3x3  : EncodeSoundFor'
should be written as
  'sound_K3x4_K3x3 : EncodeSoundFor'


Note: This linter can be disabled with `set_option linter.style.whitespace false`
warning: Sbsound/Portfolio.lean:85:100: This line exceeds the 100 character limit, please shorten it!

Note: This linter can be disabled with `set_option linter.style.longLine false`
warning: Sbsound/Portfolio.lean:85:24: extra space in the source

This part of the code
  'sound_K3x5_K2x4  : EncodeSoundFor'
should be written as
  'sound_K3x5_K2x4 : EncodeSoundFor'


Note: This linter can be disabled with `set_option linter.style.whitespace false`
warning: Sbsound/Portfolio.lean:86:100: This line exceeds the 100 character limit, please shorten it!

Note: This linter can be disabled with `set_option linter.style.longLine false`
warning: Sbsound/Portfolio.lean:86:24: extra space in the source

This part of the code
  'sound_K3x5_K2x5  : EncodeSoundFor'
should be written as
  'sound_K3x5_K2x5 : EncodeSoundFor'


Note: This linter can be disabled with `set_option linter.style.whitespace false`
warning: Sbsound/Portfolio.lean:87:100: This line exceeds the 100 character limit, please shorten it!

Note: This linter can be disabled with `set_option linter.style.longLine false`
warning: Sbsound/Portfolio.lean:87:24: extra space in the source

This part of the code
  'sound_K3x5_K3x3  : EncodeSoundFor'
should be written as
  'sound_K3x5_K3x3 : EncodeSoundFor'


Note: This linter can be disabled with `set_option linter.style.whitespace false`
warning: Sbsound/Portfolio.lean:88:100: This line exceeds the 100 character limit, please shorten it!

Note: This linter can be disabled with `set_option linter.style.longLine false`
warning: Sbsound/Portfolio.lean:88:24: extra space in the source

This part of the code
  'sound_K3x5_K3x4  : EncodeSoundFor'
should be written as
  'sound_K3x5_K3x4 : EncodeSoundFor'


Note: This linter can be disabled with `set_option linter.style.whitespace false`
info: Sbsound/Portfolio.lean:232:0: 'SB.Portfolio.dol_encode_sound_bip' depends on axioms: [propext, Classical.choice, Quot.sound]
info: Sbsound/Portfolio.lean:233:0: 'SB.Portfolio.dol_sound_K2x8_K2x5' depends on axioms: [propext, Classical.choice, Quot.sound]
info: Sbsound/Portfolio.lean:234:0: 'SB.Portfolio.no_colouring_of_no_dol_leader_bip' depends on axioms: [propext, Classical.choice, Quot.sound]
info: Sbsound/Portfolio.lean:238:0: 'SB.Portfolio.encode_sound_bip' depends on axioms: [propext, Classical.choice, Quot.sound]
info: Sbsound/Portfolio.lean:239:0: 'SB.Portfolio.sound_K3x4_K3x3' depends on axioms: [propext, Classical.choice, Quot.sound]
info: Sbsound/Portfolio.lean:240:0: 'SB.Portfolio.sound_K2x2_K2x19' depends on axioms: [propext, Classical.choice, Quot.sound]
info: Sbsound/Portfolio.lean:241:0: 'SB.Portfolio.sound_three_colour' depends on axioms: [propext, Classical.choice, Quot.sound]
info: Sbsound/Portfolio.lean:242:0: 'SB.Portfolio.no_colouring_of_no_leader' depends on axioms: [propext, Classical.choice, Quot.sound]
info: Sbsound/Portfolio.lean:243:0: 'SB.Portfolio.no_colouring_of_no_leader_fam' depends on axioms: [propext, Classical.choice, Quot.sound]
⚠ [8565/8569] Replayed Sbsound.BipBridge
warning: Sbsound/BipBridge.lean:261:100: This line exceeds the 100 character limit, please shorten it!

Note: This linter can be disabled with `set_option linter.style.longLine false`
warning: Sbsound/BipBridge.lean:263:100: This line exceeds the 100 character limit, please shorten it!

Note: This linter can be disabled with `set_option linter.style.longLine false`
warning: Sbsound/BipBridge.lean:268:100: This line exceeds the 100 character limit, please shorten it!

Note: This linter can be disabled with `set_option linter.style.longLine false`
warning: Sbsound/BipBridge.lean:277:100: This line exceeds the 100 character limit, please shorten it!

Note: This linter can be disabled with `set_option linter.style.longLine false`
warning: Sbsound/BipBridge.lean:393:100: This line exceeds the 100 character limit, please shorten it!

Note: This linter can be disabled with `set_option linter.style.longLine false`
warning: Sbsound/BipBridge.lean:417:4: The `show` tactic should only be used to indicate intermediate goal states for readability.
However, this tactic invocation changed the goal. Please use `change` instead for these purposes.

Note: This linter can be disabled with `set_option linter.style.show false`
warning: Sbsound/BipBridge.lean:493:21: This simp argument is unused:
  Nat.add_sub_cancel_left

Hint: Omit it from the simp argument list.
  simp only [hr, List.map_cons, List.map_nil, List.flatMap_cons, List.flatMap_nil, List.append_nil,
  ̲  ̲ ̲ ̲N̵a̵t̵.̵a̵d̵d̵_̵s̵u̵b̵_̵c̵a̵n̵c̵e̵l̵_̵l̵e̵f̵t̵,̵ ̵show (2 : ℕ) - 2 = 0 from rfl, List.range'_zero, show List.range' (1 + 1) 1 = [2] from rfl,
  ̲  ̲ ̲ ̲listSat_cons, listSat_nil, and_true]

Note: This linter can be disabled with `set_option linter.unusedSimpArgs false`
warning: Sbsound/BipBridge.lean:519:21: This simp argument is unused:
  Nat.add_sub_cancel_left

Hint: Omit it from the simp argument list.
  simp only [hr, List.map_cons, List.map_nil, List.flatMap_cons, List.flatMap_nil, List.append_nil,
  ̲  ̲ ̲ ̲N̵a̵t̵.̵a̵d̵d̵_̵s̵u̵b̵_̵c̵a̵n̵c̵e̵l̵_̵l̵e̵f̵t̵,̵ ̵show (2 : ℕ) - 2 = 0 from rfl, List.range'_zero, show List.range' (1 + 1) 1 = [2] from rfl]

Note: This linter can be disabled with `set_option linter.unusedSimpArgs false`
warning: Sbsound/BipBridge.lean:525:28: This simp argument is unused:
  List.mem_singleton

Hint: Omit it from the simp argument list.
  simp only [List.mem_cons, L̵i̵s̵t̵.̵m̵e̵m̵_̵s̵i̵n̵g̵l̵e̵t̵o̵n̵,̵ ̵List.not_mem_nil, or_false] at hc

Note: This linter can be disabled with `set_option linter.unusedSimpArgs false`
warning: Sbsound/BipBridge.lean:526:57: This simp argument is unused:
  List.mem_singleton

Hint: Omit it from the simp argument list.
  simp only [List.mem_cons, L̵i̵s̵t̵.̵m̵e̵m̵_̵s̵i̵n̵g̵l̵e̵t̵o̵n̵,̵ ̵List.not_mem_nil, or_false] at hl

Note: This linter can be disabled with `set_option linter.unusedSimpArgs false`
warning: Sbsound/BipBridge.lean:526:100: This line exceeds the 100 character limit, please shorten it!

Note: This linter can be disabled with `set_option linter.style.longLine false`
warning: Sbsound/BipBridge.lean:613:6: The `show` tactic should only be used to indicate intermediate goal states for readability.
However, this tactic invocation changed the goal. Please use `change` instead for these purposes.

Note: This linter can be disabled with `set_option linter.style.show false`
warning: Sbsound/BipBridge.lean:615:6: The `show` tactic should only be used to indicate intermediate goal states for readability.
However, this tactic invocation changed the goal. Please use `change` instead for these purposes.

Note: This linter can be disabled with `set_option linter.style.show false`
warning: Sbsound/BipBridge.lean:763:36: This simp argument is unused:
  List.getElem?_range'

Hint: Omit it from the simp argument list.
  simp [List.getD_eq_getElem?_getD, L̵i̵s̵t̵.̵g̵e̵t̵E̵l̵e̵m̵?̵_̵r̵a̵n̵g̵e̵'̵,̵ ̵hi]

Note: This linter can be disabled with `set_option linter.unusedSimpArgs false`
warning: Sbsound/BipBridge.lean:900:6: `push_neg` has been deprecated. Prefer using `push Not` instead.
If you'd rather continue using `push_neg` in your project, you can implement it as follows:
```
open Lean.Parser.Tactic in
macro "push_neg" cfg:optConfig loc:(location)? : tactic =>
  `(tactic| push $cfg:optConfig Not $[$loc]?)
```
warning: Sbsound/BipBridge.lean:947:35: this tactic is never executed

Note: This linter can be disabled with `set_option linter.unreachableTactic false`
warning: Sbsound/BipBridge.lean:948:27: Used `tac1 <;> tac2` where `(tac1; tac2)` would suffice

Note: This linter can be disabled with `set_option linter.unnecessarySeqFocus false`
warning: Sbsound/BipBridge.lean:947:35: 'first
| omega
| exact Fin.ext (by simp; omega)' tactic does nothing

Note: This linter can be disabled with `set_option linter.unusedTactic false`
warning: Sbsound/BipBridge.lean:1008:12: This simp argument is unused:
  List.filterMap_cons

Hint: Omit it from the simp argument list.
  simp [L̵i̵s̵t̵.̵f̵i̵l̵t̵e̵r̵M̵a̵p̵_̵c̵o̵n̵s̵,̵ ̵h, filterMap_ite_none p g l]

Note: This linter can be disabled with `set_option linter.unusedSimpArgs false`
warning: Sbsound/BipBridge.lean:1009:12: This simp argument is unused:
  List.filterMap_cons

Hint: Omit it from the simp argument list.
  simp [L̵i̵s̵t̵.̵f̵i̵l̵t̵e̵r̵M̵a̵p̵_̵c̵o̵n̵s̵,̵ ̵h, filterMap_ite_none p g l]

Note: This linter can be disabled with `set_option linter.unusedSimpArgs false`
warning: Sbsound/BipBridge.lean:1019:64: Used `tac1 <;> tac2` where `(tac1; tac2)` would suffice

Note: This linter can be disabled with `set_option linter.unnecessarySeqFocus false`
warning: Sbsound/BipBridge.lean:1040:100: This line exceeds the 100 character limit, please shorten it!

Note: This linter can be disabled with `set_option linter.style.longLine false`
warning: Sbsound/BipBridge.lean:1206:100: This line exceeds the 100 character limit, please shorten it!

Note: This linter can be disabled with `set_option linter.style.longLine false`
warning: Sbsound/BipBridge.lean:1211:100: This line exceeds the 100 character limit, please shorten it!

Note: This linter can be disabled with `set_option linter.style.longLine false`
warning: Sbsound/BipBridge.lean:1212:100: This line exceeds the 100 character limit, please shorten it!

Note: This linter can be disabled with `set_option linter.style.longLine false`
warning: Sbsound/BipBridge.lean:1233:49: unused variable `hv`

Note: This linter can be disabled with `set_option linter.unusedVariables false`
warning: Sbsound/BipBridge.lean:1307:34: This simp argument is unused:
  List.mem_singleton

Hint: Omit it from the simp argument list.
  simp only [List.mem_cons, L̵i̵s̵t̵.̵m̵e̵m̵_̵s̵i̵n̵g̵l̵e̵t̵o̵n̵,̵ ̵List.not_mem_nil, or_false] at hl

Note: This linter can be disabled with `set_option linter.unusedSimpArgs false`
warning: Sbsound/BipBridge.lean:1326:32: This simp argument is unused:
  List.mem_singleton

Hint: Omit it from the simp argument list.
  simp only [List.mem_cons, L̵i̵s̵t̵.̵m̵e̵m̵_̵s̵i̵n̵g̵l̵e̵t̵o̵n̵,̵ ̵List.not_mem_nil, or_false] at hl

Note: This linter can be disabled with `set_option linter.unusedSimpArgs false`
warning: Sbsound/BipBridge.lean:1353:32: This simp argument is unused:
  List.mem_singleton

Hint: Omit it from the simp argument list.
  simp only [List.mem_cons, L̵i̵s̵t̵.̵m̵e̵m̵_̵s̵i̵n̵g̵l̵e̵t̵o̵n̵,̵ ̵List.not_mem_nil, or_false] at hl

Note: This linter can be disabled with `set_option linter.unusedSimpArgs false`
warning: Sbsound/BipBridge.lean:1361:32: This simp argument is unused:
  List.mem_singleton

Hint: Omit it from the simp argument list.
  simp only [List.mem_cons, L̵i̵s̵t̵.̵m̵e̵m̵_̵s̵i̵n̵g̵l̵e̵t̵o̵n̵,̵ ̵List.not_mem_nil, or_false] at hl

Note: This linter can be disabled with `set_option linter.unusedSimpArgs false`
warning: Sbsound/BipBridge.lean:1396:34: This simp argument is unused:
  List.mem_singleton

Hint: Omit it from the simp argument list.
  simp only [List.mem_cons, L̵i̵s̵t̵.̵m̵e̵m̵_̵s̵i̵n̵g̵l̵e̵t̵o̵n̵,̵ ̵List.not_mem_nil, or_false] at hC

Note: This linter can be disabled with `set_option linter.unusedSimpArgs false`
warning: Sbsound/BipBridge.lean:1398:34: This simp argument is unused:
  List.mem_singleton

Hint: Omit it from the simp argument list.
  simp only [List.mem_cons, L̵i̵s̵t̵.̵m̵e̵m̵_̵s̵i̵n̵g̵l̵e̵t̵o̵n̵,̵ ̵List.not_mem_nil, or_false] at hl

Note: This linter can be disabled with `set_option linter.unusedSimpArgs false`
warning: Sbsound/BipBridge.lean:1300:100: This line exceeds the 100 character limit, please shorten it!

Note: This linter can be disabled with `set_option linter.style.longLine false`
warning: Sbsound/BipBridge.lean:1374:100: This line exceeds the 100 character limit, please shorten it!

Note: This linter can be disabled with `set_option linter.style.longLine false`
warning: Sbsound/BipBridge.lean:1376:100: This line exceeds the 100 character limit, please shorten it!

Note: This linter can be disabled with `set_option linter.style.longLine false`
warning: Sbsound/BipBridge.lean:1378:100: This line exceeds the 100 character limit, please shorten it!

Note: This linter can be disabled with `set_option linter.style.longLine false`
warning: Sbsound/BipBridge.lean:1380:100: This line exceeds the 100 character limit, please shorten it!

Note: This linter can be disabled with `set_option linter.style.longLine false`
warning: Sbsound/BipBridge.lean:1335:6: The `show` tactic should only be used to indicate intermediate goal states for readability.
However, this tactic invocation changed the goal. Please use `change` instead for these purposes.

Note: This linter can be disabled with `set_option linter.style.show false`
warning: Sbsound/BipBridge.lean:1406:37: The `show` tactic should only be used to indicate intermediate goal states for readability.
However, this tactic invocation changed the goal. Please use `change` instead for these purposes.

Note: This linter can be disabled with `set_option linter.style.show false`
warning: Sbsound/BipBridge.lean:1407:33: The `show` tactic should only be used to indicate intermediate goal states for readability.
However, this tactic invocation changed the goal. Please use `change` instead for these purposes.

Note: This linter can be disabled with `set_option linter.style.show false`
warning: Sbsound/BipBridge.lean:1408:6: The `show` tactic should only be used to indicate intermediate goal states for readability.
However, this tactic invocation changed the goal. Please use `change` instead for these purposes.

Note: This linter can be disabled with `set_option linter.style.show false`
warning: Sbsound/BipBridge.lean:1411:6: The `show` tactic should only be used to indicate intermediate goal states for readability.
However, this tactic invocation changed the goal. Please use `change` instead for these purposes.

Note: This linter can be disabled with `set_option linter.style.show false`
warning: Sbsound/BipBridge.lean:1464:34: This simp argument is unused:
  List.mem_singleton

Hint: Omit it from the simp argument list.
  simp only [List.mem_cons, L̵i̵s̵t̵.̵m̵e̵m̵_̵s̵i̵n̵g̵l̵e̵t̵o̵n̵,̵ ̵List.not_mem_nil, or_false] at hl

Note: This linter can be disabled with `set_option linter.unusedSimpArgs false`
warning: Sbsound/BipBridge.lean:1469:34: This simp argument is unused:
  List.mem_singleton

Hint: Omit it from the simp argument list.
  simp only [List.mem_cons, L̵i̵s̵t̵.̵m̵e̵m̵_̵s̵i̵n̵g̵l̵e̵t̵o̵n̵,̵ ̵List.not_mem_nil, or_false] at hl

Note: This linter can be disabled with `set_option linter.unusedSimpArgs false`
warning: Sbsound/BipBridge.lean:1474:32: This simp argument is unused:
  List.mem_singleton

Hint: Omit it from the simp argument list.
  simp only [List.mem_cons, L̵i̵s̵t̵.̵m̵e̵m̵_̵s̵i̵n̵g̵l̵e̵t̵o̵n̵,̵ ̵List.not_mem_nil, or_false] at hC

Note: This linter can be disabled with `set_option linter.unusedSimpArgs false`
warning: Sbsound/BipBridge.lean:1476:34: This simp argument is unused:
  List.mem_singleton

Hint: Omit it from the simp argument list.
  simp only [List.mem_cons, L̵i̵s̵t̵.̵m̵e̵m̵_̵s̵i̵n̵g̵l̵e̵t̵o̵n̵,̵ ̵List.not_mem_nil, or_false] at hl

Note: This linter can be disabled with `set_option linter.unusedSimpArgs false`
warning: Sbsound/BipBridge.lean:1515:34: This simp argument is unused:
  List.mem_singleton

Hint: Omit it from the simp argument list.
  simp only [List.mem_cons, L̵i̵s̵t̵.̵m̵e̵m̵_̵s̵i̵n̵g̵l̵e̵t̵o̵n̵,̵ ̵List.not_mem_nil, or_false] at hl

Note: This linter can be disabled with `set_option linter.unusedSimpArgs false`
warning: Sbsound/BipBridge.lean:1520:34: This simp argument is unused:
  List.mem_singleton

Hint: Omit it from the simp argument list.
  simp only [List.mem_cons, L̵i̵s̵t̵.̵m̵e̵m̵_̵s̵i̵n̵g̵l̵e̵t̵o̵n̵,̵ ̵List.not_mem_nil, or_false] at hl

Note: This linter can be disabled with `set_option linter.unusedSimpArgs false`
warning: Sbsound/BipBridge.lean:1525:34: This simp argument is unused:
  List.mem_singleton

Hint: Omit it from the simp argument list.
  simp only [List.mem_cons, L̵i̵s̵t̵.̵m̵e̵m̵_̵s̵i̵n̵g̵l̵e̵t̵o̵n̵,̵ ̵List.not_mem_nil, or_false] at hl

Note: This linter can be disabled with `set_option linter.unusedSimpArgs false`
warning: Sbsound/BipBridge.lean:1531:32: This simp argument is unused:
  List.mem_singleton

Hint: Omit it from the simp argument list.
  simp only [List.mem_cons, L̵i̵s̵t̵.̵m̵e̵m̵_̵s̵i̵n̵g̵l̵e̵t̵o̵n̵,̵ ̵List.not_mem_nil, or_false] at hC

Note: This linter can be disabled with `set_option linter.unusedSimpArgs false`
warning: Sbsound/BipBridge.lean:1533:34: This simp argument is unused:
  List.mem_singleton

Hint: Omit it from the simp argument list.
  simp only [List.mem_cons, L̵i̵s̵t̵.̵m̵e̵m̵_̵s̵i̵n̵g̵l̵e̵t̵o̵n̵,̵ ̵List.not_mem_nil, or_false] at hl

Note: This linter can be disabled with `set_option linter.unusedSimpArgs false`
warning: Sbsound/BipBridge.lean:1488:32: Used `tac1 <;> tac2` where `(tac1; tac2)` would suffice

Note: This linter can be disabled with `set_option linter.unnecessarySeqFocus false`
warning: Sbsound/BipBridge.lean:1507:100: This line exceeds the 100 character limit, please shorten it!

Note: This linter can be disabled with `set_option linter.style.longLine false`
warning: Sbsound/BipBridge.lean:1592:100: This line exceeds the 100 character limit, please shorten it!

Note: This linter can be disabled with `set_option linter.style.longLine false`
warning: Sbsound/BipBridge.lean:1597:2: The `show` tactic should only be used to indicate intermediate goal states for readability.
However, this tactic invocation changed the goal. Please use `change` instead for these purposes.

Note: This linter can be disabled with `set_option linter.style.show false`
warning: Sbsound/BipBridge.lean:1603:100: This line exceeds the 100 character limit, please shorten it!

Note: This linter can be disabled with `set_option linter.style.longLine false`
warning: Sbsound/BipBridge.lean:1649:30: This simp argument is unused:
  List.mem_singleton

Hint: Omit it from the simp argument list.
  simp only [List.mem_cons, L̵i̵s̵t̵.̵m̵e̵m̵_̵s̵i̵n̵g̵l̵e̵t̵o̵n̵,̵ ̵List.not_mem_nil, or_false] at hl

Note: This linter can be disabled with `set_option linter.unusedSimpArgs false`
warning: Sbsound/BipBridge.lean:1662:32: This simp argument is unused:
  List.mem_singleton

Hint: Omit it from the simp argument list.
  simp only [List.mem_cons, L̵i̵s̵t̵.̵m̵e̵m̵_̵s̵i̵n̵g̵l̵e̵t̵o̵n̵,̵ ̵List.not_mem_nil, or_false] at hl

Note: This linter can be disabled with `set_option linter.unusedSimpArgs false`
warning: Sbsound/BipBridge.lean:1670:32: This simp argument is unused:
  List.mem_singleton

Hint: Omit it from the simp argument list.
  simp only [List.mem_cons, L̵i̵s̵t̵.̵m̵e̵m̵_̵s̵i̵n̵g̵l̵e̵t̵o̵n̵,̵ ̵List.not_mem_nil, or_false] at hl

Note: This linter can be disabled with `set_option linter.unusedSimpArgs false`
warning: Sbsound/BipBridge.lean:1677:32: This simp argument is unused:
  List.mem_singleton

Hint: Omit it from the simp argument list.
  simp only [List.mem_cons, L̵i̵s̵t̵.̵m̵e̵m̵_̵s̵i̵n̵g̵l̵e̵t̵o̵n̵,̵ ̵List.not_mem_nil, or_false] at hl

Note: This linter can be disabled with `set_option linter.unusedSimpArgs false`
warning: Sbsound/BipBridge.lean:1686:30: This simp argument is unused:
  List.mem_singleton

Hint: Omit it from the simp argument list.
  simp only [List.mem_cons, L̵i̵s̵t̵.̵m̵e̵m̵_̵s̵i̵n̵g̵l̵e̵t̵o̵n̵,̵ ̵List.not_mem_nil, or_false] at hl

Note: This linter can be disabled with `set_option linter.unusedSimpArgs false`
warning: Sbsound/BipBridge.lean:1730:19: The `show` tactic should only be used to indicate intermediate goal states for readability.
However, this tactic invocation changed the goal. Please use `change` instead for these purposes.

Note: This linter can be disabled with `set_option linter.style.show false`
warning: Sbsound/BipBridge.lean:1735:8: unused variable `st`

Note: This linter can be disabled with `set_option linter.unusedVariables false`
warning: Sbsound/BipBridge.lean:1754:4: this tactic is never executed

Note: This linter can be disabled with `set_option linter.unreachableTactic false`
warning: Sbsound/BipBridge.lean:1754:4: '(
  congr 1
  funext acc v
  rcases acc with ⟨cls, nv⟩ <;> (rcases hlt : lexTransposition n r v nv with ⟨c2, nv2⟩ <;> rfl))' tactic does nothing

Note: This linter can be disabled with `set_option linter.unusedTactic false`
warning: Sbsound/BipBridge.lean:1798:2: The `show` tactic should only be used to indicate intermediate goal states for readability.
However, this tactic invocation changed the goal. Please use `change` instead for these purposes.

Note: This linter can be disabled with `set_option linter.style.show false`
info: Sbsound/BipBridge.lean:1897:0: 'SB.BipBridge.bridgeAssign_sat' depends on axioms: [propext, Classical.choice, Quot.sound]
info: Sbsound/BipBridge.lean:1898:0: 'SB.BipBridge.bip_bridge' depends on axioms: [propext, Classical.choice, Quot.sound]
info: Sbsound/BipBridge.lean:1899:0: 'SB.BipBridge.no_colouring_of_encodeBip_unsat' depends on axioms: [propext, Classical.choice, Quot.sound]
info: Sbsound/BipBridge.lean:1900:0: 'SB.BipBridge.no_colouring_of_toCNFV_unsat' depends on axioms: [propext, Classical.choice, Quot.sound]
⚠ [8566/8569] Replayed RootedM4.CoverAxiom
warning: RootedM4/CoverAxiom.lean:4:100: This line exceeds the 100 character limit, please shorten it!

Note: This linter can be disabled with `set_option linter.style.longLine false`
warning: RootedM4/CoverAxiom.lean:8:100: This line exceeds the 100 character limit, please shorten it!

Note: This linter can be disabled with `set_option linter.style.longLine false`
warning: RootedM4/CoverAxiom.lean:9:100: This line exceeds the 100 character limit, please shorten it!

Note: This linter can be disabled with `set_option linter.style.longLine false`
⚠ [8567/8569] Replayed RootedM5.Axioms
warning: RootedM5/Axioms.lean:16:100: This line exceeds the 100 character limit, please shorten it!

Note: This linter can be disabled with `set_option linter.style.longLine false`
warning: RootedM5/Axioms.lean:17:100: This line exceeds the 100 character limit, please shorten it!

Note: This linter can be disabled with `set_option linter.style.longLine false`
⚠ [8568/8569] Built Faithful.ChallengeK22 (15s)
warning: Faithful/ChallengeK22.lean:32:8: declaration uses `sorry`
warning: Faithful/ChallengeK22.lean:35:8: declaration uses `sorry`
warning: Faithful/ChallengeK22.lean:19:100: This line exceeds the 100 character limit, please shorten it!

Note: This linter can be disabled with `set_option linter.style.longLine false`
⚠ [8569/8569] Built Faithful.ChallengeK22Ax (10s)
warning: Faithful/ChallengeK22Ax.lean:4:100: This line exceeds the 100 character limit, please shorten it!

Note: This linter can be disabled with `set_option linter.style.longLine false`
warning: Faithful/ChallengeK22Ax.lean:5:100: This line exceeds the 100 character limit, please shorten it!

Note: This linter can be disabled with `set_option linter.style.longLine false`
Build completed successfully (8569 jobs).
Exporting #[Nat, String, String.mk, Char, Char.ofNat, List, Quot, Quot.mk, Quot.lift, Quot.ind, LRATCatcher.FaithfulC.k28k25_eq_22, propext, Quot.sound, Classical.choice, SB.Rooted.M4.CoverData.cover_cakelpr, SB.Rooted.M5.direct_cakelpr, SB.Rooted.M5.leaves_cakelpr, Nat.add, Nat.sub, Nat.mul, Nat.pow, Nat.gcd, Nat.div, Nat.mod, Nat.beq, Nat.ble, Nat.land, Nat.lor, Nat.xor, Nat.shiftLeft, Nat.shiftRight, String.ofList] from Faithful.ChallengeK22Ax
Building Faithful.SolutionK28K25
⚠ [8487/8514] Replayed RootedBridge.CountingDefs
warning: RootedBridge/CountingDefs.lean:358:13: This simp argument is unused:
  bind_assoc

Hint: Omit it from the simp argument list.
  simp only ̵[̵b̵i̵n̵d̵_̵a̵s̵s̵o̵c̵]̵

Note: This linter can be disabled with `set_option linter.unusedSimpArgs false`
ℹ [8490/8640] Replayed RootedBridge.Lex
info: RootedBridge/Lex.lean:262:0: 'SB.Rooted.lexLeq_spec' depends on axioms: [propext, Classical.choice, Quot.sound]
ℹ [8491/8640] Replayed RootedBridge.Counter
info: RootedBridge/Counter.lean:277:0: 'SB.Rooted.bidirCounter_spec' depends on axioms: [propext, Classical.choice, Quot.sound]
ℹ [8492/8640] Replayed RootedBridge.Base
info: RootedBridge/Base.lean:470:0: 'SB.Rooted.buildBase_spec' depends on axioms: [propext, Classical.choice, Quot.sound]
ℹ [8493/8640] Replayed RootedBridge.Degree
info: RootedBridge/Degree.lean:261:0: 'SB.Rooted.degBlock_spec' depends on axioms: [propext, Classical.choice, Quot.sound]
ℹ [8494/8640] Replayed RootedBridge.Intervals
info: RootedBridge/Intervals.lean:496:0: 'SB.Rooted.ivEmit_spec' depends on axioms: [propext, Classical.choice, Quot.sound]
info: RootedBridge/Intervals.lean:497:0: 'SB.Rooted.ivLoop2_spec' depends on axioms: [propext, Classical.choice, Quot.sound]
ℹ [8495/8640] Replayed RootedBridge.Channel
info: RootedBridge/Channel.lean:140:0: 'SB.Rooted.chanBlock_spec' depends on axioms: [propext, Classical.choice, Quot.sound]
ℹ [8496/8640] Replayed RootedBridge.Budget
info: RootedBridge/Budget.lean:462:0: 'SB.Rooted.budBlock_spec' depends on axioms: [propext, Classical.choice, Quot.sound]
ℹ [8497/8640] Replayed RootedBridge.Counting
info: RootedBridge/Counting.lean:98:0: 'SB.Rooted.addCounting_spec' depends on axioms: [propext, Classical.choice, Quot.sound]
ℹ [8498/8640] Replayed RootedBridge.Autos
info: RootedBridge/Autos.lean:232:0: 'SB.Rooted.autos_img' depends on axioms: [propext, Classical.choice, Quot.sound]
⚠ [8499/8640] Replayed RootedBridge.TopDefs
warning: RootedBridge/TopDefs.lean:94:6: unused variable `es`

Note: This linter can be disabled with `set_option linter.unusedVariables false`
ℹ [8500/8640] Replayed RootedBridge.Top
info: RootedBridge/Top.lean:402:0: 'SB.Rooted.rootedFormula_sat_core' depends on axioms: [propext, Classical.choice, Quot.sound]
ℹ [8501/8640] Replayed RootedBridge.LexOrder
info: RootedBridge/LexOrder.lean:350:0: 'SB.Rooted.lexOK_gPairs' depends on axioms: [propext, Classical.choice, Quot.sound]
info: RootedBridge/LexOrder.lean:351:0: 'SB.Rooted.lexOK_wallPairs' depends on axioms: [propext, Classical.choice, Quot.sound]
info: RootedBridge/LexOrder.lean:401:0: 'SB.Rooted.rootedFormula_sat_coreL' depends on axioms: [propext, Classical.choice, Quot.sound]
ℹ [8502/8640] Replayed RootedBridge.Split
info: RootedBridge/Split.lean:112:0: 'SB.Rooted.split_unsat' depends on axioms: [propext, Quot.sound]
ℹ [8505/8836] Replayed RootedM5.Attached
info: RootedM5/Attached.lean:21:0: 'SB.Rooted.M5.no_pending' depends on axioms: [propext, Quot.sound]
⚠ [8507/8836] Replayed Sbsound.SBCore
warning: Sbsound/SBCore.lean:21:0: `exists_sb_leader` does not use the following hypothesis in its type:
  • [Fintype A] (#2)

Consider replacing this hypothesis with the corresponding instance of `Finite` and using `Fintype.ofFinite` in the proof, or removing it entirely.

Note: This linter can be disabled with `set_option linter.unusedFintypeInType false`
warning: Sbsound/SBCore.lean:38:0: `sb_preserves_sat` does not use the following hypothesis in its type:
  • [Fintype A] (#2)

Consider replacing this hypothesis with the corresponding instance of `Finite` and using `Fintype.ofFinite` in the proof, or removing it entirely.

Note: This linter can be disabled with `set_option linter.unusedFintypeInType false`
⚠ [8508/8836] Replayed Sbsound.SBGraph
warning: Sbsound/SBGraph.lean:70:4: The `show` tactic should only be used to indicate intermediate goal states for readability.
However, this tactic invocation changed the goal. Please use `change` instead for these purposes.

Note: This linter can be disabled with `set_option linter.style.show false`
warning: Sbsound/SBGraph.lean:78:2: The `show` tactic should only be used to indicate intermediate goal states for readability.
However, this tactic invocation changed the goal. Please use `change` instead for these purposes.

Note: This linter can be disabled with `set_option linter.style.show false`
warning: Sbsound/SBGraph.lean:92:2: The `show` tactic should only be used to indicate intermediate goal states for readability.
However, this tactic invocation changed the goal. Please use `change` instead for these purposes.

Note: This linter can be disabled with `set_option linter.style.show false`
ℹ [8511/8836] Replayed Sbsound.SBEncode
info: Sbsound/SBEncode.lean:308:0: 'SB.satBase_iff_good'' depends on axioms: [propext, Classical.choice, Quot.sound]
info: Sbsound/SBEncode.lean:309:0: 'SB.good_of_good'' depends on axioms: [propext, Quot.sound]
info: Sbsound/SBEncode.lean:310:0: 'SB.good'_closed_actV' depends on axioms: [propext, Quot.sound]
info: Sbsound/SBEncode.lean:311:0: 'SB.good'_closed_actC' depends on axioms: [propext, Quot.sound]
info: Sbsound/SBEncode.lean:312:0: 'SB.exists_good'_leader' depends on axioms: [propext, Classical.choice, Quot.sound]
ℹ [8512/8836] Replayed Sbsound.SBClauses
info: Sbsound/SBClauses.lean:791:0: 'SB.sb_clauses_satisfiable_of_leader' depends on axioms: [propext, Classical.choice, Quot.sound]
info: Sbsound/SBClauses.lean:792:0: 'SB.sat_transposition' depends on axioms: [propext, Classical.choice, Quot.sound]
info: Sbsound/SBClauses.lean:793:0: 'SB.sat_chainPair' depends on axioms: [propext, Classical.choice, Quot.sound]
⚠ [8514/8836] Replayed Sbsound.Sinz
warning: Sbsound/Sinz.lean:74:45: This simp argument is unused:
  Fin.val_mk

Hint: Omit it from the simp argument list.
  simp only [̵F̵i̵n̵.̵v̵a̵l̵_̵m̵k̵]̵ ̵at hc

Note: This linter can be disabled with `set_option linter.unusedSimpArgs false`
info: Sbsound/Sinz.lean:121:0: 'SB.Sinz.truthful_satisfies' depends on axioms: [propext, Classical.choice, Quot.sound]
ℹ [8516/8836] Replayed Sbsound.EncodeSound
info: Sbsound/EncodeSound.lean:163:0: 'SB.noKst_closed_actV' depends on axioms: [propext, Classical.choice, Quot.sound]
info: Sbsound/EncodeSound.lean:164:0: 'SB.exists_noKstFam_leader' depends on axioms: [propext, Classical.choice, Quot.sound]
info: Sbsound/EncodeSound.lean:165:0: 'SB.encode_sound' depends on axioms: [propext, Classical.choice, Quot.sound]
info: Sbsound/EncodeSound.lean:166:0: 'SB.encode_sound_k34k33' depends on axioms: [propext, Classical.choice, Quot.sound]
ℹ [8517/8836] Replayed Sbsound.SBDegree
info: Sbsound/SBDegree.lean:153:0: 'SB.no_colouring_of_no_dol_leader' depends on axioms: [propext, Classical.choice, Quot.sound]
info: Sbsound/SBDegree.lean:154:0: 'SB.no_colouring_of_no_dol_leader_good' depends on axioms: [propext, Classical.choice, Quot.sound]
⚠ [8518/8836] Replayed Sbsound.BiCounter
warning: Sbsound/BiCounter.lean:53:59: This simp argument is unused:
  Fin.val_mk

Hint: Omit it from the simp argument list.
  simp only [̵F̵i̵n̵.̵v̵a̵l̵_̵m̵k̵]̵ ̵at ha ⊢

Note: This linter can be disabled with `set_option linter.unusedSimpArgs false`
warning: Sbsound/BiCounter.lean:71:59: This simp argument is unused:
  Fin.val_mk

Hint: Omit it from the simp argument list.
  simp only [̵F̵i̵n̵.̵v̵a̵l̵_̵m̵k̵]̵ ̵at h1 ⊢

Note: This linter can be disabled with `set_option linter.unusedSimpArgs false`
info: Sbsound/BiCounter.lean:165:0: 'SB.BiCounter.truthful_satisfies' depends on axioms: [propext, Classical.choice, Quot.sound]
info: Sbsound/BiCounter.lean:166:0: 'SB.BiCounter.truthful_last' depends on axioms: [propext, Classical.choice, Quot.sound]
warning: Sbsound/BiCounter.lean:7:100: This line exceeds the 100 character limit, please shorten it!

Note: This linter can be disabled with `set_option linter.style.longLine false`
ℹ [8519/8836] Replayed Sbsound.SBDegreeVars
info: Sbsound/SBDegreeVars.lean:116:0: 'SB.card_degInputs' depends on axioms: [propext, Classical.choice, Quot.sound]
info: Sbsound/SBDegreeVars.lean:117:0: 'SB.truthful_last_eq_dout' depends on axioms: [propext, Classical.choice, Quot.sound]
⚠ [8520/8836] Replayed Sbsound.SBDegreeClauses
warning: Sbsound/SBDegreeClauses.lean:47:10: unused variable `hj`

Note: This linter can be disabled with `set_option linter.unusedVariables false`
warning: Sbsound/SBDegreeClauses.lean:65:18: unused variable `c`

Note: This linter can be disabled with `set_option linter.unusedVariables false`
warning: Sbsound/SBDegreeClauses.lean:140:16: This simp argument is unused:
  eqvvar

Hint: Omit it from the simp argument list.
  simp [canonD, e̵q̵v̵v̵a̵r̵,̵ ̵hv]

Note: This linter can be disabled with `set_option linter.unusedSimpArgs false`
warning: Sbsound/SBDegreeClauses.lean:145:16: This simp argument is unused:
  diffvar

Hint: Omit it from the simp argument list.
  simp [canonD, d̵i̵f̵f̵v̵a̵r̵,̵ ̵hv]

Note: This linter can be disabled with `set_option linter.unusedSimpArgs false`
warning: Sbsound/SBDegreeClauses.lean:198:30: This simp argument is unused:
  List.mem_singleton

Hint: Omit it from the simp argument list.
  simp only [List.mem_cons, L̵i̵s̵t̵.̵m̵e̵m̵_̵s̵i̵n̵g̵l̵e̵t̵o̵n̵,̵ ̵List.not_mem_nil, or_false] at hC

Note: This linter can be disabled with `set_option linter.unusedSimpArgs false`
warning: Sbsound/SBDegreeClauses.lean:190:100: This line exceeds the 100 character limit, please shorten it!

Note: This linter can be disabled with `set_option linter.style.longLine false`
warning: Sbsound/SBDegreeClauses.lean:226:100: This line exceeds the 100 character limit, please shorten it!

Note: This linter can be disabled with `set_option linter.style.longLine false`
warning: Sbsound/SBDegreeClauses.lean:227:100: This line exceeds the 100 character limit, please shorten it!

Note: This linter can be disabled with `set_option linter.style.longLine false`
warning: Sbsound/SBDegreeClauses.lean:249:100: This line exceeds the 100 character limit, please shorten it!

Note: This linter can be disabled with `set_option linter.style.longLine false`
warning: Sbsound/SBDegreeClauses.lean:250:100: This line exceeds the 100 character limit, please shorten it!

Note: This linter can be disabled with `set_option linter.style.longLine false`
warning: Sbsound/SBDegreeClauses.lean:326:100: This line exceeds the 100 character limit, please shorten it!

Note: This linter can be disabled with `set_option linter.style.longLine false`
warning: Sbsound/SBDegreeClauses.lean:336:19: This simp argument is unused:
  List.mem_singleton

Hint: Omit it from the simp argument list.
  simp only [eqDiffClauses, dif_pos hv1, List.mem_append, List.mem_flatMap, List.mem_range,
      List.mem_cons, List.m̵e̵m̵_̵s̵i̵ng̵l̵e̵t̵on̵,̵ ̵L̵i̵s̵t.̵n̵o̵t̵_mem_nil, or_false] at hC

Note: This linter can be disabled with `set_option linter.unusedSimpArgs false`
warning: Sbsound/SBDegreeClauses.lean:340:100: This line exceeds the 100 character limit, please shorten it!

Note: This linter can be disabled with `set_option linter.style.longLine false`
warning: Sbsound/SBDegreeClauses.lean:356:100: This line exceeds the 100 character limit, please shorten it!

Note: This linter can be disabled with `set_option linter.style.longLine false`
warning: Sbsound/SBDegreeClauses.lean:429:100: This line exceeds the 100 character limit, please shorten it!

Note: This linter can be disabled with `set_option linter.style.longLine false`
info: Sbsound/SBDegreeClauses.lean:449:0: 'SB.sat_counterClauses' depends on axioms: [propext, Classical.choice, Quot.sound]
info: Sbsound/SBDegreeClauses.lean:450:0: 'SB.dol_clauses_satisfiable_of_leader' depends on axioms: [propext, Classical.choice, Quot.sound]
info: Sbsound/SBDegreeClauses.lean:451:0: 'SB.dol_encode_sound' depends on axioms: [propext, Classical.choice, Quot.sound]
warning: Sbsound/SBDegreeClauses.lean:5:100: This line exceeds the 100 character limit, please shorten it!

Note: This linter can be disabled with `set_option linter.style.longLine false`
⚠ [8521/8836] Replayed Sbsound.Portfolio
warning: Sbsound/Portfolio.lean:76:100: This line exceeds the 100 character limit, please shorten it!

Note: This linter can be disabled with `set_option linter.style.longLine false`
warning: Sbsound/Portfolio.lean:77:100: This line exceeds the 100 character limit, please shorten it!

Note: This linter can be disabled with `set_option linter.style.longLine false`
warning: Sbsound/Portfolio.lean:78:100: This line exceeds the 100 character limit, please shorten it!

Note: This linter can be disabled with `set_option linter.style.longLine false`
warning: Sbsound/Portfolio.lean:79:100: This line exceeds the 100 character limit, please shorten it!

Note: This linter can be disabled with `set_option linter.style.longLine false`
warning: Sbsound/Portfolio.lean:80:100: This line exceeds the 100 character limit, please shorten it!

Note: This linter can be disabled with `set_option linter.style.longLine false`
warning: Sbsound/Portfolio.lean:81:100: This line exceeds the 100 character limit, please shorten it!

Note: This linter can be disabled with `set_option linter.style.longLine false`
warning: Sbsound/Portfolio.lean:82:100: This line exceeds the 100 character limit, please shorten it!

Note: This linter can be disabled with `set_option linter.style.longLine false`
warning: Sbsound/Portfolio.lean:83:100: This line exceeds the 100 character limit, please shorten it!

Note: This linter can be disabled with `set_option linter.style.longLine false`
warning: Sbsound/Portfolio.lean:83:24: extra space in the source

This part of the code
  'sound_K2x8_K2x5  : EncodeSoundFor'
should be written as
  'sound_K2x8_K2x5 : EncodeSoundFor'


Note: This linter can be disabled with `set_option linter.style.whitespace false`
warning: Sbsound/Portfolio.lean:84:100: This line exceeds the 100 character limit, please shorten it!

Note: This linter can be disabled with `set_option linter.style.longLine false`
warning: Sbsound/Portfolio.lean:84:24: extra space in the source

This part of the code
  'sound_K3x4_K3x3  : EncodeSoundFor'
should be written as
  'sound_K3x4_K3x3 : EncodeSoundFor'


Note: This linter can be disabled with `set_option linter.style.whitespace false`
warning: Sbsound/Portfolio.lean:85:100: This line exceeds the 100 character limit, please shorten it!

Note: This linter can be disabled with `set_option linter.style.longLine false`
warning: Sbsound/Portfolio.lean:85:24: extra space in the source

This part of the code
  'sound_K3x5_K2x4  : EncodeSoundFor'
should be written as
  'sound_K3x5_K2x4 : EncodeSoundFor'


Note: This linter can be disabled with `set_option linter.style.whitespace false`
warning: Sbsound/Portfolio.lean:86:100: This line exceeds the 100 character limit, please shorten it!

Note: This linter can be disabled with `set_option linter.style.longLine false`
warning: Sbsound/Portfolio.lean:86:24: extra space in the source

This part of the code
  'sound_K3x5_K2x5  : EncodeSoundFor'
should be written as
  'sound_K3x5_K2x5 : EncodeSoundFor'


Note: This linter can be disabled with `set_option linter.style.whitespace false`
warning: Sbsound/Portfolio.lean:87:100: This line exceeds the 100 character limit, please shorten it!

Note: This linter can be disabled with `set_option linter.style.longLine false`
warning: Sbsound/Portfolio.lean:87:24: extra space in the source

This part of the code
  'sound_K3x5_K3x3  : EncodeSoundFor'
should be written as
  'sound_K3x5_K3x3 : EncodeSoundFor'


Note: This linter can be disabled with `set_option linter.style.whitespace false`
warning: Sbsound/Portfolio.lean:88:100: This line exceeds the 100 character limit, please shorten it!

Note: This linter can be disabled with `set_option linter.style.longLine false`
warning: Sbsound/Portfolio.lean:88:24: extra space in the source

This part of the code
  'sound_K3x5_K3x4  : EncodeSoundFor'
should be written as
  'sound_K3x5_K3x4 : EncodeSoundFor'


Note: This linter can be disabled with `set_option linter.style.whitespace false`
info: Sbsound/Portfolio.lean:232:0: 'SB.Portfolio.dol_encode_sound_bip' depends on axioms: [propext, Classical.choice, Quot.sound]
info: Sbsound/Portfolio.lean:233:0: 'SB.Portfolio.dol_sound_K2x8_K2x5' depends on axioms: [propext, Classical.choice, Quot.sound]
info: Sbsound/Portfolio.lean:234:0: 'SB.Portfolio.no_colouring_of_no_dol_leader_bip' depends on axioms: [propext, Classical.choice, Quot.sound]
info: Sbsound/Portfolio.lean:238:0: 'SB.Portfolio.encode_sound_bip' depends on axioms: [propext, Classical.choice, Quot.sound]
info: Sbsound/Portfolio.lean:239:0: 'SB.Portfolio.sound_K3x4_K3x3' depends on axioms: [propext, Classical.choice, Quot.sound]
info: Sbsound/Portfolio.lean:240:0: 'SB.Portfolio.sound_K2x2_K2x19' depends on axioms: [propext, Classical.choice, Quot.sound]
info: Sbsound/Portfolio.lean:241:0: 'SB.Portfolio.sound_three_colour' depends on axioms: [propext, Classical.choice, Quot.sound]
info: Sbsound/Portfolio.lean:242:0: 'SB.Portfolio.no_colouring_of_no_leader' depends on axioms: [propext, Classical.choice, Quot.sound]
info: Sbsound/Portfolio.lean:243:0: 'SB.Portfolio.no_colouring_of_no_leader_fam' depends on axioms: [propext, Classical.choice, Quot.sound]
⚠ [8522/8836] Replayed Sbsound.BipBridge
warning: Sbsound/BipBridge.lean:261:100: This line exceeds the 100 character limit, please shorten it!

Note: This linter can be disabled with `set_option linter.style.longLine false`
warning: Sbsound/BipBridge.lean:263:100: This line exceeds the 100 character limit, please shorten it!

Note: This linter can be disabled with `set_option linter.style.longLine false`
warning: Sbsound/BipBridge.lean:268:100: This line exceeds the 100 character limit, please shorten it!

Note: This linter can be disabled with `set_option linter.style.longLine false`
warning: Sbsound/BipBridge.lean:277:100: This line exceeds the 100 character limit, please shorten it!

Note: This linter can be disabled with `set_option linter.style.longLine false`
warning: Sbsound/BipBridge.lean:393:100: This line exceeds the 100 character limit, please shorten it!

Note: This linter can be disabled with `set_option linter.style.longLine false`
warning: Sbsound/BipBridge.lean:417:4: The `show` tactic should only be used to indicate intermediate goal states for readability.
However, this tactic invocation changed the goal. Please use `change` instead for these purposes.

Note: This linter can be disabled with `set_option linter.style.show false`
warning: Sbsound/BipBridge.lean:493:21: This simp argument is unused:
  Nat.add_sub_cancel_left

Hint: Omit it from the simp argument list.
  simp only [hr, List.map_cons, List.map_nil, List.flatMap_cons, List.flatMap_nil, List.append_nil,
  ̲  ̲ ̲ ̲N̵a̵t̵.̵a̵d̵d̵_̵s̵u̵b̵_̵c̵a̵n̵c̵e̵l̵_̵l̵e̵f̵t̵,̵ ̵show (2 : ℕ) - 2 = 0 from rfl, List.range'_zero, show List.range' (1 + 1) 1 = [2] from rfl,
  ̲  ̲ ̲ ̲listSat_cons, listSat_nil, and_true]

Note: This linter can be disabled with `set_option linter.unusedSimpArgs false`
warning: Sbsound/BipBridge.lean:519:21: This simp argument is unused:
  Nat.add_sub_cancel_left

Hint: Omit it from the simp argument list.
  simp only [hr, List.map_cons, List.map_nil, List.flatMap_cons, List.flatMap_nil, List.append_nil,
  ̲  ̲ ̲ ̲N̵a̵t̵.̵a̵d̵d̵_̵s̵u̵b̵_̵c̵a̵n̵c̵e̵l̵_̵l̵e̵f̵t̵,̵ ̵show (2 : ℕ) - 2 = 0 from rfl, List.range'_zero, show List.range' (1 + 1) 1 = [2] from rfl]

Note: This linter can be disabled with `set_option linter.unusedSimpArgs false`
warning: Sbsound/BipBridge.lean:525:28: This simp argument is unused:
  List.mem_singleton

Hint: Omit it from the simp argument list.
  simp only [List.mem_cons, L̵i̵s̵t̵.̵m̵e̵m̵_̵s̵i̵n̵g̵l̵e̵t̵o̵n̵,̵ ̵List.not_mem_nil, or_false] at hc

Note: This linter can be disabled with `set_option linter.unusedSimpArgs false`
warning: Sbsound/BipBridge.lean:526:57: This simp argument is unused:
  List.mem_singleton

Hint: Omit it from the simp argument list.
  simp only [List.mem_cons, L̵i̵s̵t̵.̵m̵e̵m̵_̵s̵i̵n̵g̵l̵e̵t̵o̵n̵,̵ ̵List.not_mem_nil, or_false] at hl

Note: This linter can be disabled with `set_option linter.unusedSimpArgs false`
warning: Sbsound/BipBridge.lean:526:100: This line exceeds the 100 character limit, please shorten it!

Note: This linter can be disabled with `set_option linter.style.longLine false`
warning: Sbsound/BipBridge.lean:613:6: The `show` tactic should only be used to indicate intermediate goal states for readability.
However, this tactic invocation changed the goal. Please use `change` instead for these purposes.

Note: This linter can be disabled with `set_option linter.style.show false`
warning: Sbsound/BipBridge.lean:615:6: The `show` tactic should only be used to indicate intermediate goal states for readability.
However, this tactic invocation changed the goal. Please use `change` instead for these purposes.

Note: This linter can be disabled with `set_option linter.style.show false`
warning: Sbsound/BipBridge.lean:763:36: This simp argument is unused:
  List.getElem?_range'

Hint: Omit it from the simp argument list.
  simp [List.getD_eq_getElem?_getD, L̵i̵s̵t̵.̵g̵e̵t̵E̵l̵e̵m̵?̵_̵r̵a̵n̵g̵e̵'̵,̵ ̵hi]

Note: This linter can be disabled with `set_option linter.unusedSimpArgs false`
warning: Sbsound/BipBridge.lean:900:6: `push_neg` has been deprecated. Prefer using `push Not` instead.
If you'd rather continue using `push_neg` in your project, you can implement it as follows:
```
open Lean.Parser.Tactic in
macro "push_neg" cfg:optConfig loc:(location)? : tactic =>
  `(tactic| push $cfg:optConfig Not $[$loc]?)
```
warning: Sbsound/BipBridge.lean:947:35: this tactic is never executed

Note: This linter can be disabled with `set_option linter.unreachableTactic false`
warning: Sbsound/BipBridge.lean:948:27: Used `tac1 <;> tac2` where `(tac1; tac2)` would suffice

Note: This linter can be disabled with `set_option linter.unnecessarySeqFocus false`
warning: Sbsound/BipBridge.lean:947:35: 'first
| omega
| exact Fin.ext (by simp; omega)' tactic does nothing

Note: This linter can be disabled with `set_option linter.unusedTactic false`
warning: Sbsound/BipBridge.lean:1008:12: This simp argument is unused:
  List.filterMap_cons

Hint: Omit it from the simp argument list.
  simp [L̵i̵s̵t̵.̵f̵i̵l̵t̵e̵r̵M̵a̵p̵_̵c̵o̵n̵s̵,̵ ̵h, filterMap_ite_none p g l]

Note: This linter can be disabled with `set_option linter.unusedSimpArgs false`
warning: Sbsound/BipBridge.lean:1009:12: This simp argument is unused:
  List.filterMap_cons

Hint: Omit it from the simp argument list.
  simp [L̵i̵s̵t̵.̵f̵i̵l̵t̵e̵r̵M̵a̵p̵_̵c̵o̵n̵s̵,̵ ̵h, filterMap_ite_none p g l]

Note: This linter can be disabled with `set_option linter.unusedSimpArgs false`
warning: Sbsound/BipBridge.lean:1019:64: Used `tac1 <;> tac2` where `(tac1; tac2)` would suffice

Note: This linter can be disabled with `set_option linter.unnecessarySeqFocus false`
warning: Sbsound/BipBridge.lean:1040:100: This line exceeds the 100 character limit, please shorten it!

Note: This linter can be disabled with `set_option linter.style.longLine false`
warning: Sbsound/BipBridge.lean:1206:100: This line exceeds the 100 character limit, please shorten it!

Note: This linter can be disabled with `set_option linter.style.longLine false`
warning: Sbsound/BipBridge.lean:1211:100: This line exceeds the 100 character limit, please shorten it!

Note: This linter can be disabled with `set_option linter.style.longLine false`
warning: Sbsound/BipBridge.lean:1212:100: This line exceeds the 100 character limit, please shorten it!

Note: This linter can be disabled with `set_option linter.style.longLine false`
warning: Sbsound/BipBridge.lean:1233:49: unused variable `hv`

Note: This linter can be disabled with `set_option linter.unusedVariables false`
warning: Sbsound/BipBridge.lean:1307:34: This simp argument is unused:
  List.mem_singleton

Hint: Omit it from the simp argument list.
  simp only [List.mem_cons, L̵i̵s̵t̵.̵m̵e̵m̵_̵s̵i̵n̵g̵l̵e̵t̵o̵n̵,̵ ̵List.not_mem_nil, or_false] at hl

Note: This linter can be disabled with `set_option linter.unusedSimpArgs false`
warning: Sbsound/BipBridge.lean:1326:32: This simp argument is unused:
  List.mem_singleton

Hint: Omit it from the simp argument list.
  simp only [List.mem_cons, L̵i̵s̵t̵.̵m̵e̵m̵_̵s̵i̵n̵g̵l̵e̵t̵o̵n̵,̵ ̵List.not_mem_nil, or_false] at hl

Note: This linter can be disabled with `set_option linter.unusedSimpArgs false`
warning: Sbsound/BipBridge.lean:1353:32: This simp argument is unused:
  List.mem_singleton

Hint: Omit it from the simp argument list.
  simp only [List.mem_cons, L̵i̵s̵t̵.̵m̵e̵m̵_̵s̵i̵n̵g̵l̵e̵t̵o̵n̵,̵ ̵List.not_mem_nil, or_false] at hl

Note: This linter can be disabled with `set_option linter.unusedSimpArgs false`
warning: Sbsound/BipBridge.lean:1361:32: This simp argument is unused:
  List.mem_singleton

Hint: Omit it from the simp argument list.
  simp only [List.mem_cons, L̵i̵s̵t̵.̵m̵e̵m̵_̵s̵i̵n̵g̵l̵e̵t̵o̵n̵,̵ ̵List.not_mem_nil, or_false] at hl

Note: This linter can be disabled with `set_option linter.unusedSimpArgs false`
warning: Sbsound/BipBridge.lean:1396:34: This simp argument is unused:
  List.mem_singleton

Hint: Omit it from the simp argument list.
  simp only [List.mem_cons, L̵i̵s̵t̵.̵m̵e̵m̵_̵s̵i̵n̵g̵l̵e̵t̵o̵n̵,̵ ̵List.not_mem_nil, or_false] at hC

Note: This linter can be disabled with `set_option linter.unusedSimpArgs false`
warning: Sbsound/BipBridge.lean:1398:34: This simp argument is unused:
  List.mem_singleton

Hint: Omit it from the simp argument list.
  simp only [List.mem_cons, L̵i̵s̵t̵.̵m̵e̵m̵_̵s̵i̵n̵g̵l̵e̵t̵o̵n̵,̵ ̵List.not_mem_nil, or_false] at hl

Note: This linter can be disabled with `set_option linter.unusedSimpArgs false`
warning: Sbsound/BipBridge.lean:1300:100: This line exceeds the 100 character limit, please shorten it!

Note: This linter can be disabled with `set_option linter.style.longLine false`
warning: Sbsound/BipBridge.lean:1374:100: This line exceeds the 100 character limit, please shorten it!

Note: This linter can be disabled with `set_option linter.style.longLine false`
warning: Sbsound/BipBridge.lean:1376:100: This line exceeds the 100 character limit, please shorten it!

Note: This linter can be disabled with `set_option linter.style.longLine false`
warning: Sbsound/BipBridge.lean:1378:100: This line exceeds the 100 character limit, please shorten it!

Note: This linter can be disabled with `set_option linter.style.longLine false`
warning: Sbsound/BipBridge.lean:1380:100: This line exceeds the 100 character limit, please shorten it!

Note: This linter can be disabled with `set_option linter.style.longLine false`
warning: Sbsound/BipBridge.lean:1335:6: The `show` tactic should only be used to indicate intermediate goal states for readability.
However, this tactic invocation changed the goal. Please use `change` instead for these purposes.

Note: This linter can be disabled with `set_option linter.style.show false`
warning: Sbsound/BipBridge.lean:1406:37: The `show` tactic should only be used to indicate intermediate goal states for readability.
However, this tactic invocation changed the goal. Please use `change` instead for these purposes.

Note: This linter can be disabled with `set_option linter.style.show false`
warning: Sbsound/BipBridge.lean:1407:33: The `show` tactic should only be used to indicate intermediate goal states for readability.
However, this tactic invocation changed the goal. Please use `change` instead for these purposes.

Note: This linter can be disabled with `set_option linter.style.show false`
warning: Sbsound/BipBridge.lean:1408:6: The `show` tactic should only be used to indicate intermediate goal states for readability.
However, this tactic invocation changed the goal. Please use `change` instead for these purposes.

Note: This linter can be disabled with `set_option linter.style.show false`
warning: Sbsound/BipBridge.lean:1411:6: The `show` tactic should only be used to indicate intermediate goal states for readability.
However, this tactic invocation changed the goal. Please use `change` instead for these purposes.

Note: This linter can be disabled with `set_option linter.style.show false`
warning: Sbsound/BipBridge.lean:1464:34: This simp argument is unused:
  List.mem_singleton

Hint: Omit it from the simp argument list.
  simp only [List.mem_cons, L̵i̵s̵t̵.̵m̵e̵m̵_̵s̵i̵n̵g̵l̵e̵t̵o̵n̵,̵ ̵List.not_mem_nil, or_false] at hl

Note: This linter can be disabled with `set_option linter.unusedSimpArgs false`
warning: Sbsound/BipBridge.lean:1469:34: This simp argument is unused:
  List.mem_singleton

Hint: Omit it from the simp argument list.
  simp only [List.mem_cons, L̵i̵s̵t̵.̵m̵e̵m̵_̵s̵i̵n̵g̵l̵e̵t̵o̵n̵,̵ ̵List.not_mem_nil, or_false] at hl

Note: This linter can be disabled with `set_option linter.unusedSimpArgs false`
warning: Sbsound/BipBridge.lean:1474:32: This simp argument is unused:
  List.mem_singleton

Hint: Omit it from the simp argument list.
  simp only [List.mem_cons, L̵i̵s̵t̵.̵m̵e̵m̵_̵s̵i̵n̵g̵l̵e̵t̵o̵n̵,̵ ̵List.not_mem_nil, or_false] at hC

Note: This linter can be disabled with `set_option linter.unusedSimpArgs false`
warning: Sbsound/BipBridge.lean:1476:34: This simp argument is unused:
  List.mem_singleton

Hint: Omit it from the simp argument list.
  simp only [List.mem_cons, L̵i̵s̵t̵.̵m̵e̵m̵_̵s̵i̵n̵g̵l̵e̵t̵o̵n̵,̵ ̵List.not_mem_nil, or_false] at hl

Note: This linter can be disabled with `set_option linter.unusedSimpArgs false`
warning: Sbsound/BipBridge.lean:1515:34: This simp argument is unused:
  List.mem_singleton

Hint: Omit it from the simp argument list.
  simp only [List.mem_cons, L̵i̵s̵t̵.̵m̵e̵m̵_̵s̵i̵n̵g̵l̵e̵t̵o̵n̵,̵ ̵List.not_mem_nil, or_false] at hl

Note: This linter can be disabled with `set_option linter.unusedSimpArgs false`
warning: Sbsound/BipBridge.lean:1520:34: This simp argument is unused:
  List.mem_singleton

Hint: Omit it from the simp argument list.
  simp only [List.mem_cons, L̵i̵s̵t̵.̵m̵e̵m̵_̵s̵i̵n̵g̵l̵e̵t̵o̵n̵,̵ ̵List.not_mem_nil, or_false] at hl

Note: This linter can be disabled with `set_option linter.unusedSimpArgs false`
warning: Sbsound/BipBridge.lean:1525:34: This simp argument is unused:
  List.mem_singleton

Hint: Omit it from the simp argument list.
  simp only [List.mem_cons, L̵i̵s̵t̵.̵m̵e̵m̵_̵s̵i̵n̵g̵l̵e̵t̵o̵n̵,̵ ̵List.not_mem_nil, or_false] at hl

Note: This linter can be disabled with `set_option linter.unusedSimpArgs false`
warning: Sbsound/BipBridge.lean:1531:32: This simp argument is unused:
  List.mem_singleton

Hint: Omit it from the simp argument list.
  simp only [List.mem_cons, L̵i̵s̵t̵.̵m̵e̵m̵_̵s̵i̵n̵g̵l̵e̵t̵o̵n̵,̵ ̵List.not_mem_nil, or_false] at hC

Note: This linter can be disabled with `set_option linter.unusedSimpArgs false`
warning: Sbsound/BipBridge.lean:1533:34: This simp argument is unused:
  List.mem_singleton

Hint: Omit it from the simp argument list.
  simp only [List.mem_cons, L̵i̵s̵t̵.̵m̵e̵m̵_̵s̵i̵n̵g̵l̵e̵t̵o̵n̵,̵ ̵List.not_mem_nil, or_false] at hl

Note: This linter can be disabled with `set_option linter.unusedSimpArgs false`
warning: Sbsound/BipBridge.lean:1488:32: Used `tac1 <;> tac2` where `(tac1; tac2)` would suffice

Note: This linter can be disabled with `set_option linter.unnecessarySeqFocus false`
warning: Sbsound/BipBridge.lean:1507:100: This line exceeds the 100 character limit, please shorten it!

Note: This linter can be disabled with `set_option linter.style.longLine false`
warning: Sbsound/BipBridge.lean:1592:100: This line exceeds the 100 character limit, please shorten it!

Note: This linter can be disabled with `set_option linter.style.longLine false`
warning: Sbsound/BipBridge.lean:1597:2: The `show` tactic should only be used to indicate intermediate goal states for readability.
However, this tactic invocation changed the goal. Please use `change` instead for these purposes.

Note: This linter can be disabled with `set_option linter.style.show false`
warning: Sbsound/BipBridge.lean:1603:100: This line exceeds the 100 character limit, please shorten it!

Note: This linter can be disabled with `set_option linter.style.longLine false`
warning: Sbsound/BipBridge.lean:1649:30: This simp argument is unused:
  List.mem_singleton

Hint: Omit it from the simp argument list.
  simp only [List.mem_cons, L̵i̵s̵t̵.̵m̵e̵m̵_̵s̵i̵n̵g̵l̵e̵t̵o̵n̵,̵ ̵List.not_mem_nil, or_false] at hl

Note: This linter can be disabled with `set_option linter.unusedSimpArgs false`
warning: Sbsound/BipBridge.lean:1662:32: This simp argument is unused:
  List.mem_singleton

Hint: Omit it from the simp argument list.
  simp only [List.mem_cons, L̵i̵s̵t̵.̵m̵e̵m̵_̵s̵i̵n̵g̵l̵e̵t̵o̵n̵,̵ ̵List.not_mem_nil, or_false] at hl

Note: This linter can be disabled with `set_option linter.unusedSimpArgs false`
warning: Sbsound/BipBridge.lean:1670:32: This simp argument is unused:
  List.mem_singleton

Hint: Omit it from the simp argument list.
  simp only [List.mem_cons, L̵i̵s̵t̵.̵m̵e̵m̵_̵s̵i̵n̵g̵l̵e̵t̵o̵n̵,̵ ̵List.not_mem_nil, or_false] at hl

Note: This linter can be disabled with `set_option linter.unusedSimpArgs false`
warning: Sbsound/BipBridge.lean:1677:32: This simp argument is unused:
  List.mem_singleton

Hint: Omit it from the simp argument list.
  simp only [List.mem_cons, L̵i̵s̵t̵.̵m̵e̵m̵_̵s̵i̵n̵g̵l̵e̵t̵o̵n̵,̵ ̵List.not_mem_nil, or_false] at hl

Note: This linter can be disabled with `set_option linter.unusedSimpArgs false`
warning: Sbsound/BipBridge.lean:1686:30: This simp argument is unused:
  List.mem_singleton

Hint: Omit it from the simp argument list.
  simp only [List.mem_cons, L̵i̵s̵t̵.̵m̵e̵m̵_̵s̵i̵n̵g̵l̵e̵t̵o̵n̵,̵ ̵List.not_mem_nil, or_false] at hl

Note: This linter can be disabled with `set_option linter.unusedSimpArgs false`
warning: Sbsound/BipBridge.lean:1730:19: The `show` tactic should only be used to indicate intermediate goal states for readability.
However, this tactic invocation changed the goal. Please use `change` instead for these purposes.

Note: This linter can be disabled with `set_option linter.style.show false`
warning: Sbsound/BipBridge.lean:1735:8: unused variable `st`

Note: This linter can be disabled with `set_option linter.unusedVariables false`
warning: Sbsound/BipBridge.lean:1754:4: this tactic is never executed

Note: This linter can be disabled with `set_option linter.unreachableTactic false`
warning: Sbsound/BipBridge.lean:1754:4: '(
  congr 1
  funext acc v
  rcases acc with ⟨cls, nv⟩ <;> (rcases hlt : lexTransposition n r v nv with ⟨c2, nv2⟩ <;> rfl))' tactic does nothing

Note: This linter can be disabled with `set_option linter.unusedTactic false`
warning: Sbsound/BipBridge.lean:1798:2: The `show` tactic should only be used to indicate intermediate goal states for readability.
However, this tactic invocation changed the goal. Please use `change` instead for these purposes.

Note: This linter can be disabled with `set_option linter.style.show false`
info: Sbsound/BipBridge.lean:1897:0: 'SB.BipBridge.bridgeAssign_sat' depends on axioms: [propext, Classical.choice, Quot.sound]
info: Sbsound/BipBridge.lean:1898:0: 'SB.BipBridge.bip_bridge' depends on axioms: [propext, Classical.choice, Quot.sound]
info: Sbsound/BipBridge.lean:1899:0: 'SB.BipBridge.no_colouring_of_encodeBip_unsat' depends on axioms: [propext, Classical.choice, Quot.sound]
info: Sbsound/BipBridge.lean:1900:0: 'SB.BipBridge.no_colouring_of_toCNFV_unsat' depends on axioms: [propext, Classical.choice, Quot.sound]
⚠ [8523/8836] Replayed Lemma12
warning: Lemma12.lean:104:0: `even_excess` does not use the following hypothesis in its type:
  • [DecidableEq α] (#2)

Consider removing this hypothesis and using `classical` in the proof instead. For terms, consider using `open scoped Classical in` at the term level (not the command level).

Note: This linter can be disabled with `set_option linter.unusedDecidableInType false`
warning: Lemma12.lean:131:0: `step7_core` does not use the following hypothesis in its type:
  • [DecidableEq α] (#2)

Consider removing this hypothesis and using `classical` in the proof instead. For terms, consider using `open scoped Classical in` at the term level (not the command level).

Note: This linter can be disabled with `set_option linter.unusedDecidableInType false`
warning: Lemma12.lean:185:11: extra space in the source

This part of the code
  'redNbr  (v :'
should be written as
  'redNbr (v :'


Note: This linter can be disabled with `set_option linter.style.whitespace false`
warning: Lemma12.lean:192:25: extra space in the source

This part of the code
  'mem_redNbr  {v u'
should be written as
  'mem_redNbr {v u'


Note: This linter can be disabled with `set_option linter.style.whitespace false`
warning: Lemma12.lean:254:100: This line exceeds the 100 character limit, please shorten it!

Note: This linter can be disabled with `set_option linter.style.longLine false`
info: Lemma12.lean:671:0: 'DegreeLemma.pairs_growth' depends on axioms: [propext, Classical.choice, Quot.sound]
info: Lemma12.lean:672:0: 'DegreeLemma.even_excess' depends on axioms: [propext, Classical.choice, Quot.sound]
info: Lemma12.lean:673:0: 'DegreeLemma.step7_core' depends on axioms: [propext, Classical.choice, Quot.sound]
info: Lemma12.lean:674:0: 'Colouring.key' depends on axioms: [propext, Classical.choice, Quot.sound]
info: Lemma12.lean:675:0: 'Colouring.double_count' depends on axioms: [propext, Classical.choice, Quot.sound]
info: Lemma12.lean:676:0: 'Colouring.step2' depends on axioms: [propext, Classical.choice, Quot.sound]
info: Lemma12.lean:677:0: 'Colouring.step3' depends on axioms: [propext, Classical.choice, Quot.sound]
info: Lemma12.lean:678:0: 'Colouring.cross_count' depends on axioms: [propext, Classical.choice, Quot.sound]
info: Lemma12.lean:679:0: 'Colouring.L_identity' depends on axioms: [propext, Classical.choice, Quot.sound]
info: Lemma12.lean:680:0: 'Colouring.card_partition' depends on axioms: [propext, Classical.choice, Quot.sound]
info: Lemma12.lean:681:0: 'Colouring.step12' depends on axioms: [propext, Classical.choice, Quot.sound]
info: Lemma12.lean:682:0: 'Colouring.step13' depends on axioms: [propext, Classical.choice, Quot.sound]
info: Lemma12.lean:683:0: 'Colouring.degree_eleven_impossible' depends on axioms: [propext, Classical.choice, Quot.sound]
info: Lemma12.lean:684:0: 'Colouring.degree_seven_impossible' depends on axioms: [propext, Classical.choice, Quot.sound]
info: Lemma12.lean:685:0: 'Colouring.even_card_of_symm' depends on axioms: [propext, Classical.choice, Quot.sound]
info: Lemma12.lean:686:0: 'Colouring.even_internal_red_degree_sum' depends on axioms: [propext, Classical.choice, Quot.sound]
info: Lemma12.lean:688:0: 'Colouring.swap_blueNbr' depends on axioms: [propext, Classical.choice, Quot.sound]
info: Lemma12.lean:689:0: 'Colouring.swap_blueCodeg' depends on axioms: [propext, Classical.choice, Quot.sound]
warning: Lemma12.lean:712:17: This simp argument is unused:
  this

Hint: Omit it from the simp argument list.
  simp [hlt,̵ ̵t̵h̵i̵s̵] at he

Note: This linter can be disabled with `set_option linter.unusedSimpArgs false`
warning: Lemma12.lean:720:17: This simp argument is unused:
  this

Hint: Omit it from the simp argument list.
  simp [hlt,̵ ̵t̵h̵i̵s̵]

Note: This linter can be disabled with `set_option linter.unusedSimpArgs false`
warning: Lemma12.lean:720:6: `simp [hlt, this]` is a flexible tactic modifying `⊢`. Try `simp?` and use the suggested `simp only [...]`. Alternatively, use `suffices` to explicitly state the simplified form.

Note: This linter can be disabled with `set_option linter.flexible false`
info: Lemma12.lean:720:6: Try this:
  [apply] simp only [Fin.isValue, ite_eq_left_iff, Bool.not_eq_true, zero_ne_one, imp_false, Bool.not_eq_false]
info: Lemma12.lean:721:6: `rw [← K.symm i j]` uses `⊢`!
info: Lemma12.lean:752:0: 'Colouring.colourRel_toE_one' depends on axioms: [propext, Quot.sound]
info: Lemma12.lean:753:0: 'Colouring.commonNbrs_toE_pair' depends on axioms: [propext, Classical.choice, Quot.sound]
info: Lemma12.lean:754:0: 'Colouring.deg_toE_one' depends on axioms: [propext, Classical.choice, Quot.sound]
warning: Lemma12.lean:770:17: This simp argument is unused:
  hji

Hint: Omit it from the simp argument list.
  simp [hlt,̵ ̵h̵j̵i̵]

Note: This linter can be disabled with `set_option linter.unusedSimpArgs false`
warning: Lemma12.lean:770:6: `simp [hlt, hji]` is a flexible tactic modifying `⊢`. Try `simp?` and use the suggested `simp only [...]`. Alternatively, use `suffices` to explicitly state the simplified form.

Note: This linter can be disabled with `set_option linter.flexible false`
info: Lemma12.lean:770:6: Try this:
  [apply] simp only [Fin.isValue, ite_eq_right_iff, one_ne_zero, imp_false, Bool.not_eq_true]
info: Lemma12.lean:770:23: `rw [← K.symm i j]` uses `⊢`!
info: Lemma12.lean:816:0: 'Colouring.cap_of_NoKst_blue' depends on axioms: [propext, Classical.choice, Quot.sound]
info: Lemma12.lean:817:0: 'Colouring.cap_of_NoKst_red' depends on axioms: [propext, Classical.choice, Quot.sound]
info: Lemma12.lean:818:0: 'Colouring.degrees_avoid_seven_and_eleven' depends on axioms: [propext, Classical.choice, Quot.sound]
warning: Lemma12.lean:832:0: `offDiag_card'` does not use the following hypothesis in its type:
  • [DecidableEq α] (#2)

Consider removing this hypothesis and using `classical` in the proof instead. For terms, consider using `open scoped Classical in` at the term level (not the command level).

Note: This linter can be disabled with `set_option linter.unusedDecidableInType false`
info: Lemma12.lean:900:0: 'Colouring.counting_13' depends on axioms: [propext, Classical.choice, Quot.sound]
warning: Lemma12.lean:909:2: `push_neg` has been deprecated. Prefer using `push Not` instead.
If you'd rather continue using `push_neg` in your project, you can implement it as follows:
```
open Lean.Parser.Tactic in
macro "push_neg" cfg:optConfig loc:(location)? : tactic =>
  `(tactic| push $cfg:optConfig Not $[$loc]?)
```
info: Lemma12.lean:918:0: 'Colouring.degree_lt_twelve' depends on axioms: [propext, Classical.choice, Quot.sound]
warning: Lemma12.lean:929:2: `push_neg` has been deprecated. Prefer using `push Not` instead.
If you'd rather continue using `push_neg` in your project, you can implement it as follows:
```
open Lean.Parser.Tactic in
macro "push_neg" cfg:optConfig loc:(location)? : tactic =>
  `(tactic| push $cfg:optConfig Not $[$loc]?)
```
info: Lemma12.lean:957:0: 'Colouring.degree_gt_six' depends on axioms: [propext, Classical.choice, Quot.sound]
info: Lemma12.lean:958:0: 'Colouring.degree_in_eight_nine_ten' depends on axioms: [propext, Classical.choice, Quot.sound]
info: Lemma12.lean:988:0: 'Colouring.double_count_gen' depends on axioms: [propext, Classical.choice, Quot.sound]
info: Lemma12.lean:1015:0: 'Colouring.offDiag_sum_le' depends on axioms: [propext, Classical.choice, Quot.sound]
info: Lemma12.lean:1016:0: 'Colouring.red_incidence_sum' depends on axioms: [propext, Classical.choice, Quot.sound]
info: Lemma12.lean:1055:0: 'Colouring.second_moment' depends on axioms: [propext, Classical.choice, Quot.sound]
info: Lemma12.lean:1056:0: 'Colouring.class_quadratic' depends on axioms: [propext, Classical.choice, Quot.sound]
info: Lemma12.lean:1078:0: 'Colouring.split_cs' depends on axioms: [propext, Classical.choice, Quot.sound]
info: Lemma12.lean:1121:0: 'Colouring.blue_cross_count' depends on axioms: [propext, Classical.choice, Quot.sound]
info: Lemma12.lean:1122:0: 'Colouring.blue_red_split_card' depends on axioms: [propext, Classical.choice, Quot.sound]
info: Lemma12.lean:1123:0: 'Colouring.red_inter_T_eq_codeg' depends on axioms: [propext, Classical.choice, Quot.sound]
info: Lemma12.lean:1154:0: 'Colouring.blue_into_T_lower' depends on axioms: [propext, Classical.choice, Quot.sound]
info: Lemma12.lean:1155:0: 'Colouring.blue_into_S_upper' depends on axioms: [propext, Classical.choice, Quot.sound]
info: Lemma12.lean:1220:0: 'Colouring.blue_split_S_T' depends on axioms: [propext, Classical.choice, Quot.sound]
info: Lemma12.lean:1221:0: 'Colouring.blue_into_S_upper_sharp' depends on axioms: [propext, Classical.choice, Quot.sound]
info: Lemma12.lean:1271:0: 'Colouring.internal_class_cap' depends on axioms: [propext, Classical.choice, Quot.sound]
warning: Lemma12.lean:1285:17: `Finset.filter_card_add_filter_neg_card_eq_card` has been deprecated: Use `Finset.card_filter_add_card_filter_not` instead
warning: Lemma12.lean:1308:17: `Finset.filter_card_add_filter_neg_card_eq_card` has been deprecated: Use `Finset.card_filter_add_card_filter_not` instead
info: Lemma12.lean:1313:0: 'Colouring.deg8_red_nbrs_le_four' depends on axioms: [propext, Classical.choice, Quot.sound]
info: Lemma12.lean:1314:0: 'Colouring.deg10_blue_nbrs_le_four' depends on axioms: [propext, Classical.choice, Quot.sound]
warning: Lemma12.lean:1320:100: This line exceeds the 100 character limit, please shorten it!

Note: This linter can be disabled with `set_option linter.style.longLine false`
info: Lemma12.lean:1363:0: 'Colouring.deg8_class_data' depends on axioms: [propext, Classical.choice, Quot.sound]
warning: Lemma12.lean:1365:0: Please, add a comment explaining the need for modifying the maxHeartbeat limit, as in
set_option maxHeartbeats 1000000 in
-- reason for change
...

Note: This linter can be disabled with `set_option linter.style.maxHeartbeats false`
warning: Lemma12.lean:1384:2: `push_neg` has been deprecated. Prefer using `push Not` instead.
If you'd rather continue using `push_neg` in your project, you can implement it as follows:
```
open Lean.Parser.Tactic in
macro "push_neg" cfg:optConfig loc:(location)? : tactic =>
  `(tactic| push $cfg:optConfig Not $[$loc]?)
```
info: Lemma12.lean:1398:0: 'Colouring.n8_le_seven' depends on axioms: [propext, Classical.choice, Quot.sound]
info: Lemma12.lean:1442:0: 'Colouring.deg10_class_data' depends on axioms: [propext, Classical.choice, Quot.sound]
warning: Lemma12.lean:1444:0: Please, add a comment explaining the need for modifying the maxHeartbeat limit, as in
set_option maxHeartbeats 1000000 in
-- reason for change
...

Note: This linter can be disabled with `set_option linter.style.maxHeartbeats false`
warning: Lemma12.lean:1461:2: `push_neg` has been deprecated. Prefer using `push Not` instead.
If you'd rather continue using `push_neg` in your project, you can implement it as follows:
```
open Lean.Parser.Tactic in
macro "push_neg" cfg:optConfig loc:(location)? : tactic =>
  `(tactic| push $cfg:optConfig Not $[$loc]?)
```
info: Lemma12.lean:1485:0: 'Colouring.n10_le_ten' depends on axioms: [propext, Classical.choice, Quot.sound]
info: Lemma12.lean:1486:0: 'Colouring.class_bounds' depends on axioms: [propext, Classical.choice, Quot.sound]
info: Lemma12.lean:1596:0: 'Colouring.red_degree_sum_even' depends on axioms: [propext, Classical.choice, Quot.sound]
info: Lemma12.lean:1597:0: 'Colouring.blue_degree_sum_even' depends on axioms: [propext, Classical.choice, Quot.sound]
info: Lemma12.lean:1598:0: 'Colouring.histogram_membership' depends on axioms: [propext, Classical.choice, Quot.sound]
info: Lemma12.lean:1621:0: 'Colouring.admissibleHistograms_card' depends on axioms: [propext, Classical.choice, Quot.sound]
info: Lemma12.lean:1622:0: 'Colouring.histogram_in_admissible' depends on axioms: [propext, Classical.choice, Quot.sound]
warning: Lemma12.lean:1623:0: unclosed sections or namespaces; expected: '

end Colouring'

Note: This linter can be disabled with `set_option linter.style.missingEnd false`
⚠ [8524/8836] Replayed RootedLemmas.Deficit
warning: RootedLemmas/Deficit.lean:32:100: This line exceeds the 100 character limit, please shorten it!

Note: This linter can be disabled with `set_option linter.style.longLine false`
warning: RootedLemmas/Deficit.lean:160:100: This line exceeds the 100 character limit, please shorten it!

Note: This linter can be disabled with `set_option linter.style.longLine false`
warning: RootedLemmas/Deficit.lean:258:41: This simp argument is unused:
  le_max_iff

Hint: Omit it from the simp argument list.
  simp only [̵l̵e̵_̵m̵a̵x̵_̵i̵f̵f̵,̵ ̵m̵a̵x̵_̵l̵e̵_̵i̵f̵f̵,̵[̲m̲a̲x̲_̲l̲e̲_̲i̲f̲f̲,̲ le_min_iff, min_le_iff]

Note: This linter can be disabled with `set_option linter.unusedSimpArgs false`
warning: RootedLemmas/Deficit.lean:258:77: This simp argument is unused:
  min_le_iff

Hint: Omit it from the simp argument list.
  simp only [le_max_iff, max_le_iff, le_min_iff,̵ ̵m̵i̵n̵_̵l̵e̵_̵i̵f̵f̵]

Note: This linter can be disabled with `set_option linter.unusedSimpArgs false`
warning: RootedLemmas/Deficit.lean:287:17: This simp argument is unused:
  le_max_iff

Hint: Omit it from the simp argument list.
  simp only [̵l̵e̵_̵m̵a̵x̵_̵i̵f̵f̵,̵ ̵m̵a̵x̵_̵l̵e̵_̵i̵f̵f̵,̵[̲m̲a̲x̲_̲l̲e̲_̲i̲f̲f̲,̲ le_min_iff, min_le_iff]

Note: This linter can be disabled with `set_option linter.unusedSimpArgs false`
warning: RootedLemmas/Deficit.lean:287:53: This simp argument is unused:
  min_le_iff

Hint: Omit it from the simp argument list.
  simp only [le_max_iff, max_le_iff, le_min_iff,̵ ̵m̵i̵n̵_̵l̵e̵_̵i̵f̵f̵]

Note: This linter can be disabled with `set_option linter.unusedSimpArgs false`
warning: RootedLemmas/Deficit.lean:294:17: This simp argument is unused:
  le_max_iff

Hint: Omit it from the simp argument list.
  simp only [̵l̵e̵_̵m̵a̵x̵_̵i̵f̵f̵,̵ ̵m̵a̵x̵_̵l̵e̵_̵i̵f̵f̵,̵[̲m̲a̲x̲_̲l̲e̲_̲i̲f̲f̲,̲ le_min_iff, min_le_iff]

Note: This linter can be disabled with `set_option linter.unusedSimpArgs false`
warning: RootedLemmas/Deficit.lean:294:53: This simp argument is unused:
  min_le_iff

Hint: Omit it from the simp argument list.
  simp only [le_max_iff, max_le_iff, le_min_iff,̵ ̵m̵i̵n̵_̵l̵e̵_̵i̵f̵f̵]

Note: This linter can be disabled with `set_option linter.unusedSimpArgs false`
warning: RootedLemmas/Deficit.lean:375:29: unused variable `hN`

Note: This linter can be disabled with `set_option linter.unusedVariables false`
info: RootedLemmas/Deficit.lean:386:0: 'tightTable_eq' does not depend on any axioms
info: RootedLemmas/Deficit.lean:387:0: 'tight22_symm' depends on axioms: [propext]
info: RootedLemmas/Deficit.lean:388:0: 'budgetOf_22' depends on axioms: [propext, Quot.sound]
info: RootedLemmas/Deficit.lean:389:0: 'Colouring.complement_identity' depends on axioms: [propext, Classical.choice, Quot.sound]
info: RootedLemmas/Deficit.lean:390:0: 'Colouring.deficit_sum' depends on axioms: [propext, Classical.choice, Quot.sound]
info: RootedLemmas/Deficit.lean:391:0: 'Colouring.deficit_sum_22' depends on axioms: [propext, Classical.choice, Quot.sound]
info: RootedLemmas/Deficit.lean:392:0: 'Colouring.deficit_le_budget' depends on axioms: [propext, Classical.choice, Quot.sound]
info: RootedLemmas/Deficit.lean:393:0: 'Colouring.budget_nonneg' depends on axioms: [propext, Classical.choice, Quot.sound]
info: RootedLemmas/Deficit.lean:394:0: 'Colouring.bounds_sound' depends on axioms: [propext, Classical.choice, Quot.sound]
info: RootedLemmas/Deficit.lean:395:0: 'Colouring.tight_sound' depends on axioms: [propext, Classical.choice, Quot.sound]
info: RootedLemmas/Deficit.lean:396:0: 'Colouring.tight_nonempty' depends on axioms: [propext, Classical.choice, Quot.sound]
info: RootedLemmas/Deficit.lean:397:0: 'Colouring.thresholdE_iff' depends on axioms: [propext, Classical.choice, Quot.sound]
info: RootedLemmas/Deficit.lean:398:0: 'Colouring.threshold_sum' depends on axioms: [propext, Classical.choice, Quot.sound]
info: RootedLemmas/Deficit.lean:399:0: 'Colouring.good_of_NoKst' depends on axioms: [propext, Classical.choice, Quot.sound]
info: RootedLemmas/Deficit.lean:400:0: 'Colouring.tight22_sound_NoKst' depends on axioms: [propext, Classical.choice, Quot.sound]
info: RootedLemmas/Deficit.lean:401:0: 'Colouring.threshold_sum_NoKst' depends on axioms: [propext, Classical.choice, Quot.sound]
warning: RootedLemmas/Deficit.lean:5:100: This line exceeds the 100 character limit, please shorten it!
You can use "string gaps" to format long strings: within a string quotation, using a '\' at the end of a line allows you to continue the string on the following line, removing all intervening whitespace.

Note: This linter can be disabled with `set_option linter.style.longLine false`
warning: RootedLemmas/Deficit.lean:9:100: This line exceeds the 100 character limit, please shorten it!

Note: This linter can be disabled with `set_option linter.style.longLine false`
warning: RootedLemmas/Deficit.lean:10:100: This line exceeds the 100 character limit, please shorten it!

Note: This linter can be disabled with `set_option linter.style.longLine false`
⚠ [8525/8836] Replayed RootedLemmas.Filters
warning: RootedLemmas/Filters.lean:24:64: unused variable `hm`

Note: This linter can be disabled with `set_option linter.unusedVariables false`
warning: RootedLemmas/Filters.lean:225:100: This line exceeds the 100 character limit, please shorten it!

Note: This linter can be disabled with `set_option linter.style.longLine false`
warning: RootedLemmas/Filters.lean:261:100: This line exceeds the 100 character limit, please shorten it!

Note: This linter can be disabled with `set_option linter.style.longLine false`
warning: RootedLemmas/Filters.lean:266:100: This line exceeds the 100 character limit, please shorten it!

Note: This linter can be disabled with `set_option linter.style.longLine false`
info: RootedLemmas/Filters.lean:306:0: 'convexity_floor' depends on axioms: [propext, Classical.choice, Quot.sound]
info: RootedLemmas/Filters.lean:307:0: 'sum_offDiag_eq_two_sum_lt' depends on axioms: [propext, Classical.choice, Quot.sound]
info: RootedLemmas/Filters.lean:308:0: 'Colouring.card_split_root' depends on axioms: [propext, Classical.choice, Quot.sound]
info: RootedLemmas/Filters.lean:309:0: 'Colouring.deg_split' depends on axioms: [propext, Classical.choice, Quot.sound]
info: RootedLemmas/Filters.lean:310:0: 'Colouring.codeg_split' depends on axioms: [propext, Classical.choice, Quot.sound]
info: RootedLemmas/Filters.lean:311:0: 'Colouring.filter_i_core' depends on axioms: [propext, Classical.choice, Quot.sound]
info: RootedLemmas/Filters.lean:312:0: 'Colouring.sum_W_codeg' depends on axioms: [propext, Classical.choice, Quot.sound]
info: RootedLemmas/Filters.lean:313:0: 'Colouring.filter_ii_core' depends on axioms: [propext, Classical.choice, Quot.sound]
info: RootedLemmas/Filters.lean:314:0: 'Colouring.sum_offDiag_xW' depends on axioms: [propext, Classical.choice, Quot.sound]
info: RootedLemmas/Filters.lean:315:0: 'Colouring.sum_z_eq_T' depends on axioms: [propext, Classical.choice, Quot.sound]
info: RootedLemmas/Filters.lean:316:0: 'Colouring.filter_iii_core' depends on axioms: [propext, Classical.choice, Quot.sound]
info: RootedLemmas/Filters.lean:317:0: 'Colouring.shortfall_core' depends on axioms: [propext, Classical.choice, Quot.sound]
warning: RootedLemmas/Filters.lean:7:100: This line exceeds the 100 character limit, please shorten it!

Note: This linter can be disabled with `set_option linter.style.longLine false`
warning: RootedLemmas/Filters.lean:8:100: This line exceeds the 100 character limit, please shorten it!

Note: This linter can be disabled with `set_option linter.style.longLine false`
warning: RootedLemmas/Filters.lean:9:100: This line exceeds the 100 character limit, please shorten it!

Note: This linter can be disabled with `set_option linter.style.longLine false`
⚠ [8526/8836] Replayed RootedLemmas.FiltersPy
warning: RootedLemmas/FiltersPy.lean:241:15: This simp argument is unused:
  ltPairs

Hint: Omit it from the simp argument list.
  simp ̵[̵l̵t̵P̵a̵i̵r̵s̵]̵

Note: This linter can be disabled with `set_option linter.unusedSimpArgs false`
warning: RootedLemmas/FiltersPy.lean:228:100: This line exceeds the 100 character limit, please shorten it!

Note: This linter can be disabled with `set_option linter.style.longLine false`
warning: RootedLemmas/FiltersPy.lean:234:100: This line exceeds the 100 character limit, please shorten it!

Note: This linter can be disabled with `set_option linter.style.longLine false`
warning: RootedLemmas/FiltersPy.lean:247:100: This line exceeds the 100 character limit, please shorten it!

Note: This linter can be disabled with `set_option linter.style.longLine false`
warning: RootedLemmas/FiltersPy.lean:311:100: This line exceeds the 100 character limit, please shorten it!

Note: This linter can be disabled with `set_option linter.style.longLine false`
warning: RootedLemmas/FiltersPy.lean:312:100: This line exceeds the 100 character limit, please shorten it!

Note: This linter can be disabled with `set_option linter.style.longLine false`
warning: RootedLemmas/FiltersPy.lean:348:36: unused variable `hG`

Note: This linter can be disabled with `set_option linter.unusedVariables false`
warning: RootedLemmas/FiltersPy.lean:413:100: This line exceeds the 100 character limit, please shorten it!

Note: This linter can be disabled with `set_option linter.style.longLine false`
warning: RootedLemmas/FiltersPy.lean:418:100: This line exceeds the 100 character limit, please shorten it!

Note: This linter can be disabled with `set_option linter.style.longLine false`
info: RootedLemmas/FiltersPy.lean:446:0: 'two_mul_half' depends on axioms: [propext, Classical.choice, Quot.sound]
info: RootedLemmas/FiltersPy.lean:447:0: 'Colouring.RootLabel.popRow_eq' depends on axioms: [propext, Classical.choice, Quot.sound]
info: RootedLemmas/FiltersPy.lean:448:0: 'Colouring.RootLabel.popAnd_eq' depends on axioms: [propext, Classical.choice, Quot.sound]
info: RootedLemmas/FiltersPy.lean:449:0: 'Colouring.RootLabel.sum_map_offDiag' depends on axioms: [propext, Classical.choice, Quot.sound]
info: RootedLemmas/FiltersPy.lean:450:0: 'Colouring.filter_i_py' depends on axioms: [propext, Classical.choice, Quot.sound]
info: RootedLemmas/FiltersPy.lean:451:0: 'Colouring.sum_popRow' depends on axioms: [propext, Classical.choice, Quot.sound]
info: RootedLemmas/FiltersPy.lean:452:0: 'Colouring.filter_ii_py' depends on axioms: [propext, Classical.choice, Quot.sound]
info: RootedLemmas/FiltersPy.lean:453:0: 'Colouring.Ugen_valid' depends on axioms: [propext, Classical.choice, Quot.sound]
info: RootedLemmas/FiltersPy.lean:454:0: 'Colouring.filter_iii_py' depends on axioms: [propext, Classical.choice, Quot.sound]
info: RootedLemmas/FiltersPy.lean:455:0: 'Colouring.bh_valid' depends on axioms: [propext, Classical.choice, Quot.sound]
info: RootedLemmas/FiltersPy.lean:456:0: 'Colouring.shortfall_py' depends on axioms: [propext, Classical.choice, Quot.sound]
info: RootedLemmas/FiltersPy.lean:457:0: 'Colouring.shortfall_emitted_py' depends on axioms: [propext, Classical.choice, Quot.sound]
info: RootedLemmas/FiltersPy.lean:458:0: 'Colouring.filters_py_NoKst' depends on axioms: [propext, Classical.choice, Quot.sound]
⚠ [8528/8836] Replayed RootedM4.CoverBase
warning: RootedM4/CoverBase.lean:30:100: This line exceeds the 100 character limit, please shorten it!

Note: This linter can be disabled with `set_option linter.style.longLine false`
warning: RootedM4/CoverBase.lean:34:100: This line exceeds the 100 character limit, please shorten it!

Note: This linter can be disabled with `set_option linter.style.longLine false`
warning: RootedM4/CoverBase.lean:43:100: This line exceeds the 100 character limit, please shorten it!

Note: This linter can be disabled with `set_option linter.style.longLine false`
⚠ [8529/8836] Replayed RootedM4.CoverData.F_k8_c512
warning: RootedM4/CoverData/F_k8_c512.lean:7:100: This line exceeds the 100 character limit, please shorten it!

Note: This linter can be disabled with `set_option linter.style.longLine false`
warning: RootedM4/CoverData/F_k8_c512.lean:8:100: This line exceeds the 100 character limit, please shorten it!

Note: This linter can be disabled with `set_option linter.style.longLine false`
warning: RootedM4/CoverData/F_k8_c512.lean:1:100: This line exceeds the 100 character limit, please shorten it!

Note: This linter can be disabled with `set_option linter.style.longLine false`
⚠ [8530/8836] Replayed RootedM4.CoverData.F_k8_c521
warning: RootedM4/CoverData/F_k8_c521.lean:7:100: This line exceeds the 100 character limit, please shorten it!

Note: This linter can be disabled with `set_option linter.style.longLine false`
warning: RootedM4/CoverData/F_k8_c521.lean:8:100: This line exceeds the 100 character limit, please shorten it!

Note: This linter can be disabled with `set_option linter.style.longLine false`
warning: RootedM4/CoverData/F_k8_c521.lean:1:100: This line exceeds the 100 character limit, please shorten it!

Note: This linter can be disabled with `set_option linter.style.longLine false`
⚠ [8531/8836] Replayed RootedM4.CoverData.F_k8_c530
warning: RootedM4/CoverData/F_k8_c530.lean:7:100: This line exceeds the 100 character limit, please shorten it!

Note: This linter can be disabled with `set_option linter.style.longLine false`
warning: RootedM4/CoverData/F_k8_c530.lean:8:100: This line exceeds the 100 character limit, please shorten it!

Note: This linter can be disabled with `set_option linter.style.longLine false`
warning: RootedM4/CoverData/F_k8_c530.lean:1:100: This line exceeds the 100 character limit, please shorten it!

Note: This linter can be disabled with `set_option linter.style.longLine false`
⚠ [8532/8836] Replayed RootedM4.CoverData.F_k8_c602
warning: RootedM4/CoverData/F_k8_c602.lean:7:100: This line exceeds the 100 character limit, please shorten it!

Note: This linter can be disabled with `set_option linter.style.longLine false`
warning: RootedM4/CoverData/F_k8_c602.lean:8:100: This line exceeds the 100 character limit, please shorten it!

Note: This linter can be disabled with `set_option linter.style.longLine false`
warning: RootedM4/CoverData/F_k8_c602.lean:1:100: This line exceeds the 100 character limit, please shorten it!

Note: This linter can be disabled with `set_option linter.style.longLine false`
⚠ [8533/8836] Replayed RootedM4.CoverData.F_k8_c611
warning: RootedM4/CoverData/F_k8_c611.lean:7:100: This line exceeds the 100 character limit, please shorten it!

Note: This linter can be disabled with `set_option linter.style.longLine false`
warning: RootedM4/CoverData/F_k8_c611.lean:8:100: This line exceeds the 100 character limit, please shorten it!

Note: This linter can be disabled with `set_option linter.style.longLine false`
warning: RootedM4/CoverData/F_k8_c611.lean:1:100: This line exceeds the 100 character limit, please shorten it!

Note: This linter can be disabled with `set_option linter.style.longLine false`
⚠ [8534/8836] Replayed RootedM4.CoverData.F_k8_c620
warning: RootedM4/CoverData/F_k8_c620.lean:7:100: This line exceeds the 100 character limit, please shorten it!

Note: This linter can be disabled with `set_option linter.style.longLine false`
warning: RootedM4/CoverData/F_k8_c620.lean:8:100: This line exceeds the 100 character limit, please shorten it!

Note: This linter can be disabled with `set_option linter.style.longLine false`
warning: RootedM4/CoverData/F_k8_c620.lean:1:100: This line exceeds the 100 character limit, please shorten it!

Note: This linter can be disabled with `set_option linter.style.longLine false`
⚠ [8535/8836] Replayed RootedM4.CoverData.F_k9_c090
warning: RootedM4/CoverData/F_k9_c090.lean:7:100: This line exceeds the 100 character limit, please shorten it!

Note: This linter can be disabled with `set_option linter.style.longLine false`
warning: RootedM4/CoverData/F_k9_c090.lean:8:100: This line exceeds the 100 character limit, please shorten it!

Note: This linter can be disabled with `set_option linter.style.longLine false`
warning: RootedM4/CoverData/F_k9_c090.lean:1:100: This line exceeds the 100 character limit, please shorten it!

Note: This linter can be disabled with `set_option linter.style.longLine false`
⚠ [8536/8836] Replayed RootedM5.Witness21
warning: RootedM5/Witness21.lean:10:100: This line exceeds the 100 character limit, please shorten it!

Note: This linter can be disabled with `set_option linter.style.longLine false`
warning: RootedM5/Witness21.lean:20:100: This line exceeds the 100 character limit, please shorten it!

Note: This linter can be disabled with `set_option linter.style.longLine false`
info: RootedM5/Witness21.lean:90:0: 'SB.Witness21K28.witness_kernel' depends on axioms: [propext, Classical.choice, Quot.sound]
warning: RootedM5/Witness21.lean:1:100: This line exceeds the 100 character limit, please shorten it!

Note: This linter can be disabled with `set_option linter.style.longLine false`
⚠ [8537/8836] Replayed RootedM5.Axioms
warning: RootedM5/Axioms.lean:16:100: This line exceeds the 100 character limit, please shorten it!

Note: This linter can be disabled with `set_option linter.style.longLine false`
warning: RootedM5/Axioms.lean:17:100: This line exceeds the 100 character limit, please shorten it!

Note: This linter can be disabled with `set_option linter.style.longLine false`
⚠ [8538/8836] Replayed RootedBridge.Canon
warning: RootedBridge/Canon.lean:54:100: This line exceeds the 100 character limit, please shorten it!

Note: This linter can be disabled with `set_option linter.style.longLine false`
warning: RootedBridge/Canon.lean:80:100: This line exceeds the 100 character limit, please shorten it!

Note: This linter can be disabled with `set_option linter.style.longLine false`
warning: RootedBridge/Canon.lean:74:2: The `show` tactic should only be used to indicate intermediate goal states for readability.
However, this tactic invocation changed the goal. Please use `change` instead for these purposes.

Note: This linter can be disabled with `set_option linter.style.show false`
warning: RootedBridge/Canon.lean:86:2: The `show` tactic should only be used to indicate intermediate goal states for readability.
However, this tactic invocation changed the goal. Please use `change` instead for these purposes.

Note: This linter can be disabled with `set_option linter.style.show false`
warning: RootedBridge/Canon.lean:129:2: The `show` tactic should only be used to indicate intermediate goal states for readability.
However, this tactic invocation changed the goal. Please use `change` instead for these purposes.

Note: This linter can be disabled with `set_option linter.style.show false`
warning: RootedBridge/Canon.lean:140:4: The `show` tactic should only be used to indicate intermediate goal states for readability.
However, this tactic invocation changed the goal. Please use `change` instead for these purposes.

Note: This linter can be disabled with `set_option linter.style.show false`
warning: RootedBridge/Canon.lean:143:4: The `show` tactic should only be used to indicate intermediate goal states for readability.
However, this tactic invocation changed the goal. Please use `change` instead for these purposes.

Note: This linter can be disabled with `set_option linter.style.show false`
warning: RootedBridge/Canon.lean:242:100: This line exceeds the 100 character limit, please shorten it!

Note: This linter can be disabled with `set_option linter.style.longLine false`
warning: RootedBridge/Canon.lean:247:100: This line exceeds the 100 character limit, please shorten it!

Note: This linter can be disabled with `set_option linter.style.longLine false`
warning: RootedBridge/Canon.lean:250:100: This line exceeds the 100 character limit, please shorten it!

Note: This linter can be disabled with `set_option linter.style.longLine false`
warning: RootedBridge/Canon.lean:255:100: This line exceeds the 100 character limit, please shorten it!

Note: This linter can be disabled with `set_option linter.style.longLine false`
warning: RootedBridge/Canon.lean:304:100: This line exceeds the 100 character limit, please shorten it!

Note: This linter can be disabled with `set_option linter.style.longLine false`
warning: RootedBridge/Canon.lean:331:100: This line exceeds the 100 character limit, please shorten it!

Note: This linter can be disabled with `set_option linter.style.longLine false`
warning: RootedBridge/Canon.lean:349:100: This line exceeds the 100 character limit, please shorten it!

Note: This linter can be disabled with `set_option linter.style.longLine false`
warning: RootedBridge/Canon.lean:547:6: The `show` tactic should only be used to indicate intermediate goal states for readability.
However, this tactic invocation changed the goal. Please use `change` instead for these purposes.

Note: This linter can be disabled with `set_option linter.style.show false`
info: RootedBridge/Canon.lean:624:0: 'SB.Rooted.lexLeE_of_lexView' depends on axioms: [propext, Classical.choice, Quot.sound]
info: RootedBridge/Canon.lean:625:0: 'SB.Rooted.coreCanonL_of' depends on axioms: [propext, Classical.choice, Quot.sound]
info: RootedBridge/Canon.lean:626:0: 'SB.Rooted.rooted_bridge' depends on axioms: [propext, Classical.choice, Quot.sound]
info: RootedBridge/Canon.lean:627:0: 'SB.Rooted.no_canon_of_unsat' depends on axioms: [propext, Classical.choice, Quot.sound]
info: RootedBridge/Canon.lean:628:0: 'SB.Rooted.no_canon_of_children_unsat' depends on axioms: [propext, Classical.choice, Quot.sound]
⚠ [8539/8836] Replayed RootedM4.Cells
warning: RootedM4/Cells.lean:95:100: This line exceeds the 100 character limit, please shorten it!

Note: This linter can be disabled with `set_option linter.style.longLine false`
warning: RootedM4/Cells.lean:111:100: This line exceeds the 100 character limit, please shorten it!

Note: This linter can be disabled with `set_option linter.style.longLine false`
warning: RootedM4/Cells.lean:192:100: This line exceeds the 100 character limit, please shorten it!

Note: This linter can be disabled with `set_option linter.style.longLine false`
warning: RootedM4/Cells.lean:193:100: This line exceeds the 100 character limit, please shorten it!

Note: This linter can be disabled with `set_option linter.style.longLine false`
warning: RootedM4/Cells.lean:285:100: This line exceeds the 100 character limit, please shorten it!

Note: This linter can be disabled with `set_option linter.style.longLine false`
warning: RootedM4/Cells.lean:286:100: This line exceeds the 100 character limit, please shorten it!

Note: This linter can be disabled with `set_option linter.style.longLine false`
warning: RootedM4/Cells.lean:289:100: This line exceeds the 100 character limit, please shorten it!

Note: This linter can be disabled with `set_option linter.style.longLine false`
warning: RootedM4/Cells.lean:290:100: This line exceeds the 100 character limit, please shorten it!

Note: This linter can be disabled with `set_option linter.style.longLine false`
warning: RootedM4/Cells.lean:293:100: This line exceeds the 100 character limit, please shorten it!

Note: This linter can be disabled with `set_option linter.style.longLine false`
warning: RootedM4/Cells.lean:294:100: This line exceeds the 100 character limit, please shorten it!

Note: This linter can be disabled with `set_option linter.style.longLine false`
warning: RootedM4/Cells.lean:297:100: This line exceeds the 100 character limit, please shorten it!

Note: This linter can be disabled with `set_option linter.style.longLine false`
warning: RootedM4/Cells.lean:298:100: This line exceeds the 100 character limit, please shorten it!

Note: This linter can be disabled with `set_option linter.style.longLine false`
warning: RootedM4/Cells.lean:301:100: This line exceeds the 100 character limit, please shorten it!

Note: This linter can be disabled with `set_option linter.style.longLine false`
warning: RootedM4/Cells.lean:302:100: This line exceeds the 100 character limit, please shorten it!

Note: This linter can be disabled with `set_option linter.style.longLine false`
warning: RootedM4/Cells.lean:305:100: This line exceeds the 100 character limit, please shorten it!

Note: This linter can be disabled with `set_option linter.style.longLine false`
warning: RootedM4/Cells.lean:306:100: This line exceeds the 100 character limit, please shorten it!

Note: This linter can be disabled with `set_option linter.style.longLine false`
warning: RootedM4/Cells.lean:309:100: This line exceeds the 100 character limit, please shorten it!

Note: This linter can be disabled with `set_option linter.style.longLine false`
warning: RootedM4/Cells.lean:310:100: This line exceeds the 100 character limit, please shorten it!

Note: This linter can be disabled with `set_option linter.style.longLine false`
warning: RootedM4/Cells.lean:313:100: This line exceeds the 100 character limit, please shorten it!

Note: This linter can be disabled with `set_option linter.style.longLine false`
warning: RootedM4/Cells.lean:314:100: This line exceeds the 100 character limit, please shorten it!

Note: This linter can be disabled with `set_option linter.style.longLine false`
warning: RootedM4/Cells.lean:317:100: This line exceeds the 100 character limit, please shorten it!

Note: This linter can be disabled with `set_option linter.style.longLine false`
info: RootedM4/Cells.lean:340:0: 'SB.Rooted.M4.cellsOf_eq_K' depends on axioms: [propext, Classical.choice, Quot.sound]
info: RootedM4/Cells.lean:341:0: 'SB.Rooted.M4.caseB_all' depends on axioms: [propext, Quot.sound]
info: RootedM4/Cells.lean:342:0: 'SB.Rooted.M4.census_cells' depends on axioms: [propext, Classical.choice, Quot.sound]
warning: RootedM4/Cells.lean:14:100: This line exceeds the 100 character limit, please shorten it!

Note: This linter can be disabled with `set_option linter.style.longLine false`
warning: RootedM4/Cells.lean:15:100: This line exceeds the 100 character limit, please shorten it!

Note: This linter can be disabled with `set_option linter.style.longLine false`
warning: RootedM4/Cells.lean:18:100: This line exceeds the 100 character limit, please shorten it!

Note: This linter can be disabled with `set_option linter.style.longLine false`
⚠ [8540/8836] Replayed RootedM5.Keys
warning: RootedM5/Keys.lean:112:100: This line exceeds the 100 character limit, please shorten it!

Note: This linter can be disabled with `set_option linter.style.longLine false`
warning: RootedM5/Keys.lean:113:100: This line exceeds the 100 character limit, please shorten it!

Note: This linter can be disabled with `set_option linter.style.longLine false`
warning: RootedM5/Keys.lean:116:100: This line exceeds the 100 character limit, please shorten it!

Note: This linter can be disabled with `set_option linter.style.longLine false`
warning: RootedM5/Keys.lean:117:100: This line exceeds the 100 character limit, please shorten it!

Note: This linter can be disabled with `set_option linter.style.longLine false`
warning: RootedM5/Keys.lean:120:100: This line exceeds the 100 character limit, please shorten it!

Note: This linter can be disabled with `set_option linter.style.longLine false`
warning: RootedM5/Keys.lean:121:100: This line exceeds the 100 character limit, please shorten it!

Note: This linter can be disabled with `set_option linter.style.longLine false`
warning: RootedM5/Keys.lean:124:100: This line exceeds the 100 character limit, please shorten it!

Note: This linter can be disabled with `set_option linter.style.longLine false`
warning: RootedM5/Keys.lean:125:100: This line exceeds the 100 character limit, please shorten it!

Note: This linter can be disabled with `set_option linter.style.longLine false`
warning: RootedM5/Keys.lean:128:100: This line exceeds the 100 character limit, please shorten it!

Note: This linter can be disabled with `set_option linter.style.longLine false`
warning: RootedM5/Keys.lean:129:100: This line exceeds the 100 character limit, please shorten it!

Note: This linter can be disabled with `set_option linter.style.longLine false`
warning: RootedM5/Keys.lean:132:100: This line exceeds the 100 character limit, please shorten it!

Note: This linter can be disabled with `set_option linter.style.longLine false`
warning: RootedM5/Keys.lean:133:100: This line exceeds the 100 character limit, please shorten it!

Note: This linter can be disabled with `set_option linter.style.longLine false`
warning: RootedM5/Keys.lean:136:100: This line exceeds the 100 character limit, please shorten it!

Note: This linter can be disabled with `set_option linter.style.longLine false`
warning: RootedM5/Keys.lean:137:100: This line exceeds the 100 character limit, please shorten it!

Note: This linter can be disabled with `set_option linter.style.longLine false`
warning: RootedM5/Keys.lean:140:100: This line exceeds the 100 character limit, please shorten it!

Note: This linter can be disabled with `set_option linter.style.longLine false`
warning: RootedM5/Keys.lean:141:100: This line exceeds the 100 character limit, please shorten it!

Note: This linter can be disabled with `set_option linter.style.longLine false`
warning: RootedM5/Keys.lean:144:100: This line exceeds the 100 character limit, please shorten it!

Note: This linter can be disabled with `set_option linter.style.longLine false`
info: RootedM5/Keys.lean:149:0: 'SB.Rooted.M5.keys_all' depends on axioms: [propext, Quot.sound]
warning: RootedM5/Keys.lean:4:100: This line exceeds the 100 character limit, please shorten it!

Note: This linter can be disabled with `set_option linter.style.longLine false`
warning: RootedM5/Keys.lean:5:100: This line exceeds the 100 character limit, please shorten it!

Note: This linter can be disabled with `set_option linter.style.longLine false`
⚠ [8541/8836] Replayed RootedM4.CoverData.F_k10_c0100
warning: RootedM4/CoverData/F_k10_c0100.lean:7:100: This line exceeds the 100 character limit, please shorten it!

Note: This linter can be disabled with `set_option linter.style.longLine false`
warning: RootedM4/CoverData/F_k10_c0100.lean:8:100: This line exceeds the 100 character limit, please shorten it!

Note: This linter can be disabled with `set_option linter.style.longLine false`
warning: RootedM4/CoverData/F_k10_c0100.lean:9:100: This line exceeds the 100 character limit, please shorten it!

Note: This linter can be disabled with `set_option linter.style.longLine false`
warning: RootedM4/CoverData/F_k10_c0100.lean:10:100: This line exceeds the 100 character limit, please shorten it!

Note: This linter can be disabled with `set_option linter.style.longLine false`
warning: RootedM4/CoverData/F_k10_c0100.lean:11:100: This line exceeds the 100 character limit, please shorten it!

Note: This linter can be disabled with `set_option linter.style.longLine false`
warning: RootedM4/CoverData/F_k10_c0100.lean:12:100: This line exceeds the 100 character limit, please shorten it!

Note: This linter can be disabled with `set_option linter.style.longLine false`
warning: RootedM4/CoverData/F_k10_c0100.lean:13:100: This line exceeds the 100 character limit, please shorten it!

Note: This linter can be disabled with `set_option linter.style.longLine false`
warning: RootedM4/CoverData/F_k10_c0100.lean:14:100: This line exceeds the 100 character limit, please shorten it!

Note: This linter can be disabled with `set_option linter.style.longLine false`
warning: RootedM4/CoverData/F_k10_c0100.lean:15:100: This line exceeds the 100 character limit, please shorten it!

Note: This linter can be disabled with `set_option linter.style.longLine false`
warning: RootedM4/CoverData/F_k10_c0100.lean:16:100: This line exceeds the 100 character limit, please shorten it!

Note: This linter can be disabled with `set_option linter.style.longLine false`
warning: RootedM4/CoverData/F_k10_c0100.lean:17:100: This line exceeds the 100 character limit, please shorten it!

Note: This linter can be disabled with `set_option linter.style.longLine false`
warning: RootedM4/CoverData/F_k10_c0100.lean:18:100: This line exceeds the 100 character limit, please shorten it!

Note: This linter can be disabled with `set_option linter.style.longLine false`
warning: RootedM4/CoverData/F_k10_c0100.lean:19:100: This line exceeds the 100 character limit, please shorten it!

Note: This linter can be disabled with `set_option linter.style.longLine false`
warning: RootedM4/CoverData/F_k10_c0100.lean:20:100: This line exceeds the 100 character limit, please shorten it!

Note: This linter can be disabled with `set_option linter.style.longLine false`
warning: RootedM4/CoverData/F_k10_c0100.lean:21:100: This line exceeds the 100 character limit, please shorten it!

Note: This linter can be disabled with `set_option linter.style.longLine false`
warning: RootedM4/CoverData/F_k10_c0100.lean:22:100: This line exceeds the 100 character limit, please shorten it!

Note: This linter can be disabled with `set_option linter.style.longLine false`
warning: RootedM4/CoverData/F_k10_c0100.lean:23:100: This line exceeds the 100 character limit, please shorten it!

Note: This linter can be disabled with `set_option linter.style.longLine false`
warning: RootedM4/CoverData/F_k10_c0100.lean:27:100: This line exceeds the 100 character limit, please shorten it!

Note: This linter can be disabled with `set_option linter.style.longLine false`
warning: RootedM4/CoverData/F_k10_c0100.lean:1:100: This line exceeds the 100 character limit, please shorten it!

Note: This linter can be disabled with `set_option linter.style.longLine false`
⚠ [8542/8836] Replayed RootedM4.Relabel
warning: RootedM4/Relabel.lean:39:0: `card_filter_split` does not use the following hypothesis in its type:
  • [DecidableEq α] (#3)

Consider removing this hypothesis and using `classical` in the proof instead. For terms, consider using `open scoped Classical in` at the term level (not the command level).

Note: This linter can be disabled with `set_option linter.unusedDecidableInType false`
warning: RootedM4/Relabel.lean:50:0: `card_filter_three` does not use the following hypothesis in its type:
  • [DecidableEq α] (#3)

Consider removing this hypothesis and using `classical` in the proof instead. For terms, consider using `open scoped Classical in` at the term level (not the command level).

Note: This linter can be disabled with `set_option linter.unusedDecidableInType false`
warning: RootedM4/Relabel.lean:50:0: `card_filter_three` does not use the following hypothesis in its type:
  • [Fintype α] (#2)

Consider replacing this hypothesis with the corresponding instance of `Finite` and using `Fintype.ofFinite` in the proof, or removing it entirely.

Note: This linter can be disabled with `set_option linter.unusedFintypeInType false`
warning: RootedM4/Relabel.lean:84:100: This line exceeds the 100 character limit, please shorten it!

Note: This linter can be disabled with `set_option linter.style.longLine false`
warning: RootedM4/Relabel.lean:180:100: This line exceeds the 100 character limit, please shorten it!

Note: This linter can be disabled with `set_option linter.style.longLine false`
warning: RootedM4/Relabel.lean:189:100: This line exceeds the 100 character limit, please shorten it!

Note: This linter can be disabled with `set_option linter.style.longLine false`
warning: RootedM4/Relabel.lean:198:100: This line exceeds the 100 character limit, please shorten it!

Note: This linter can be disabled with `set_option linter.style.longLine false`
warning: RootedM4/Relabel.lean:207:100: This line exceeds the 100 character limit, please shorten it!

Note: This linter can be disabled with `set_option linter.style.longLine false`
warning: RootedM4/Relabel.lean:257:8: The `show` tactic should only be used to indicate intermediate goal states for readability.
However, this tactic invocation changed the goal. Please use `change` instead for these purposes.

Note: This linter can be disabled with `set_option linter.style.show false`
warning: RootedM4/Relabel.lean:265:12: The `show` tactic should only be used to indicate intermediate goal states for readability.
However, this tactic invocation changed the goal. Please use `change` instead for these purposes.

Note: This linter can be disabled with `set_option linter.style.show false`
warning: RootedM4/Relabel.lean:280:8: The `show` tactic should only be used to indicate intermediate goal states for readability.
However, this tactic invocation changed the goal. Please use `change` instead for these purposes.

Note: This linter can be disabled with `set_option linter.style.show false`
warning: RootedM4/Relabel.lean:284:12: The `show` tactic should only be used to indicate intermediate goal states for readability.
However, this tactic invocation changed the goal. Please use `change` instead for these purposes.

Note: This linter can be disabled with `set_option linter.style.show false`
warning: RootedM4/Relabel.lean:285:12: The `show` tactic should only be used to indicate intermediate goal states for readability.
However, this tactic invocation changed the goal. Please use `change` instead for these purposes.

Note: This linter can be disabled with `set_option linter.style.show false`
warning: RootedM4/Relabel.lean:286:12: The `show` tactic should only be used to indicate intermediate goal states for readability.
However, this tactic invocation changed the goal. Please use `change` instead for these purposes.

Note: This linter can be disabled with `set_option linter.style.show false`
warning: RootedM4/Relabel.lean:291:12: The `show` tactic should only be used to indicate intermediate goal states for readability.
However, this tactic invocation changed the goal. Please use `change` instead for these purposes.

Note: This linter can be disabled with `set_option linter.style.show false`
info: RootedM4/Relabel.lean:339:0: 'SB.Rooted.M4.exists_relabel' depends on axioms: [propext, Classical.choice, Quot.sound]
warning: RootedM4/Relabel.lean:7:100: This line exceeds the 100 character limit, please shorten it!

Note: This linter can be disabled with `set_option linter.style.longLine false`
⚠ [8543/8836] Replayed RootedM4.Leader
warning: RootedM4/Leader.lean:26:2: The `show` tactic should only be used to indicate intermediate goal states for readability.
However, this tactic invocation changed the goal. Please use `change` instead for these purposes.

Note: This linter can be disabled with `set_option linter.style.show false`
warning: RootedM4/Leader.lean:46:6: The `show` tactic should only be used to indicate intermediate goal states for readability.
However, this tactic invocation changed the goal. Please use `change` instead for these purposes.

Note: This linter can be disabled with `set_option linter.style.show false`
warning: RootedM4/Leader.lean:80:4: The `show` tactic should only be used to indicate intermediate goal states for readability.
However, this tactic invocation changed the goal. Please use `change` instead for these purposes.

Note: This linter can be disabled with `set_option linter.style.show false`
warning: RootedM4/Leader.lean:91:100: This line exceeds the 100 character limit, please shorten it!

Note: This linter can be disabled with `set_option linter.style.longLine false`
warning: RootedM4/Leader.lean:108:2: The `show` tactic should only be used to indicate intermediate goal states for readability.
However, this tactic invocation changed the goal. Please use `change` instead for these purposes.

Note: This linter can be disabled with `set_option linter.style.show false`
warning: RootedM4/Leader.lean:115:2: The `show` tactic should only be used to indicate intermediate goal states for readability.
However, this tactic invocation changed the goal. Please use `change` instead for these purposes.

Note: This linter can be disabled with `set_option linter.style.show false`
warning: RootedM4/Leader.lean:120:2: The `show` tactic should only be used to indicate intermediate goal states for readability.
However, this tactic invocation changed the goal. Please use `change` instead for these purposes.

Note: This linter can be disabled with `set_option linter.style.show false`
warning: RootedM4/Leader.lean:126:2: The `show` tactic should only be used to indicate intermediate goal states for readability.
However, this tactic invocation changed the goal. Please use `change` instead for these purposes.

Note: This linter can be disabled with `set_option linter.style.show false`
warning: RootedM4/Leader.lean:224:100: This line exceeds the 100 character limit, please shorten it!

Note: This linter can be disabled with `set_option linter.style.longLine false`
warning: RootedM4/Leader.lean:281:100: This line exceeds the 100 character limit, please shorten it!

Note: This linter can be disabled with `set_option linter.style.longLine false`
warning: RootedM4/Leader.lean:290:100: This line exceeds the 100 character limit, please shorten it!

Note: This linter can be disabled with `set_option linter.style.longLine false`
info: RootedM4/Leader.lean:348:0: 'SB.Rooted.M4.exists_leader_orbit' depends on axioms: [propext, Classical.choice, Quot.sound]
info: RootedM4/Leader.lean:349:0: 'SB.Rooted.M4.stage1' depends on axioms: [propext, Classical.choice, Quot.sound]
info: RootedM4/Leader.lean:350:0: 'SB.Rooted.M4.restr_actV_lift' depends on axioms: [propext, Classical.choice, Quot.sound]
info: RootedM4/Leader.lean:351:0: 'SB.Rooted.M4.wswap_props' depends on axioms: [propext, Classical.choice, Quot.sound]
info: RootedM4/Leader.lean:352:0: 'SB.Rooted.M4.cellAut_reflect' depends on axioms: [propext, Classical.choice, Quot.sound]
info: RootedM4/Leader.lean:353:0: 'SB.Rooted.M4.hunits_closed_aut' depends on axioms: [propext, Classical.choice, Quot.sound]
⚠ [8544/8836] Replayed RootedM4.Main
warning: RootedM4/Main.lean:76:100: This line exceeds the 100 character limit, please shorten it!

Note: This linter can be disabled with `set_option linter.style.longLine false`
warning: RootedM4/Main.lean:79:100: This line exceeds the 100 character limit, please shorten it!

Note: This linter can be disabled with `set_option linter.style.longLine false`
warning: RootedM4/Main.lean:83:27: The `show` tactic should only be used to indicate intermediate goal states for readability.
However, this tactic invocation changed the goal. Please use `change` instead for these purposes.

Note: This linter can be disabled with `set_option linter.style.show false`
warning: RootedM4/Main.lean:144:100: This line exceeds the 100 character limit, please shorten it!

Note: This linter can be disabled with `set_option linter.style.longLine false`
warning: RootedM4/Main.lean:145:100: This line exceeds the 100 character limit, please shorten it!

Note: This linter can be disabled with `set_option linter.style.longLine false`
warning: RootedM4/Main.lean:146:100: This line exceeds the 100 character limit, please shorten it!

Note: This linter can be disabled with `set_option linter.style.longLine false`
warning: RootedM4/Main.lean:148:100: This line exceeds the 100 character limit, please shorten it!

Note: This linter can be disabled with `set_option linter.style.longLine false`
warning: RootedM4/Main.lean:152:100: This line exceeds the 100 character limit, please shorten it!

Note: This linter can be disabled with `set_option linter.style.longLine false`
warning: RootedM4/Main.lean:158:100: This line exceeds the 100 character limit, please shorten it!

Note: This linter can be disabled with `set_option linter.style.longLine false`
warning: RootedM4/Main.lean:168:100: This line exceeds the 100 character limit, please shorten it!

Note: This linter can be disabled with `set_option linter.style.longLine false`
warning: RootedM4/Main.lean:171:100: This line exceeds the 100 character limit, please shorten it!

Note: This linter can be disabled with `set_option linter.style.longLine false`
warning: RootedM4/Main.lean:172:100: This line exceeds the 100 character limit, please shorten it!

Note: This linter can be disabled with `set_option linter.style.longLine false`
warning: RootedM4/Main.lean:175:100: This line exceeds the 100 character limit, please shorten it!

Note: This linter can be disabled with `set_option linter.style.longLine false`
warning: RootedM4/Main.lean:180:100: This line exceeds the 100 character limit, please shorten it!

Note: This linter can be disabled with `set_option linter.style.longLine false`
warning: RootedM4/Main.lean:181:100: This line exceeds the 100 character limit, please shorten it!

Note: This linter can be disabled with `set_option linter.style.longLine false`
warning: RootedM4/Main.lean:183:100: This line exceeds the 100 character limit, please shorten it!

Note: This linter can be disabled with `set_option linter.style.longLine false`
warning: RootedM4/Main.lean:160:4: The `show` tactic should only be used to indicate intermediate goal states for readability.
However, this tactic invocation changed the goal. Please use `change` instead for these purposes.

Note: This linter can be disabled with `set_option linter.style.show false`
warning: RootedM4/Main.lean:168:6: The `show` tactic should only be used to indicate intermediate goal states for readability.
However, this tactic invocation changed the goal. Please use `change` instead for these purposes.

Note: This linter can be disabled with `set_option linter.style.show false`
warning: RootedM4/Main.lean:214:100: This line exceeds the 100 character limit, please shorten it!

Note: This linter can be disabled with `set_option linter.style.longLine false`
info: RootedM4/Main.lean:222:0: 'SB.Rooted.M4.normH_contains' depends on axioms: [propext, Quot.sound]
info: RootedM4/Main.lean:223:0: 'SB.Rooted.M4.hunits_of_restr' depends on axioms: [propext, Classical.choice, Quot.sound]
info: RootedM4/Main.lean:224:0: 'SB.Rooted.M4.exists_canon' depends on axioms: [propext, Classical.choice, Quot.sound]
info: RootedM4/Main.lean:225:0: 'SB.Rooted.M4.no_good_K22_of' depends on axioms: [propext, Classical.choice, Quot.sound]
warning: RootedM4/Main.lean:5:100: This line exceeds the 100 character limit, please shorten it!

Note: This linter can be disabled with `set_option linter.style.longLine false`
warning: RootedM4/Main.lean:15:100: This line exceeds the 100 character limit, please shorten it!

Note: This linter can be disabled with `set_option linter.style.longLine false`
⚠ [8545/8836] Replayed RootedM4.CoverSound
warning: RootedM4/CoverSound.lean:94:6: `List.take_succ` has been deprecated: Use `List.take_add_one` instead
warning: RootedM4/CoverSound.lean:317:43: `simp at hl''` is a flexible tactic modifying `hl''`. Try `simp?` and use the suggested `simp only [...]`. Alternatively, use `suffices` to explicitly state the simplified form.

Note: This linter can be disabled with `set_option linter.flexible false`
info: RootedM4/CoverSound.lean:317:43: Try this:
  [apply] simp only [ne_eq] at hl''
info: RootedM4/CoverSound.lean:317:57: `subst hl''` uses `hl''`!
warning: RootedM4/CoverSound.lean:377:4: `simp at this` is a flexible tactic modifying `this`. Try `simp?` and use the suggested `simp only [...]`. Alternatively, use `suffices` to explicitly state the simplified form.

Note: This linter can be disabled with `set_option linter.flexible false`
info: RootedM4/CoverSound.lean:377:18: `rw [this]` uses `this`!
warning: RootedM4/CoverSound.lean:407:16: `simp [guard] at hl` is a flexible tactic modifying `hl`. Try `simp?` and use the suggested `simp only [...]`. Alternatively, use `suffices` to explicitly state the simplified form.

Note: This linter can be disabled with `set_option linter.flexible false`
info: RootedM4/CoverSound.lean:407:16: Try this:
  [apply] simp only [ne_eq] at hl
info: RootedM4/CoverSound.lean:407:36: `subst hl` uses `hl`!
warning: RootedM4/CoverSound.lean:407:16: `simp [guard] at hl` is a flexible tactic modifying `hl`. Try `simp?` and use the suggested `simp only [...]`. Alternatively, use `suffices` to explicitly state the simplified form.

Note: This linter can be disabled with `set_option linter.flexible false`
info: RootedM4/CoverSound.lean:407:16: Try this:
  [apply] simp only [ne_eq] at hl
info: RootedM4/CoverSound.lean:408:4: `exact ⟨by omega, by rw [Int.natAbs_neg]; exact hle⟩` uses `hl`!
warning: RootedM4/CoverSound.lean:469:8: `simp at h` is a flexible tactic modifying `h`. Try `simp?` and use the suggested `simp only [...]`. Alternatively, use `suffices` to explicitly state the simplified form.

Note: This linter can be disabled with `set_option linter.flexible false`
info: RootedM4/CoverSound.lean:469:8: Try this:
  [apply] simp only [ne_eq] at h
info: RootedM4/CoverSound.lean:469:19: `rcases h with rfl | rfl` uses `h`!
warning: RootedM4/CoverSound.lean:516:100: This line exceeds the 100 character limit, please shorten it!

Note: This linter can be disabled with `set_option linter.style.longLine false`
warning: RootedM4/CoverSound.lean:614:100: This line exceeds the 100 character limit, please shorten it!

Note: This linter can be disabled with `set_option linter.style.longLine false`
warning: RootedM4/CoverSound.lean:638:100: This line exceeds the 100 character limit, please shorten it!

Note: This linter can be disabled with `set_option linter.style.longLine false`
warning: RootedM4/CoverSound.lean:645:100: This line exceeds the 100 character limit, please shorten it!

Note: This linter can be disabled with `set_option linter.style.longLine false`
warning: RootedM4/CoverSound.lean:657:4: The `show` tactic should only be used to indicate intermediate goal states for readability.
However, this tactic invocation changed the goal. Please use `change` instead for these purposes.

Note: This linter can be disabled with `set_option linter.style.show false`
warning: RootedM4/CoverSound.lean:669:2: The `show` tactic should only be used to indicate intermediate goal states for readability.
However, this tactic invocation changed the goal. Please use `change` instead for these purposes.

Note: This linter can be disabled with `set_option linter.style.show false`
warning: RootedM4/CoverSound.lean:697:100: This line exceeds the 100 character limit, please shorten it!

Note: This linter can be disabled with `set_option linter.style.longLine false`
warning: RootedM4/CoverSound.lean:703:100: This line exceeds the 100 character limit, please shorten it!

Note: This linter can be disabled with `set_option linter.style.longLine false`
warning: RootedM4/CoverSound.lean:712:100: This line exceeds the 100 character limit, please shorten it!

Note: This linter can be disabled with `set_option linter.style.longLine false`
warning: RootedM4/CoverSound.lean:734:100: This line exceeds the 100 character limit, please shorten it!

Note: This linter can be disabled with `set_option linter.style.longLine false`
warning: RootedM4/CoverSound.lean:779:100: This line exceeds the 100 character limit, please shorten it!

Note: This linter can be disabled with `set_option linter.style.longLine false`
warning: RootedM4/CoverSound.lean:786:100: This line exceeds the 100 character limit, please shorten it!

Note: This linter can be disabled with `set_option linter.style.longLine false`
info: RootedM4/CoverSound.lean:803:0: 'SB.Rooted.M4.Cover.atMost_sound' depends on axioms: [propext, Classical.choice, Quot.sound]
info: RootedM4/CoverSound.lean:804:0: 'SB.Rooted.M4.Cover.llChain_sound' depends on axioms: [propext, Classical.choice, Quot.sound]
info: RootedM4/CoverSound.lean:805:0: 'SB.Rooted.M4.Cover.pairFacts_census' depends on axioms: [propext, Quot.sound]
info: RootedM4/CoverSound.lean:806:0: 'SB.Rooted.M4.Cover.lexLeW_of_lexView' depends on axioms: [propext, Classical.choice, Quot.sound]
info: RootedM4/CoverSound.lean:807:0: 'SB.Rooted.M4.Cover.movedVars_eq' depends on axioms: [propext, Classical.choice, Quot.sound]
⚠ [8546/8836] Replayed RootedM4.FilterCheck
warning: RootedM4/FilterCheck.lean:69:100: This line exceeds the 100 character limit, please shorten it!

Note: This linter can be disabled with `set_option linter.style.longLine false`
warning: RootedM4/FilterCheck.lean:98:100: This line exceeds the 100 character limit, please shorten it!

Note: This linter can be disabled with `set_option linter.style.longLine false`
warning: RootedM4/FilterCheck.lean:108:100: This line exceeds the 100 character limit, please shorten it!

Note: This linter can be disabled with `set_option linter.style.longLine false`
warning: RootedM4/FilterCheck.lean:110:100: This line exceeds the 100 character limit, please shorten it!

Note: This linter can be disabled with `set_option linter.style.longLine false`
warning: RootedM4/FilterCheck.lean:112:100: This line exceeds the 100 character limit, please shorten it!

Note: This linter can be disabled with `set_option linter.style.longLine false`
warning: RootedM4/FilterCheck.lean:117:100: This line exceeds the 100 character limit, please shorten it!

Note: This linter can be disabled with `set_option linter.style.longLine false`
warning: RootedM4/FilterCheck.lean:122:100: This line exceeds the 100 character limit, please shorten it!

Note: This linter can be disabled with `set_option linter.style.longLine false`
warning: RootedM4/FilterCheck.lean:123:100: This line exceeds the 100 character limit, please shorten it!

Note: This linter can be disabled with `set_option linter.style.longLine false`
warning: RootedM4/FilterCheck.lean:94:19: The `show` tactic should only be used to indicate intermediate goal states for readability.
However, this tactic invocation changed the goal. Please use `change` instead for these purposes.

Note: This linter can be disabled with `set_option linter.style.show false`
warning: RootedM4/FilterCheck.lean:100:8: The `show` tactic should only be used to indicate intermediate goal states for readability.
However, this tactic invocation changed the goal. Please use `change` instead for these purposes.

Note: This linter can be disabled with `set_option linter.style.show false`
⚠ [8547/8836] Replayed RootedM4.Cover
warning: RootedM4/Cover.lean:154:2: 'all_goals (apply List.filter_congr; intro n _; exact litT_negNat σ (Nat.succ_pos n))' tactic does nothing

Note: This linter can be disabled with `set_option linter.unusedTactic false`
warning: RootedM4/Cover.lean:154:12: this tactic is never executed

Note: This linter can be disabled with `set_option linter.unreachableTactic false`
warning: RootedM4/Cover.lean:158:100: This line exceeds the 100 character limit, please shorten it!

Note: This linter can be disabled with `set_option linter.style.longLine false`
warning: RootedM4/Cover.lean:197:100: This line exceeds the 100 character limit, please shorten it!

Note: This linter can be disabled with `set_option linter.style.longLine false`
warning: RootedM4/Cover.lean:220:2: `push_neg` has been deprecated. Prefer using `push Not` instead.
If you'd rather continue using `push_neg` in your project, you can implement it as follows:
```
open Lean.Parser.Tactic in
macro "push_neg" cfg:optConfig loc:(location)? : tactic =>
  `(tactic| push $cfg:optConfig Not $[$loc]?)
```
warning: RootedM4/Cover.lean:303:100: This line exceeds the 100 character limit, please shorten it!

Note: This linter can be disabled with `set_option linter.style.longLine false`
warning: RootedM4/Cover.lean:330:6: `simp at h'` is a flexible tactic modifying `h'`. Try `simp?` and use the suggested `simp only [...]`. Alternatively, use `suffices` to explicitly state the simplified form.

Note: This linter can be disabled with `set_option linter.flexible false`
info: RootedM4/Cover.lean:330:18: `exact absurd e h'` uses `h'`!
warning: RootedM4/Cover.lean:356:100: This line exceeds the 100 character limit, please shorten it!

Note: This linter can be disabled with `set_option linter.style.longLine false`
info: RootedM4/Cover.lean:458:0: 'SB.Rooted.M4.Cover.caps_sat' depends on axioms: [propext, Classical.choice, Quot.sound]
info: RootedM4/Cover.lean:459:0: 'SB.Rooted.M4.Cover.edges_count' depends on axioms: [propext, Classical.choice, Quot.sound]
info: RootedM4/Cover.lean:460:0: 'SB.Rooted.M4.Cover.llAll_sound' depends on axioms: [propext, Classical.choice, Quot.sound]
info: RootedM4/Cover.lean:461:0: 'SB.Rooted.M4.Cover.cover_sound' depends on axioms: [propext, Classical.choice, Quot.sound]
info: RootedM4/Cover.lean:462:0: 'SB.Rooted.M4.Cover.family_cover' depends on axioms: [propext, Classical.choice, Quot.sound]
info: RootedM4/Cover.lean:463:0: 'SB.Rooted.M4.Cover.censusCover_of_certs' depends on axioms: [propext, Classical.choice, Quot.sound]
info: RootedM4/Cover.lean:464:0: 'SB.Rooted.M4.Cover.famOK_of_raw' depends on axioms: [propext, Classical.choice, Quot.sound]
⚠ [8548/8836] Replayed RootedM5.FamDefs
warning: RootedM5/FamDefs.lean:31:12: This simp argument is unused:
  List.filter_cons

Hint: Omit it from the simp argument list.
  simp [L̵i̵s̵t̵.̵f̵i̵l̵t̵e̵r̵_̵c̵o̵n̵s̵,̵ ̵h] at ih ⊢

Note: This linter can be disabled with `set_option linter.unusedSimpArgs false`
warning: RootedM5/FamDefs.lean:33:12: This simp argument is unused:
  List.filter_cons

Hint: Omit it from the simp argument list.
  simp [L̵i̵s̵t̵.̵f̵i̵l̵t̵e̵r̵_̵c̵o̵n̵s̵,̵ ̵h] at ih ⊢

Note: This linter can be disabled with `set_option linter.unusedSimpArgs false`
warning: RootedM5/FamDefs.lean:31:6: `simp [List.filter_cons, h] at ih ⊢` is a flexible tactic modifying `⊢`. Try `simp?` and use the suggested `simp only [...]`. Alternatively, use `suffices` to explicitly state the simplified form.

Note: This linter can be disabled with `set_option linter.flexible false`
info: RootedM5/FamDefs.lean:31:6: Try this:
  [apply] simp only [List.map_cons] at ih ⊢
info: RootedM5/FamDefs.lean:32:6: `exact ih` uses `⊢`!
warning: RootedM5/FamDefs.lean:31:6: `simp [List.filter_cons, h] at ih ⊢` is a flexible tactic modifying `ih`. Try `simp?` and use the suggested `simp only [...]`. Alternatively, use `suffices` to explicitly state the simplified form.

Note: This linter can be disabled with `set_option linter.flexible false`
info: RootedM5/FamDefs.lean:31:6: Try this:
  [apply] simp only [List.map_cons] at ih ⊢
info: RootedM5/FamDefs.lean:32:6: `exact ih` uses `ih`!
warning: RootedM5/FamDefs.lean:33:6: `simp [List.filter_cons, h] at ih ⊢` is a flexible tactic modifying `ih`. Try `simp?` and use the suggested `simp only [...]`. Alternatively, use `suffices` to explicitly state the simplified form.

Note: This linter can be disabled with `set_option linter.flexible false`
info: RootedM5/FamDefs.lean:33:6: Try this:
  [apply] simp only [List.map_cons] at ih ⊢
info: RootedM5/FamDefs.lean:34:6: `exact ih` uses `ih`!
warning: RootedM5/FamDefs.lean:33:6: `simp [List.filter_cons, h] at ih ⊢` is a flexible tactic modifying `⊢`. Try `simp?` and use the suggested `simp only [...]`. Alternatively, use `suffices` to explicitly state the simplified form.

Note: This linter can be disabled with `set_option linter.flexible false`
info: RootedM5/FamDefs.lean:33:6: Try this:
  [apply] simp only [List.map_cons] at ih ⊢
info: RootedM5/FamDefs.lean:34:6: `exact ih` uses `⊢`!
warning: RootedM5/FamDefs.lean:4:100: This line exceeds the 100 character limit, please shorten it!

Note: This linter can be disabled with `set_option linter.style.longLine false`
warning: RootedM5/FamDefs.lean:6:100: This line exceeds the 100 character limit, please shorten it!

Note: This linter can be disabled with `set_option linter.style.longLine false`
warning: RootedM5/FamDefs.lean:7:100: This line exceeds the 100 character limit, please shorten it!

Note: This linter can be disabled with `set_option linter.style.longLine false`
⚠ [8549/8836] Replayed RootedM5.Fam.W_k10_c0100
warning: RootedM5/Fam/W_k10_c0100.lean:10:100: This line exceeds the 100 character limit, please shorten it!

Note: This linter can be disabled with `set_option linter.style.longLine false`
warning: RootedM5/Fam/W_k10_c0100.lean:12:100: This line exceeds the 100 character limit, please shorten it!

Note: This linter can be disabled with `set_option linter.style.longLine false`
warning: RootedM5/Fam/W_k10_c0100.lean:14:100: This line exceeds the 100 character limit, please shorten it!

Note: This linter can be disabled with `set_option linter.style.longLine false`
warning: RootedM5/Fam/W_k10_c0100.lean:16:100: This line exceeds the 100 character limit, please shorten it!

Note: This linter can be disabled with `set_option linter.style.longLine false`
warning: RootedM5/Fam/W_k10_c0100.lean:18:100: This line exceeds the 100 character limit, please shorten it!

Note: This linter can be disabled with `set_option linter.style.longLine false`
warning: RootedM5/Fam/W_k10_c0100.lean:21:100: This line exceeds the 100 character limit, please shorten it!

Note: This linter can be disabled with `set_option linter.style.longLine false`
warning: RootedM5/Fam/W_k10_c0100.lean:23:100: This line exceeds the 100 character limit, please shorten it!

Note: This linter can be disabled with `set_option linter.style.longLine false`
warning: RootedM5/Fam/W_k10_c0100.lean:25:100: This line exceeds the 100 character limit, please shorten it!

Note: This linter can be disabled with `set_option linter.style.longLine false`
warning: RootedM5/Fam/W_k10_c0100.lean:27:100: This line exceeds the 100 character limit, please shorten it!

Note: This linter can be disabled with `set_option linter.style.longLine false`
warning: RootedM5/Fam/W_k10_c0100.lean:29:100: This line exceeds the 100 character limit, please shorten it!

Note: This linter can be disabled with `set_option linter.style.longLine false`
warning: RootedM5/Fam/W_k10_c0100.lean:31:100: This line exceeds the 100 character limit, please shorten it!

Note: This linter can be disabled with `set_option linter.style.longLine false`
warning: RootedM5/Fam/W_k10_c0100.lean:33:100: This line exceeds the 100 character limit, please shorten it!

Note: This linter can be disabled with `set_option linter.style.longLine false`
warning: RootedM5/Fam/W_k10_c0100.lean:35:100: This line exceeds the 100 character limit, please shorten it!

Note: This linter can be disabled with `set_option linter.style.longLine false`
warning: RootedM5/Fam/W_k10_c0100.lean:39:100: This line exceeds the 100 character limit, please shorten it!

Note: This linter can be disabled with `set_option linter.style.longLine false`
warning: RootedM5/Fam/W_k10_c0100.lean:41:100: This line exceeds the 100 character limit, please shorten it!

Note: This linter can be disabled with `set_option linter.style.longLine false`
warning: RootedM5/Fam/W_k10_c0100.lean:37:2: The `show` tactic should only be used to indicate intermediate goal states for readability.
However, this tactic invocation changed the goal. Please use `change` instead for these purposes.

Note: This linter can be disabled with `set_option linter.style.show false`
⚠ [8550/8836] Replayed RootedM4.CoverData.F_k10_c019
warning: RootedM4/CoverData/F_k10_c019.lean:7:100: This line exceeds the 100 character limit, please shorten it!

Note: This linter can be disabled with `set_option linter.style.longLine false`
warning: RootedM4/CoverData/F_k10_c019.lean:1:100: This line exceeds the 100 character limit, please shorten it!

Note: This linter can be disabled with `set_option linter.style.longLine false`
⚠ [8551/8836] Replayed RootedM5.Fam.W_k10_c019
warning: RootedM5/Fam/W_k10_c019.lean:16:13: This simp argument is unused:
  chunkLW_append

Hint: Omit it from the simp argument list.
  simp only [̵c̵h̵u̵n̵k̵L̵W̵_̵a̵p̵p̵e̵n̵d̵,̵ ̵k̵1̵0̵_̵c̵0̵1̵9̵_̵c̵k̵0̵]̵[̲k̲1̲0̲_̲c̲0̲1̲9̲_̲c̲k̲0̲]̲

Note: This linter can be disabled with `set_option linter.unusedSimpArgs false`
warning: RootedM5/Fam/W_k10_c019.lean:12:2: The `show` tactic should only be used to indicate intermediate goal states for readability.
However, this tactic invocation changed the goal. Please use `change` instead for these purposes.

Note: This linter can be disabled with `set_option linter.style.show false`
⚠ [8552/8836] Replayed RootedM4.CoverData.F_k10_c028
warning: RootedM4/CoverData/F_k10_c028.lean:7:100: This line exceeds the 100 character limit, please shorten it!

Note: This linter can be disabled with `set_option linter.style.longLine false`
warning: RootedM4/CoverData/F_k10_c028.lean:1:100: This line exceeds the 100 character limit, please shorten it!

Note: This linter can be disabled with `set_option linter.style.longLine false`
⚠ [8553/8836] Replayed RootedM5.Fam.W_k10_c028
warning: RootedM5/Fam/W_k10_c028.lean:16:13: This simp argument is unused:
  chunkLW_append

Hint: Omit it from the simp argument list.
  simp only [̵c̵h̵u̵n̵k̵L̵W̵_̵a̵p̵p̵e̵n̵d̵,̵ ̵k̵1̵0̵_̵c̵0̵2̵8̵_̵c̵k̵0̵]̵[̲k̲1̲0̲_̲c̲0̲2̲8̲_̲c̲k̲0̲]̲

Note: This linter can be disabled with `set_option linter.unusedSimpArgs false`
warning: RootedM5/Fam/W_k10_c028.lean:12:2: The `show` tactic should only be used to indicate intermediate goal states for readability.
However, this tactic invocation changed the goal. Please use `change` instead for these purposes.

Note: This linter can be disabled with `set_option linter.style.show false`
⚠ [8554/8836] Replayed RootedM4.CoverData.F_k10_c037
warning: RootedM4/CoverData/F_k10_c037.lean:7:100: This line exceeds the 100 character limit, please shorten it!

Note: This linter can be disabled with `set_option linter.style.longLine false`
warning: RootedM4/CoverData/F_k10_c037.lean:1:100: This line exceeds the 100 character limit, please shorten it!

Note: This linter can be disabled with `set_option linter.style.longLine false`
⚠ [8555/8836] Replayed RootedM5.Fam.W_k10_c037
warning: RootedM5/Fam/W_k10_c037.lean:16:13: This simp argument is unused:
  chunkLW_append

Hint: Omit it from the simp argument list.
  simp only [̵c̵h̵u̵n̵k̵L̵W̵_̵a̵p̵p̵e̵n̵d̵,̵ ̵k̵1̵0̵_̵c̵0̵3̵7̵_̵c̵k̵0̵]̵[̲k̲1̲0̲_̲c̲0̲3̲7̲_̲c̲k̲0̲]̲

Note: This linter can be disabled with `set_option linter.unusedSimpArgs false`
warning: RootedM5/Fam/W_k10_c037.lean:12:2: The `show` tactic should only be used to indicate intermediate goal states for readability.
However, this tactic invocation changed the goal. Please use `change` instead for these purposes.

Note: This linter can be disabled with `set_option linter.style.show false`
⚠ [8556/8836] Replayed RootedM4.CoverData.F_k10_c046
warning: RootedM4/CoverData/F_k10_c046.lean:7:100: This line exceeds the 100 character limit, please shorten it!

Note: This linter can be disabled with `set_option linter.style.longLine false`
warning: RootedM4/CoverData/F_k10_c046.lean:1:100: This line exceeds the 100 character limit, please shorten it!

Note: This linter can be disabled with `set_option linter.style.longLine false`
⚠ [8557/8836] Replayed RootedM5.Fam.W_k10_c046
warning: RootedM5/Fam/W_k10_c046.lean:16:13: This simp argument is unused:
  chunkLW_append

Hint: Omit it from the simp argument list.
  simp only [̵c̵h̵u̵n̵k̵L̵W̵_̵a̵p̵p̵e̵n̵d̵,̵ ̵k̵1̵0̵_̵c̵0̵4̵6̵_̵c̵k̵0̵]̵[̲k̲1̲0̲_̲c̲0̲4̲6̲_̲c̲k̲0̲]̲

Note: This linter can be disabled with `set_option linter.unusedSimpArgs false`
warning: RootedM5/Fam/W_k10_c046.lean:12:2: The `show` tactic should only be used to indicate intermediate goal states for readability.
However, this tactic invocation changed the goal. Please use `change` instead for these purposes.

Note: This linter can be disabled with `set_option linter.style.show false`
⚠ [8558/8836] Replayed RootedM4.CoverData.F_k10_c055
warning: RootedM4/CoverData/F_k10_c055.lean:7:100: This line exceeds the 100 character limit, please shorten it!

Note: This linter can be disabled with `set_option linter.style.longLine false`
warning: RootedM4/CoverData/F_k10_c055.lean:1:100: This line exceeds the 100 character limit, please shorten it!

Note: This linter can be disabled with `set_option linter.style.longLine false`
⚠ [8559/8836] Replayed RootedM5.Fam.W_k10_c055
warning: RootedM5/Fam/W_k10_c055.lean:16:13: This simp argument is unused:
  chunkLW_append

Hint: Omit it from the simp argument list.
  simp only [̵c̵h̵u̵n̵k̵L̵W̵_̵a̵p̵p̵e̵n̵d̵,̵ ̵k̵1̵0̵_̵c̵0̵5̵5̵_̵c̵k̵0̵]̵[̲k̲1̲0̲_̲c̲0̲5̲5̲_̲c̲k̲0̲]̲

Note: This linter can be disabled with `set_option linter.unusedSimpArgs false`
warning: RootedM5/Fam/W_k10_c055.lean:12:2: The `show` tactic should only be used to indicate intermediate goal states for readability.
However, this tactic invocation changed the goal. Please use `change` instead for these purposes.

Note: This linter can be disabled with `set_option linter.style.show false`
⚠ [8560/8836] Replayed RootedM4.CoverData.F_k10_c064
warning: RootedM4/CoverData/F_k10_c064.lean:7:100: This line exceeds the 100 character limit, please shorten it!

Note: This linter can be disabled with `set_option linter.style.longLine false`
warning: RootedM4/CoverData/F_k10_c064.lean:8:100: This line exceeds the 100 character limit, please shorten it!

Note: This linter can be disabled with `set_option linter.style.longLine false`
warning: RootedM4/CoverData/F_k10_c064.lean:9:100: This line exceeds the 100 character limit, please shorten it!

Note: This linter can be disabled with `set_option linter.style.longLine false`
warning: RootedM4/CoverData/F_k10_c064.lean:10:100: This line exceeds the 100 character limit, please shorten it!

Note: This linter can be disabled with `set_option linter.style.longLine false`
warning: RootedM4/CoverData/F_k10_c064.lean:11:100: This line exceeds the 100 character limit, please shorten it!

Note: This linter can be disabled with `set_option linter.style.longLine false`
warning: RootedM4/CoverData/F_k10_c064.lean:12:100: This line exceeds the 100 character limit, please shorten it!

Note: This linter can be disabled with `set_option linter.style.longLine false`
warning: RootedM4/CoverData/F_k10_c064.lean:13:100: This line exceeds the 100 character limit, please shorten it!

Note: This linter can be disabled with `set_option linter.style.longLine false`
warning: RootedM4/CoverData/F_k10_c064.lean:14:100: This line exceeds the 100 character limit, please shorten it!

Note: This linter can be disabled with `set_option linter.style.longLine false`
warning: RootedM4/CoverData/F_k10_c064.lean:15:100: This line exceeds the 100 character limit, please shorten it!

Note: This linter can be disabled with `set_option linter.style.longLine false`
warning: RootedM4/CoverData/F_k10_c064.lean:16:100: This line exceeds the 100 character limit, please shorten it!

Note: This linter can be disabled with `set_option linter.style.longLine false`
warning: RootedM4/CoverData/F_k10_c064.lean:17:100: This line exceeds the 100 character limit, please shorten it!

Note: This linter can be disabled with `set_option linter.style.longLine false`
warning: RootedM4/CoverData/F_k10_c064.lean:18:100: This line exceeds the 100 character limit, please shorten it!

Note: This linter can be disabled with `set_option linter.style.longLine false`
warning: RootedM4/CoverData/F_k10_c064.lean:19:100: This line exceeds the 100 character limit, please shorten it!

Note: This linter can be disabled with `set_option linter.style.longLine false`
warning: RootedM4/CoverData/F_k10_c064.lean:23:100: This line exceeds the 100 character limit, please shorten it!

Note: This linter can be disabled with `set_option linter.style.longLine false`
warning: RootedM4/CoverData/F_k10_c064.lean:1:100: This line exceeds the 100 character limit, please shorten it!

Note: This linter can be disabled with `set_option linter.style.longLine false`
⚠ [8561/8836] Replayed RootedM5.Fam.W_k10_c064
warning: RootedM5/Fam/W_k10_c064.lean:12:100: This line exceeds the 100 character limit, please shorten it!

Note: This linter can be disabled with `set_option linter.style.longLine false`
warning: RootedM5/Fam/W_k10_c064.lean:14:100: This line exceeds the 100 character limit, please shorten it!

Note: This linter can be disabled with `set_option linter.style.longLine false`
warning: RootedM5/Fam/W_k10_c064.lean:16:100: This line exceeds the 100 character limit, please shorten it!

Note: This linter can be disabled with `set_option linter.style.longLine false`
warning: RootedM5/Fam/W_k10_c064.lean:18:100: This line exceeds the 100 character limit, please shorten it!

Note: This linter can be disabled with `set_option linter.style.longLine false`
warning: RootedM5/Fam/W_k10_c064.lean:20:100: This line exceeds the 100 character limit, please shorten it!

Note: This linter can be disabled with `set_option linter.style.longLine false`
warning: RootedM5/Fam/W_k10_c064.lean:22:100: This line exceeds the 100 character limit, please shorten it!

Note: This linter can be disabled with `set_option linter.style.longLine false`
warning: RootedM5/Fam/W_k10_c064.lean:24:100: This line exceeds the 100 character limit, please shorten it!

Note: This linter can be disabled with `set_option linter.style.longLine false`
warning: RootedM5/Fam/W_k10_c064.lean:26:100: This line exceeds the 100 character limit, please shorten it!

Note: This linter can be disabled with `set_option linter.style.longLine false`
warning: RootedM5/Fam/W_k10_c064.lean:28:100: This line exceeds the 100 character limit, please shorten it!

Note: This linter can be disabled with `set_option linter.style.longLine false`
warning: RootedM5/Fam/W_k10_c064.lean:30:100: This line exceeds the 100 character limit, please shorten it!

Note: This linter can be disabled with `set_option linter.style.longLine false`
warning: RootedM5/Fam/W_k10_c064.lean:34:100: This line exceeds the 100 character limit, please shorten it!

Note: This linter can be disabled with `set_option linter.style.longLine false`
warning: RootedM5/Fam/W_k10_c064.lean:36:100: This line exceeds the 100 character limit, please shorten it!

Note: This linter can be disabled with `set_option linter.style.longLine false`
warning: RootedM5/Fam/W_k10_c064.lean:32:2: The `show` tactic should only be used to indicate intermediate goal states for readability.
However, this tactic invocation changed the goal. Please use `change` instead for these purposes.

Note: This linter can be disabled with `set_option linter.style.show false`
⚠ [8562/8836] Replayed RootedM4.CoverData.F_k10_c073
warning: RootedM4/CoverData/F_k10_c073.lean:7:100: This line exceeds the 100 character limit, please shorten it!

Note: This linter can be disabled with `set_option linter.style.longLine false`
warning: RootedM4/CoverData/F_k10_c073.lean:8:100: This line exceeds the 100 character limit, please shorten it!

Note: This linter can be disabled with `set_option linter.style.longLine false`
warning: RootedM4/CoverData/F_k10_c073.lean:9:100: This line exceeds the 100 character limit, please shorten it!

Note: This linter can be disabled with `set_option linter.style.longLine false`
warning: RootedM4/CoverData/F_k10_c073.lean:10:100: This line exceeds the 100 character limit, please shorten it!

Note: This linter can be disabled with `set_option linter.style.longLine false`
warning: RootedM4/CoverData/F_k10_c073.lean:11:100: This line exceeds the 100 character limit, please shorten it!

Note: This linter can be disabled with `set_option linter.style.longLine false`
warning: RootedM4/CoverData/F_k10_c073.lean:12:100: This line exceeds the 100 character limit, please shorten it!

Note: This linter can be disabled with `set_option linter.style.longLine false`
warning: RootedM4/CoverData/F_k10_c073.lean:13:100: This line exceeds the 100 character limit, please shorten it!

Note: This linter can be disabled with `set_option linter.style.longLine false`
warning: RootedM4/CoverData/F_k10_c073.lean:14:100: This line exceeds the 100 character limit, please shorten it!

Note: This linter can be disabled with `set_option linter.style.longLine false`
warning: RootedM4/CoverData/F_k10_c073.lean:18:100: This line exceeds the 100 character limit, please shorten it!

Note: This linter can be disabled with `set_option linter.style.longLine false`
warning: RootedM4/CoverData/F_k10_c073.lean:1:100: This line exceeds the 100 character limit, please shorten it!

Note: This linter can be disabled with `set_option linter.style.longLine false`
⚠ [8563/8836] Replayed RootedM5.Fam.W_k10_c073
warning: RootedM5/Fam/W_k10_c073.lean:10:100: This line exceeds the 100 character limit, please shorten it!

Note: This linter can be disabled with `set_option linter.style.longLine false`
warning: RootedM5/Fam/W_k10_c073.lean:12:100: This line exceeds the 100 character limit, please shorten it!

Note: This linter can be disabled with `set_option linter.style.longLine false`
warning: RootedM5/Fam/W_k10_c073.lean:14:100: This line exceeds the 100 character limit, please shorten it!

Note: This linter can be disabled with `set_option linter.style.longLine false`
warning: RootedM5/Fam/W_k10_c073.lean:16:100: This line exceeds the 100 character limit, please shorten it!

Note: This linter can be disabled with `set_option linter.style.longLine false`
warning: RootedM5/Fam/W_k10_c073.lean:18:100: This line exceeds the 100 character limit, please shorten it!

Note: This linter can be disabled with `set_option linter.style.longLine false`
warning: RootedM5/Fam/W_k10_c073.lean:20:100: This line exceeds the 100 character limit, please shorten it!

Note: This linter can be disabled with `set_option linter.style.longLine false`
warning: RootedM5/Fam/W_k10_c073.lean:22:100: This line exceeds the 100 character limit, please shorten it!

Note: This linter can be disabled with `set_option linter.style.longLine false`
warning: RootedM5/Fam/W_k10_c073.lean:26:100: This line exceeds the 100 character limit, please shorten it!

Note: This linter can be disabled with `set_option linter.style.longLine false`
warning: RootedM5/Fam/W_k10_c073.lean:28:100: This line exceeds the 100 character limit, please shorten it!

Note: This linter can be disabled with `set_option linter.style.longLine false`
warning: RootedM5/Fam/W_k10_c073.lean:24:2: The `show` tactic should only be used to indicate intermediate goal states for readability.
However, this tactic invocation changed the goal. Please use `change` instead for these purposes.

Note: This linter can be disabled with `set_option linter.style.show false`
⚠ [8564/8836] Replayed RootedM4.CoverData.F_k10_c082
warning: RootedM4/CoverData/F_k10_c082.lean:7:100: This line exceeds the 100 character limit, please shorten it!

Note: This linter can be disabled with `set_option linter.style.longLine false`
warning: RootedM4/CoverData/F_k10_c082.lean:8:100: This line exceeds the 100 character limit, please shorten it!

Note: This linter can be disabled with `set_option linter.style.longLine false`
warning: RootedM4/CoverData/F_k10_c082.lean:9:100: This line exceeds the 100 character limit, please shorten it!

Note: This linter can be disabled with `set_option linter.style.longLine false`
warning: RootedM4/CoverData/F_k10_c082.lean:10:100: This line exceeds the 100 character limit, please shorten it!

Note: This linter can be disabled with `set_option linter.style.longLine false`
warning: RootedM4/CoverData/F_k10_c082.lean:11:100: This line exceeds the 100 character limit, please shorten it!

Note: This linter can be disabled with `set_option linter.style.longLine false`
warning: RootedM4/CoverData/F_k10_c082.lean:12:100: This line exceeds the 100 character limit, please shorten it!

Note: This linter can be disabled with `set_option linter.style.longLine false`
warning: RootedM4/CoverData/F_k10_c082.lean:13:100: This line exceeds the 100 character limit, please shorten it!

Note: This linter can be disabled with `set_option linter.style.longLine false`
warning: RootedM4/CoverData/F_k10_c082.lean:14:100: This line exceeds the 100 character limit, please shorten it!

Note: This linter can be disabled with `set_option linter.style.longLine false`
warning: RootedM4/CoverData/F_k10_c082.lean:15:100: This line exceeds the 100 character limit, please shorten it!

Note: This linter can be disabled with `set_option linter.style.longLine false`
warning: RootedM4/CoverData/F_k10_c082.lean:16:100: This line exceeds the 100 character limit, please shorten it!

Note: This linter can be disabled with `set_option linter.style.longLine false`
warning: RootedM4/CoverData/F_k10_c082.lean:17:100: This line exceeds the 100 character limit, please shorten it!

Note: This linter can be disabled with `set_option linter.style.longLine false`
warning: RootedM4/CoverData/F_k10_c082.lean:18:100: This line exceeds the 100 character limit, please shorten it!

Note: This linter can be disabled with `set_option linter.style.longLine false`
warning: RootedM4/CoverData/F_k10_c082.lean:19:100: This line exceeds the 100 character limit, please shorten it!

Note: This linter can be disabled with `set_option linter.style.longLine false`
warning: RootedM4/CoverData/F_k10_c082.lean:20:100: This line exceeds the 100 character limit, please shorten it!

Note: This linter can be disabled with `set_option linter.style.longLine false`
warning: RootedM4/CoverData/F_k10_c082.lean:21:100: This line exceeds the 100 character limit, please shorten it!

Note: This linter can be disabled with `set_option linter.style.longLine false`
warning: RootedM4/CoverData/F_k10_c082.lean:22:100: This line exceeds the 100 character limit, please shorten it!

Note: This linter can be disabled with `set_option linter.style.longLine false`
warning: RootedM4/CoverData/F_k10_c082.lean:23:100: This line exceeds the 100 character limit, please shorten it!

Note: This linter can be disabled with `set_option linter.style.longLine false`
warning: RootedM4/CoverData/F_k10_c082.lean:24:100: This line exceeds the 100 character limit, please shorten it!

Note: This linter can be disabled with `set_option linter.style.longLine false`
warning: RootedM4/CoverData/F_k10_c082.lean:25:100: This line exceeds the 100 character limit, please shorten it!

Note: This linter can be disabled with `set_option linter.style.longLine false`
warning: RootedM4/CoverData/F_k10_c082.lean:26:100: This line exceeds the 100 character limit, please shorten it!

Note: This linter can be disabled with `set_option linter.style.longLine false`
warning: RootedM4/CoverData/F_k10_c082.lean:27:100: This line exceeds the 100 character limit, please shorten it!

Note: This linter can be disabled with `set_option linter.style.longLine false`
warning: RootedM4/CoverData/F_k10_c082.lean:28:100: This line exceeds the 100 character limit, please shorten it!

Note: This linter can be disabled with `set_option linter.style.longLine false`
warning: RootedM4/CoverData/F_k10_c082.lean:29:100: This line exceeds the 100 character limit, please shorten it!

Note: This linter can be disabled with `set_option linter.style.longLine false`
warning: RootedM4/CoverData/F_k10_c082.lean:30:100: This line exceeds the 100 character limit, please shorten it!

Note: This linter can be disabled with `set_option linter.style.longLine false`
warning: RootedM4/CoverData/F_k10_c082.lean:31:100: This line exceeds the 100 character limit, please shorten it!

Note: This linter can be disabled with `set_option linter.style.longLine false`
warning: RootedM4/CoverData/F_k10_c082.lean:32:100: This line exceeds the 100 character limit, please shorten it!

Note: This linter can be disabled with `set_option linter.style.longLine false`
warning: RootedM4/CoverData/F_k10_c082.lean:33:100: This line exceeds the 100 character limit, please shorten it!

Note: This linter can be disabled with `set_option linter.style.longLine false`
warning: RootedM4/CoverData/F_k10_c082.lean:34:100: This line exceeds the 100 character limit, please shorten it!

Note: This linter can be disabled with `set_option linter.style.longLine false`
warning: RootedM4/CoverData/F_k10_c082.lean:35:100: This line exceeds the 100 character limit, please shorten it!

Note: This linter can be disabled with `set_option linter.style.longLine false`
warning: RootedM4/CoverData/F_k10_c082.lean:36:100: This line exceeds the 100 character limit, please shorten it!

Note: This linter can be disabled with `set_option linter.style.longLine false`
warning: RootedM4/CoverData/F_k10_c082.lean:37:100: This line exceeds the 100 character limit, please shorten it!

Note: This linter can be disabled with `set_option linter.style.longLine false`
warning: RootedM4/CoverData/F_k10_c082.lean:38:100: This line exceeds the 100 character limit, please shorten it!

Note: This linter can be disabled with `set_option linter.style.longLine false`
warning: RootedM4/CoverData/F_k10_c082.lean:39:100: This line exceeds the 100 character limit, please shorten it!

Note: This linter can be disabled with `set_option linter.style.longLine false`
warning: RootedM4/CoverData/F_k10_c082.lean:40:100: This line exceeds the 100 character limit, please shorten it!

Note: This linter can be disabled with `set_option linter.style.longLine false`
warning: RootedM4/CoverData/F_k10_c082.lean:41:100: This line exceeds the 100 character limit, please shorten it!

Note: This linter can be disabled with `set_option linter.style.longLine false`
warning: RootedM4/CoverData/F_k10_c082.lean:42:100: This line exceeds the 100 character limit, please shorten it!

Note: This linter can be disabled with `set_option linter.style.longLine false`
warning: RootedM4/CoverData/F_k10_c082.lean:43:100: This line exceeds the 100 character limit, please shorten it!

Note: This linter can be disabled with `set_option linter.style.longLine false`
warning: RootedM4/CoverData/F_k10_c082.lean:44:100: This line exceeds the 100 character limit, please shorten it!

Note: This linter can be disabled with `set_option linter.style.longLine false`
warning: RootedM4/CoverData/F_k10_c082.lean:45:100: This line exceeds the 100 character limit, please shorten it!

Note: This linter can be disabled with `set_option linter.style.longLine false`
warning: RootedM4/CoverData/F_k10_c082.lean:46:100: This line exceeds the 100 character limit, please shorten it!

Note: This linter can be disabled with `set_option linter.style.longLine false`
warning: RootedM4/CoverData/F_k10_c082.lean:47:100: This line exceeds the 100 character limit, please shorten it!

Note: This linter can be disabled with `set_option linter.style.longLine false`
warning: RootedM4/CoverData/F_k10_c082.lean:48:100: This line exceeds the 100 character limit, please shorten it!

Note: This linter can be disabled with `set_option linter.style.longLine false`
warning: RootedM4/CoverData/F_k10_c082.lean:49:100: This line exceeds the 100 character limit, please shorten it!

Note: This linter can be disabled with `set_option linter.style.longLine false`
warning: RootedM4/CoverData/F_k10_c082.lean:50:100: This line exceeds the 100 character limit, please shorten it!

Note: This linter can be disabled with `set_option linter.style.longLine false`
warning: RootedM4/CoverData/F_k10_c082.lean:51:100: This line exceeds the 100 character limit, please shorten it!

Note: This linter can be disabled with `set_option linter.style.longLine false`
warning: RootedM4/CoverData/F_k10_c082.lean:52:100: This line exceeds the 100 character limit, please shorten it!

Note: This linter can be disabled with `set_option linter.style.longLine false`
warning: RootedM4/CoverData/F_k10_c082.lean:53:100: This line exceeds the 100 character limit, please shorten it!

Note: This linter can be disabled with `set_option linter.style.longLine false`
warning: RootedM4/CoverData/F_k10_c082.lean:54:100: This line exceeds the 100 character limit, please shorten it!

Note: This linter can be disabled with `set_option linter.style.longLine false`
warning: RootedM4/CoverData/F_k10_c082.lean:55:100: This line exceeds the 100 character limit, please shorten it!

Note: This linter can be disabled with `set_option linter.style.longLine false`
warning: RootedM4/CoverData/F_k10_c082.lean:56:100: This line exceeds the 100 character limit, please shorten it!

Note: This linter can be disabled with `set_option linter.style.longLine false`
warning: RootedM4/CoverData/F_k10_c082.lean:57:100: This line exceeds the 100 character limit, please shorten it!

Note: This linter can be disabled with `set_option linter.style.longLine false`
warning: RootedM4/CoverData/F_k10_c082.lean:58:100: This line exceeds the 100 character limit, please shorten it!

Note: This linter can be disabled with `set_option linter.style.longLine false`
warning: RootedM4/CoverData/F_k10_c082.lean:59:100: This line exceeds the 100 character limit, please shorten it!

Note: This linter can be disabled with `set_option linter.style.longLine false`
warning: RootedM4/CoverData/F_k10_c082.lean:60:100: This line exceeds the 100 character limit, please shorten it!

Note: This linter can be disabled with `set_option linter.style.longLine false`
warning: RootedM4/CoverData/F_k10_c082.lean:61:100: This line exceeds the 100 character limit, please shorten it!

Note: This linter can be disabled with `set_option linter.style.longLine false`
warning: RootedM4/CoverData/F_k10_c082.lean:62:100: This line exceeds the 100 character limit, please shorten it!

Note: This linter can be disabled with `set_option linter.style.longLine false`
warning: RootedM4/CoverData/F_k10_c082.lean:63:100: This line exceeds the 100 character limit, please shorten it!

Note: This linter can be disabled with `set_option linter.style.longLine false`
warning: RootedM4/CoverData/F_k10_c082.lean:64:100: This line exceeds the 100 character limit, please shorten it!

Note: This linter can be disabled with `set_option linter.style.longLine false`
warning: RootedM4/CoverData/F_k10_c082.lean:65:100: This line exceeds the 100 character limit, please shorten it!

Note: This linter can be disabled with `set_option linter.style.longLine false`
warning: RootedM4/CoverData/F_k10_c082.lean:66:100: This line exceeds the 100 character limit, please shorten it!

Note: This linter can be disabled with `set_option linter.style.longLine false`
warning: RootedM4/CoverData/F_k10_c082.lean:67:100: This line exceeds the 100 character limit, please shorten it!

Note: This linter can be disabled with `set_option linter.style.longLine false`
warning: RootedM4/CoverData/F_k10_c082.lean:68:100: This line exceeds the 100 character limit, please shorten it!

Note: This linter can be disabled with `set_option linter.style.longLine false`
warning: RootedM4/CoverData/F_k10_c082.lean:69:100: This line exceeds the 100 character limit, please shorten it!

Note: This linter can be disabled with `set_option linter.style.longLine false`
warning: RootedM4/CoverData/F_k10_c082.lean:70:100: This line exceeds the 100 character limit, please shorten it!

Note: This linter can be disabled with `set_option linter.style.longLine false`
warning: RootedM4/CoverData/F_k10_c082.lean:71:100: This line exceeds the 100 character limit, please shorten it!

Note: This linter can be disabled with `set_option linter.style.longLine false`
warning: RootedM4/CoverData/F_k10_c082.lean:72:100: This line exceeds the 100 character limit, please shorten it!

Note: This linter can be disabled with `set_option linter.style.longLine false`
warning: RootedM4/CoverData/F_k10_c082.lean:73:100: This line exceeds the 100 character limit, please shorten it!

Note: This linter can be disabled with `set_option linter.style.longLine false`
warning: RootedM4/CoverData/F_k10_c082.lean:74:100: This line exceeds the 100 character limit, please shorten it!

Note: This linter can be disabled with `set_option linter.style.longLine false`
warning: RootedM4/CoverData/F_k10_c082.lean:75:100: This line exceeds the 100 character limit, please shorten it!

Note: This linter can be disabled with `set_option linter.style.longLine false`
warning: RootedM4/CoverData/F_k10_c082.lean:76:100: This line exceeds the 100 character limit, please shorten it!

Note: This linter can be disabled with `set_option linter.style.longLine false`
warning: RootedM4/CoverData/F_k10_c082.lean:77:100: This line exceeds the 100 character limit, please shorten it!

Note: This linter can be disabled with `set_option linter.style.longLine false`
warning: RootedM4/CoverData/F_k10_c082.lean:78:100: This line exceeds the 100 character limit, please shorten it!

Note: This linter can be disabled with `set_option linter.style.longLine false`
warning: RootedM4/CoverData/F_k10_c082.lean:79:100: This line exceeds the 100 character limit, please shorten it!

Note: This linter can be disabled with `set_option linter.style.longLine false`
warning: RootedM4/CoverData/F_k10_c082.lean:80:100: This line exceeds the 100 character limit, please shorten it!

Note: This linter can be disabled with `set_option linter.style.longLine false`
warning: RootedM4/CoverData/F_k10_c082.lean:81:100: This line exceeds the 100 character limit, please shorten it!

Note: This linter can be disabled with `set_option linter.style.longLine false`
warning: RootedM4/CoverData/F_k10_c082.lean:82:100: This line exceeds the 100 character limit, please shorten it!

Note: This linter can be disabled with `set_option linter.style.longLine false`
warning: RootedM4/CoverData/F_k10_c082.lean:83:100: This line exceeds the 100 character limit, please shorten it!

Note: This linter can be disabled with `set_option linter.style.longLine false`
warning: RootedM4/CoverData/F_k10_c082.lean:84:100: This line exceeds the 100 character limit, please shorten it!

Note: This linter can be disabled with `set_option linter.style.longLine false`
warning: RootedM4/CoverData/F_k10_c082.lean:85:100: This line exceeds the 100 character limit, please shorten it!

Note: This linter can be disabled with `set_option linter.style.longLine false`
warning: RootedM4/CoverData/F_k10_c082.lean:89:100: This line exceeds the 100 character limit, please shorten it!

Note: This linter can be disabled with `set_option linter.style.longLine false`
warning: RootedM4/CoverData/F_k10_c082.lean:1:100: This line exceeds the 100 character limit, please shorten it!

Note: This linter can be disabled with `set_option linter.style.longLine false`
⚠ [8565/8836] Replayed RootedM5.Fam.W_k10_c082
warning: RootedM5/Fam/W_k10_c082.lean:9:100: This line exceeds the 100 character limit, please shorten it!

Note: This linter can be disabled with `set_option linter.style.longLine false`
warning: RootedM5/Fam/W_k10_c082.lean:11:100: This line exceeds the 100 character limit, please shorten it!

Note: This linter can be disabled with `set_option linter.style.longLine false`
warning: RootedM5/Fam/W_k10_c082.lean:13:100: This line exceeds the 100 character limit, please shorten it!

Note: This linter can be disabled with `set_option linter.style.longLine false`
warning: RootedM5/Fam/W_k10_c082.lean:15:100: This line exceeds the 100 character limit, please shorten it!

Note: This linter can be disabled with `set_option linter.style.longLine false`
warning: RootedM5/Fam/W_k10_c082.lean:17:100: This line exceeds the 100 character limit, please shorten it!

Note: This linter can be disabled with `set_option linter.style.longLine false`
warning: RootedM5/Fam/W_k10_c082.lean:19:100: This line exceeds the 100 character limit, please shorten it!

Note: This linter can be disabled with `set_option linter.style.longLine false`
warning: RootedM5/Fam/W_k10_c082.lean:21:100: This line exceeds the 100 character limit, please shorten it!

Note: This linter can be disabled with `set_option linter.style.longLine false`
warning: RootedM5/Fam/W_k10_c082.lean:23:100: This line exceeds the 100 character limit, please shorten it!

Note: This linter can be disabled with `set_option linter.style.longLine false`
warning: RootedM5/Fam/W_k10_c082.lean:25:100: This line exceeds the 100 character limit, please shorten it!

Note: This linter can be disabled with `set_option linter.style.longLine false`
warning: RootedM5/Fam/W_k10_c082.lean:27:100: This line exceeds the 100 character limit, please shorten it!

Note: This linter can be disabled with `set_option linter.style.longLine false`
warning: RootedM5/Fam/W_k10_c082.lean:29:100: This line exceeds the 100 character limit, please shorten it!

Note: This linter can be disabled with `set_option linter.style.longLine false`
warning: RootedM5/Fam/W_k10_c082.lean:31:100: This line exceeds the 100 character limit, please shorten it!

Note: This linter can be disabled with `set_option linter.style.longLine false`
warning: RootedM5/Fam/W_k10_c082.lean:33:100: This line exceeds the 100 character limit, please shorten it!

Note: This linter can be disabled with `set_option linter.style.longLine false`
warning: RootedM5/Fam/W_k10_c082.lean:35:100: This line exceeds the 100 character limit, please shorten it!

Note: This linter can be disabled with `set_option linter.style.longLine false`
warning: RootedM5/Fam/W_k10_c082.lean:37:100: This line exceeds the 100 character limit, please shorten it!

Note: This linter can be disabled with `set_option linter.style.longLine false`
warning: RootedM5/Fam/W_k10_c082.lean:39:100: This line exceeds the 100 character limit, please shorten it!

Note: This linter can be disabled with `set_option linter.style.longLine false`
warning: RootedM5/Fam/W_k10_c082.lean:41:100: This line exceeds the 100 character limit, please shorten it!

Note: This linter can be disabled with `set_option linter.style.longLine false`
warning: RootedM5/Fam/W_k10_c082.lean:44:100: This line exceeds the 100 character limit, please shorten it!

Note: This linter can be disabled with `set_option linter.style.longLine false`
warning: RootedM5/Fam/W_k10_c082.lean:46:100: This line exceeds the 100 character limit, please shorten it!

Note: This linter can be disabled with `set_option linter.style.longLine false`
warning: RootedM5/Fam/W_k10_c082.lean:48:100: This line exceeds the 100 character limit, please shorten it!

Note: This linter can be disabled with `set_option linter.style.longLine false`
warning: RootedM5/Fam/W_k10_c082.lean:50:100: This line exceeds the 100 character limit, please shorten it!

Note: This linter can be disabled with `set_option linter.style.longLine false`
warning: RootedM5/Fam/W_k10_c082.lean:52:100: This line exceeds the 100 character limit, please shorten it!

Note: This linter can be disabled with `set_option linter.style.longLine false`
warning: RootedM5/Fam/W_k10_c082.lean:54:100: This line exceeds the 100 character limit, please shorten it!

Note: This linter can be disabled with `set_option linter.style.longLine false`
warning: RootedM5/Fam/W_k10_c082.lean:56:100: This line exceeds the 100 character limit, please shorten it!

Note: This linter can be disabled with `set_option linter.style.longLine false`
warning: RootedM5/Fam/W_k10_c082.lean:58:100: This line exceeds the 100 character limit, please shorten it!

Note: This linter can be disabled with `set_option linter.style.longLine false`
warning: RootedM5/Fam/W_k10_c082.lean:60:100: This line exceeds the 100 character limit, please shorten it!

Note: This linter can be disabled with `set_option linter.style.longLine false`
warning: RootedM5/Fam/W_k10_c082.lean:62:100: This line exceeds the 100 character limit, please shorten it!

Note: This linter can be disabled with `set_option linter.style.longLine false`
warning: RootedM5/Fam/W_k10_c082.lean:64:100: This line exceeds the 100 character limit, please shorten it!

Note: This linter can be disabled with `set_option linter.style.longLine false`
warning: RootedM5/Fam/W_k10_c082.lean:66:100: This line exceeds the 100 character limit, please shorten it!

Note: This linter can be disabled with `set_option linter.style.longLine false`
warning: RootedM5/Fam/W_k10_c082.lean:68:100: This line exceeds the 100 character limit, please shorten it!

Note: This linter can be disabled with `set_option linter.style.longLine false`
warning: RootedM5/Fam/W_k10_c082.lean:71:100: This line exceeds the 100 character limit, please shorten it!

Note: This linter can be disabled with `set_option linter.style.longLine false`
warning: RootedM5/Fam/W_k10_c082.lean:73:100: This line exceeds the 100 character limit, please shorten it!

Note: This linter can be disabled with `set_option linter.style.longLine false`
warning: RootedM5/Fam/W_k10_c082.lean:75:100: This line exceeds the 100 character limit, please shorten it!

Note: This linter can be disabled with `set_option linter.style.longLine false`
warning: RootedM5/Fam/W_k10_c082.lean:78:100: This line exceeds the 100 character limit, please shorten it!

Note: This linter can be disabled with `set_option linter.style.longLine false`
warning: RootedM5/Fam/W_k10_c082.lean:80:100: This line exceeds the 100 character limit, please shorten it!

Note: This linter can be disabled with `set_option linter.style.longLine false`
warning: RootedM5/Fam/W_k10_c082.lean:82:100: This line exceeds the 100 character limit, please shorten it!

Note: This linter can be disabled with `set_option linter.style.longLine false`
warning: RootedM5/Fam/W_k10_c082.lean:84:100: This line exceeds the 100 character limit, please shorten it!

Note: This linter can be disabled with `set_option linter.style.longLine false`
warning: RootedM5/Fam/W_k10_c082.lean:86:100: This line exceeds the 100 character limit, please shorten it!

Note: This linter can be disabled with `set_option linter.style.longLine false`
warning: RootedM5/Fam/W_k10_c082.lean:88:100: This line exceeds the 100 character limit, please shorten it!

Note: This linter can be disabled with `set_option linter.style.longLine false`
warning: RootedM5/Fam/W_k10_c082.lean:90:100: This line exceeds the 100 character limit, please shorten it!

Note: This linter can be disabled with `set_option linter.style.longLine false`
warning: RootedM5/Fam/W_k10_c082.lean:92:100: This line exceeds the 100 character limit, please shorten it!

Note: This linter can be disabled with `set_option linter.style.longLine false`
warning: RootedM5/Fam/W_k10_c082.lean:94:100: This line exceeds the 100 character limit, please shorten it!

Note: This linter can be disabled with `set_option linter.style.longLine false`
warning: RootedM5/Fam/W_k10_c082.lean:96:100: This line exceeds the 100 character limit, please shorten it!

Note: This linter can be disabled with `set_option linter.style.longLine false`
warning: RootedM5/Fam/W_k10_c082.lean:98:100: This line exceeds the 100 character limit, please shorten it!

Note: This linter can be disabled with `set_option linter.style.longLine false`
warning: RootedM5/Fam/W_k10_c082.lean:100:100: This line exceeds the 100 character limit, please shorten it!

Note: This linter can be disabled with `set_option linter.style.longLine false`
warning: RootedM5/Fam/W_k10_c082.lean:102:100: This line exceeds the 100 character limit, please shorten it!

Note: This linter can be disabled with `set_option linter.style.longLine false`
warning: RootedM5/Fam/W_k10_c082.lean:104:100: This line exceeds the 100 character limit, please shorten it!

Note: This linter can be disabled with `set_option linter.style.longLine false`
warning: RootedM5/Fam/W_k10_c082.lean:106:100: This line exceeds the 100 character limit, please shorten it!

Note: This linter can be disabled with `set_option linter.style.longLine false`
warning: RootedM5/Fam/W_k10_c082.lean:108:100: This line exceeds the 100 character limit, please shorten it!

Note: This linter can be disabled with `set_option linter.style.longLine false`
warning: RootedM5/Fam/W_k10_c082.lean:112:100: This line exceeds the 100 character limit, please shorten it!

Note: This linter can be disabled with `set_option linter.style.longLine false`
warning: RootedM5/Fam/W_k10_c082.lean:114:100: This line exceeds the 100 character limit, please shorten it!

Note: This linter can be disabled with `set_option linter.style.longLine false`
warning: RootedM5/Fam/W_k10_c082.lean:116:100: This line exceeds the 100 character limit, please shorten it!

Note: This linter can be disabled with `set_option linter.style.longLine false`
warning: RootedM5/Fam/W_k10_c082.lean:118:100: This line exceeds the 100 character limit, please shorten it!

Note: This linter can be disabled with `set_option linter.style.longLine false`
warning: RootedM5/Fam/W_k10_c082.lean:120:100: This line exceeds the 100 character limit, please shorten it!

Note: This linter can be disabled with `set_option linter.style.longLine false`
warning: RootedM5/Fam/W_k10_c082.lean:122:100: This line exceeds the 100 character limit, please shorten it!

Note: This linter can be disabled with `set_option linter.style.longLine false`
warning: RootedM5/Fam/W_k10_c082.lean:124:100: This line exceeds the 100 character limit, please shorten it!

Note: This linter can be disabled with `set_option linter.style.longLine false`
warning: RootedM5/Fam/W_k10_c082.lean:127:100: This line exceeds the 100 character limit, please shorten it!

Note: This linter can be disabled with `set_option linter.style.longLine false`
warning: RootedM5/Fam/W_k10_c082.lean:129:100: This line exceeds the 100 character limit, please shorten it!

Note: This linter can be disabled with `set_option linter.style.longLine false`
warning: RootedM5/Fam/W_k10_c082.lean:131:100: This line exceeds the 100 character limit, please shorten it!

Note: This linter can be disabled with `set_option linter.style.longLine false`
warning: RootedM5/Fam/W_k10_c082.lean:133:100: This line exceeds the 100 character limit, please shorten it!

Note: This linter can be disabled with `set_option linter.style.longLine false`
warning: RootedM5/Fam/W_k10_c082.lean:135:100: This line exceeds the 100 character limit, please shorten it!

Note: This linter can be disabled with `set_option linter.style.longLine false`
warning: RootedM5/Fam/W_k10_c082.lean:137:100: This line exceeds the 100 character limit, please shorten it!

Note: This linter can be disabled with `set_option linter.style.longLine false`
warning: RootedM5/Fam/W_k10_c082.lean:139:100: This line exceeds the 100 character limit, please shorten it!

Note: This linter can be disabled with `set_option linter.style.longLine false`
warning: RootedM5/Fam/W_k10_c082.lean:141:100: This line exceeds the 100 character limit, please shorten it!

Note: This linter can be disabled with `set_option linter.style.longLine false`
warning: RootedM5/Fam/W_k10_c082.lean:144:100: This line exceeds the 100 character limit, please shorten it!

Note: This linter can be disabled with `set_option linter.style.longLine false`
warning: RootedM5/Fam/W_k10_c082.lean:146:100: This line exceeds the 100 character limit, please shorten it!

Note: This linter can be disabled with `set_option linter.style.longLine false`
warning: RootedM5/Fam/W_k10_c082.lean:148:100: This line exceeds the 100 character limit, please shorten it!

Note: This linter can be disabled with `set_option linter.style.longLine false`
warning: RootedM5/Fam/W_k10_c082.lean:150:100: This line exceeds the 100 character limit, please shorten it!

Note: This linter can be disabled with `set_option linter.style.longLine false`
warning: RootedM5/Fam/W_k10_c082.lean:152:100: This line exceeds the 100 character limit, please shorten it!

Note: This linter can be disabled with `set_option linter.style.longLine false`
warning: RootedM5/Fam/W_k10_c082.lean:154:100: This line exceeds the 100 character limit, please shorten it!

Note: This linter can be disabled with `set_option linter.style.longLine false`
warning: RootedM5/Fam/W_k10_c082.lean:156:100: This line exceeds the 100 character limit, please shorten it!

Note: This linter can be disabled with `set_option linter.style.longLine false`
warning: RootedM5/Fam/W_k10_c082.lean:160:100: This line exceeds the 100 character limit, please shorten it!

Note: This linter can be disabled with `set_option linter.style.longLine false`
warning: RootedM5/Fam/W_k10_c082.lean:162:100: This line exceeds the 100 character limit, please shorten it!

Note: This linter can be disabled with `set_option linter.style.longLine false`
warning: RootedM5/Fam/W_k10_c082.lean:158:2: The `show` tactic should only be used to indicate intermediate goal states for readability.
However, this tactic invocation changed the goal. Please use `change` instead for these purposes.

Note: This linter can be disabled with `set_option linter.style.show false`
⚠ [8566/8836] Replayed RootedM4.CoverData.F_k10_c091
warning: RootedM4/CoverData/F_k10_c091.lean:7:100: This line exceeds the 100 character limit, please shorten it!

Note: This linter can be disabled with `set_option linter.style.longLine false`
warning: RootedM4/CoverData/F_k10_c091.lean:8:100: This line exceeds the 100 character limit, please shorten it!

Note: This linter can be disabled with `set_option linter.style.longLine false`
warning: RootedM4/CoverData/F_k10_c091.lean:9:100: This line exceeds the 100 character limit, please shorten it!

Note: This linter can be disabled with `set_option linter.style.longLine false`
warning: RootedM4/CoverData/F_k10_c091.lean:10:100: This line exceeds the 100 character limit, please shorten it!

Note: This linter can be disabled with `set_option linter.style.longLine false`
warning: RootedM4/CoverData/F_k10_c091.lean:11:100: This line exceeds the 100 character limit, please shorten it!

Note: This linter can be disabled with `set_option linter.style.longLine false`
warning: RootedM4/CoverData/F_k10_c091.lean:12:100: This line exceeds the 100 character limit, please shorten it!

Note: This linter can be disabled with `set_option linter.style.longLine false`
warning: RootedM4/CoverData/F_k10_c091.lean:13:100: This line exceeds the 100 character limit, please shorten it!

Note: This linter can be disabled with `set_option linter.style.longLine false`
warning: RootedM4/CoverData/F_k10_c091.lean:14:100: This line exceeds the 100 character limit, please shorten it!

Note: This linter can be disabled with `set_option linter.style.longLine false`
warning: RootedM4/CoverData/F_k10_c091.lean:15:100: This line exceeds the 100 character limit, please shorten it!

Note: This linter can be disabled with `set_option linter.style.longLine false`
warning: RootedM4/CoverData/F_k10_c091.lean:16:100: This line exceeds the 100 character limit, please shorten it!

Note: This linter can be disabled with `set_option linter.style.longLine false`
warning: RootedM4/CoverData/F_k10_c091.lean:17:100: This line exceeds the 100 character limit, please shorten it!

Note: This linter can be disabled with `set_option linter.style.longLine false`
warning: RootedM4/CoverData/F_k10_c091.lean:18:100: This line exceeds the 100 character limit, please shorten it!

Note: This linter can be disabled with `set_option linter.style.longLine false`
warning: RootedM4/CoverData/F_k10_c091.lean:19:100: This line exceeds the 100 character limit, please shorten it!

Note: This linter can be disabled with `set_option linter.style.longLine false`
warning: RootedM4/CoverData/F_k10_c091.lean:20:100: This line exceeds the 100 character limit, please shorten it!

Note: This linter can be disabled with `set_option linter.style.longLine false`
warning: RootedM4/CoverData/F_k10_c091.lean:21:100: This line exceeds the 100 character limit, please shorten it!

Note: This linter can be disabled with `set_option linter.style.longLine false`
warning: RootedM4/CoverData/F_k10_c091.lean:22:100: This line exceeds the 100 character limit, please shorten it!

Note: This linter can be disabled with `set_option linter.style.longLine false`
warning: RootedM4/CoverData/F_k10_c091.lean:23:100: This line exceeds the 100 character limit, please shorten it!

Note: This linter can be disabled with `set_option linter.style.longLine false`
warning: RootedM4/CoverData/F_k10_c091.lean:24:100: This line exceeds the 100 character limit, please shorten it!

Note: This linter can be disabled with `set_option linter.style.longLine false`
warning: RootedM4/CoverData/F_k10_c091.lean:25:100: This line exceeds the 100 character limit, please shorten it!

Note: This linter can be disabled with `set_option linter.style.longLine false`
warning: RootedM4/CoverData/F_k10_c091.lean:26:100: This line exceeds the 100 character limit, please shorten it!

Note: This linter can be disabled with `set_option linter.style.longLine false`
warning: RootedM4/CoverData/F_k10_c091.lean:30:100: This line exceeds the 100 character limit, please shorten it!

Note: This linter can be disabled with `set_option linter.style.longLine false`
warning: RootedM4/CoverData/F_k10_c091.lean:1:100: This line exceeds the 100 character limit, please shorten it!

Note: This linter can be disabled with `set_option linter.style.longLine false`
⚠ [8567/8836] Replayed RootedM5.Fam.W_k10_c091
warning: RootedM5/Fam/W_k10_c091.lean:9:100: This line exceeds the 100 character limit, please shorten it!

Note: This linter can be disabled with `set_option linter.style.longLine false`
warning: RootedM5/Fam/W_k10_c091.lean:11:100: This line exceeds the 100 character limit, please shorten it!

Note: This linter can be disabled with `set_option linter.style.longLine false`
warning: RootedM5/Fam/W_k10_c091.lean:13:100: This line exceeds the 100 character limit, please shorten it!

Note: This linter can be disabled with `set_option linter.style.longLine false`
warning: RootedM5/Fam/W_k10_c091.lean:15:100: This line exceeds the 100 character limit, please shorten it!

Note: This linter can be disabled with `set_option linter.style.longLine false`
warning: RootedM5/Fam/W_k10_c091.lean:17:100: This line exceeds the 100 character limit, please shorten it!

Note: This linter can be disabled with `set_option linter.style.longLine false`
warning: RootedM5/Fam/W_k10_c091.lean:19:100: This line exceeds the 100 character limit, please shorten it!

Note: This linter can be disabled with `set_option linter.style.longLine false`
warning: RootedM5/Fam/W_k10_c091.lean:21:100: This line exceeds the 100 character limit, please shorten it!

Note: This linter can be disabled with `set_option linter.style.longLine false`
warning: RootedM5/Fam/W_k10_c091.lean:23:100: This line exceeds the 100 character limit, please shorten it!

Note: This linter can be disabled with `set_option linter.style.longLine false`
warning: RootedM5/Fam/W_k10_c091.lean:25:100: This line exceeds the 100 character limit, please shorten it!

Note: This linter can be disabled with `set_option linter.style.longLine false`
warning: RootedM5/Fam/W_k10_c091.lean:27:100: This line exceeds the 100 character limit, please shorten it!

Note: This linter can be disabled with `set_option linter.style.longLine false`
warning: RootedM5/Fam/W_k10_c091.lean:29:100: This line exceeds the 100 character limit, please shorten it!

Note: This linter can be disabled with `set_option linter.style.longLine false`
warning: RootedM5/Fam/W_k10_c091.lean:31:100: This line exceeds the 100 character limit, please shorten it!

Note: This linter can be disabled with `set_option linter.style.longLine false`
warning: RootedM5/Fam/W_k10_c091.lean:33:100: This line exceeds the 100 character limit, please shorten it!

Note: This linter can be disabled with `set_option linter.style.longLine false`
warning: RootedM5/Fam/W_k10_c091.lean:35:100: This line exceeds the 100 character limit, please shorten it!

Note: This linter can be disabled with `set_option linter.style.longLine false`
warning: RootedM5/Fam/W_k10_c091.lean:38:100: This line exceeds the 100 character limit, please shorten it!

Note: This linter can be disabled with `set_option linter.style.longLine false`
warning: RootedM5/Fam/W_k10_c091.lean:40:100: This line exceeds the 100 character limit, please shorten it!

Note: This linter can be disabled with `set_option linter.style.longLine false`
warning: RootedM5/Fam/W_k10_c091.lean:42:100: This line exceeds the 100 character limit, please shorten it!

Note: This linter can be disabled with `set_option linter.style.longLine false`
warning: RootedM5/Fam/W_k10_c091.lean:44:100: This line exceeds the 100 character limit, please shorten it!

Note: This linter can be disabled with `set_option linter.style.longLine false`
warning: RootedM5/Fam/W_k10_c091.lean:48:100: This line exceeds the 100 character limit, please shorten it!

Note: This linter can be disabled with `set_option linter.style.longLine false`
warning: RootedM5/Fam/W_k10_c091.lean:50:100: This line exceeds the 100 character limit, please shorten it!

Note: This linter can be disabled with `set_option linter.style.longLine false`
warning: RootedM5/Fam/W_k10_c091.lean:46:2: The `show` tactic should only be used to indicate intermediate goal states for readability.
However, this tactic invocation changed the goal. Please use `change` instead for these purposes.

Note: This linter can be disabled with `set_option linter.style.show false`
⚠ [8568/8836] Replayed RootedM4.CoverData.F_k8_c008
warning: RootedM4/CoverData/F_k8_c008.lean:7:100: This line exceeds the 100 character limit, please shorten it!

Note: This linter can be disabled with `set_option linter.style.longLine false`
warning: RootedM4/CoverData/F_k8_c008.lean:8:100: This line exceeds the 100 character limit, please shorten it!

Note: This linter can be disabled with `set_option linter.style.longLine false`
warning: RootedM4/CoverData/F_k8_c008.lean:1:100: This line exceeds the 100 character limit, please shorten it!

Note: This linter can be disabled with `set_option linter.style.longLine false`
⚠ [8569/8836] Replayed RootedM5.Fam.W_k8_c008
warning: RootedM5/Fam/W_k8_c008.lean:16:13: This simp argument is unused:
  chunkLW_append

Hint: Omit it from the simp argument list.
  simp only [̵c̵h̵u̵n̵k̵L̵W̵_̵a̵p̵p̵e̵n̵d̵,̵ ̵k̵8̵_̵c̵0̵0̵8̵_̵c̵k̵0̵]̵[̲k̲8̲_̲c̲0̲0̲8̲_̲c̲k̲0̲]̲

Note: This linter can be disabled with `set_option linter.unusedSimpArgs false`
warning: RootedM5/Fam/W_k8_c008.lean:12:2: The `show` tactic should only be used to indicate intermediate goal states for readability.
However, this tactic invocation changed the goal. Please use `change` instead for these purposes.

Note: This linter can be disabled with `set_option linter.style.show false`
⚠ [8570/8836] Replayed RootedM4.CoverData.F_k8_c017
warning: RootedM4/CoverData/F_k8_c017.lean:7:100: This line exceeds the 100 character limit, please shorten it!

Note: This linter can be disabled with `set_option linter.style.longLine false`
warning: RootedM4/CoverData/F_k8_c017.lean:8:100: This line exceeds the 100 character limit, please shorten it!

Note: This linter can be disabled with `set_option linter.style.longLine false`
warning: RootedM4/CoverData/F_k8_c017.lean:1:100: This line exceeds the 100 character limit, please shorten it!

Note: This linter can be disabled with `set_option linter.style.longLine false`
⚠ [8571/8836] Replayed RootedM5.Fam.W_k8_c017
warning: RootedM5/Fam/W_k8_c017.lean:16:13: This simp argument is unused:
  chunkLW_append

Hint: Omit it from the simp argument list.
  simp only [̵c̵h̵u̵n̵k̵L̵W̵_̵a̵p̵p̵e̵n̵d̵,̵ ̵k̵8̵_̵c̵0̵1̵7̵_̵c̵k̵0̵]̵[̲k̲8̲_̲c̲0̲1̲7̲_̲c̲k̲0̲]̲

Note: This linter can be disabled with `set_option linter.unusedSimpArgs false`
warning: RootedM5/Fam/W_k8_c017.lean:12:2: The `show` tactic should only be used to indicate intermediate goal states for readability.
However, this tactic invocation changed the goal. Please use `change` instead for these purposes.

Note: This linter can be disabled with `set_option linter.style.show false`
⚠ [8572/8836] Replayed RootedM4.CoverData.F_k8_c026
warning: RootedM4/CoverData/F_k8_c026.lean:7:100: This line exceeds the 100 character limit, please shorten it!

Note: This linter can be disabled with `set_option linter.style.longLine false`
warning: RootedM4/CoverData/F_k8_c026.lean:8:100: This line exceeds the 100 character limit, please shorten it!

Note: This linter can be disabled with `set_option linter.style.longLine false`
warning: RootedM4/CoverData/F_k8_c026.lean:9:100: This line exceeds the 100 character limit, please shorten it!

Note: This linter can be disabled with `set_option linter.style.longLine false`
warning: RootedM4/CoverData/F_k8_c026.lean:1:100: This line exceeds the 100 character limit, please shorten it!

Note: This linter can be disabled with `set_option linter.style.longLine false`
⚠ [8573/8836] Replayed RootedM5.Fam.W_k8_c026
warning: RootedM5/Fam/W_k8_c026.lean:13:2: The `show` tactic should only be used to indicate intermediate goal states for readability.
However, this tactic invocation changed the goal. Please use `change` instead for these purposes.

Note: This linter can be disabled with `set_option linter.style.show false`
⚠ [8574/8836] Replayed RootedM4.CoverData.F_k8_c035
warning: RootedM4/CoverData/F_k8_c035.lean:7:100: This line exceeds the 100 character limit, please shorten it!

Note: This linter can be disabled with `set_option linter.style.longLine false`
warning: RootedM4/CoverData/F_k8_c035.lean:8:100: This line exceeds the 100 character limit, please shorten it!

Note: This linter can be disabled with `set_option linter.style.longLine false`
warning: RootedM4/CoverData/F_k8_c035.lean:9:100: This line exceeds the 100 character limit, please shorten it!

Note: This linter can be disabled with `set_option linter.style.longLine false`
warning: RootedM4/CoverData/F_k8_c035.lean:1:100: This line exceeds the 100 character limit, please shorten it!

Note: This linter can be disabled with `set_option linter.style.longLine false`
⚠ [8575/8836] Replayed RootedM5.Fam.W_k8_c035
warning: RootedM5/Fam/W_k8_c035.lean:13:2: The `show` tactic should only be used to indicate intermediate goal states for readability.
However, this tactic invocation changed the goal. Please use `change` instead for these purposes.

Note: This linter can be disabled with `set_option linter.style.show false`
⚠ [8576/8836] Replayed RootedM4.CoverData.F_k8_c044
warning: RootedM4/CoverData/F_k8_c044.lean:7:100: This line exceeds the 100 character limit, please shorten it!

Note: This linter can be disabled with `set_option linter.style.longLine false`
warning: RootedM4/CoverData/F_k8_c044.lean:8:100: This line exceeds the 100 character limit, please shorten it!

Note: This linter can be disabled with `set_option linter.style.longLine false`
warning: RootedM4/CoverData/F_k8_c044.lean:9:100: This line exceeds the 100 character limit, please shorten it!

Note: This linter can be disabled with `set_option linter.style.longLine false`
warning: RootedM4/CoverData/F_k8_c044.lean:10:100: This line exceeds the 100 character limit, please shorten it!

Note: This linter can be disabled with `set_option linter.style.longLine false`
warning: RootedM4/CoverData/F_k8_c044.lean:1:100: This line exceeds the 100 character limit, please shorten it!

Note: This linter can be disabled with `set_option linter.style.longLine false`
⚠ [8577/8836] Replayed RootedM5.Fam.W_k8_c044
warning: RootedM5/Fam/W_k8_c044.lean:10:100: This line exceeds the 100 character limit, please shorten it!

Note: This linter can be disabled with `set_option linter.style.longLine false`
warning: RootedM5/Fam/W_k8_c044.lean:12:100: This line exceeds the 100 character limit, please shorten it!

Note: This linter can be disabled with `set_option linter.style.longLine false`
warning: RootedM5/Fam/W_k8_c044.lean:16:2: The `show` tactic should only be used to indicate intermediate goal states for readability.
However, this tactic invocation changed the goal. Please use `change` instead for these purposes.

Note: This linter can be disabled with `set_option linter.style.show false`
⚠ [8578/8836] Replayed RootedM4.CoverData.F_k8_c053
warning: RootedM4/CoverData/F_k8_c053.lean:7:100: This line exceeds the 100 character limit, please shorten it!

Note: This linter can be disabled with `set_option linter.style.longLine false`
warning: RootedM4/CoverData/F_k8_c053.lean:8:100: This line exceeds the 100 character limit, please shorten it!

Note: This linter can be disabled with `set_option linter.style.longLine false`
warning: RootedM4/CoverData/F_k8_c053.lean:1:100: This line exceeds the 100 character limit, please shorten it!

Note: This linter can be disabled with `set_option linter.style.longLine false`
⚠ [8579/8836] Replayed RootedM5.Fam.W_k8_c053
warning: RootedM5/Fam/W_k8_c053.lean:9:100: This line exceeds the 100 character limit, please shorten it!

Note: This linter can be disabled with `set_option linter.style.longLine false`
warning: RootedM5/Fam/W_k8_c053.lean:17:13: This simp argument is unused:
  chunkLW_append

Hint: Omit it from the simp argument list.
  simp only [̵c̵h̵u̵n̵k̵L̵W̵_̵a̵p̵p̵e̵n̵d̵,̵ ̵k̵8̵_̵c̵0̵5̵3̵_̵c̵k̵0̵]̵[̲k̲8̲_̲c̲0̲5̲3̲_̲c̲k̲0̲]̲

Note: This linter can be disabled with `set_option linter.unusedSimpArgs false`
warning: RootedM5/Fam/W_k8_c053.lean:13:2: The `show` tactic should only be used to indicate intermediate goal states for readability.
However, this tactic invocation changed the goal. Please use `change` instead for these purposes.

Note: This linter can be disabled with `set_option linter.style.show false`
⚠ [8580/8836] Replayed RootedM4.CoverData.F_k8_c062
warning: RootedM4/CoverData/F_k8_c062.lean:7:100: This line exceeds the 100 character limit, please shorten it!

Note: This linter can be disabled with `set_option linter.style.longLine false`
warning: RootedM4/CoverData/F_k8_c062.lean:8:100: This line exceeds the 100 character limit, please shorten it!

Note: This linter can be disabled with `set_option linter.style.longLine false`
warning: RootedM4/CoverData/F_k8_c062.lean:1:100: This line exceeds the 100 character limit, please shorten it!

Note: This linter can be disabled with `set_option linter.style.longLine false`
⚠ [8581/8836] Replayed RootedM5.Fam.W_k8_c062
warning: RootedM5/Fam/W_k8_c062.lean:9:100: This line exceeds the 100 character limit, please shorten it!

Note: This linter can be disabled with `set_option linter.style.longLine false`
warning: RootedM5/Fam/W_k8_c062.lean:17:13: This simp argument is unused:
  chunkLW_append

Hint: Omit it from the simp argument list.
  simp only [̵c̵h̵u̵n̵k̵L̵W̵_̵a̵p̵p̵e̵n̵d̵,̵ ̵k̵8̵_̵c̵0̵6̵2̵_̵c̵k̵0̵]̵[̲k̲8̲_̲c̲0̲6̲2̲_̲c̲k̲0̲]̲

Note: This linter can be disabled with `set_option linter.unusedSimpArgs false`
warning: RootedM5/Fam/W_k8_c062.lean:13:2: The `show` tactic should only be used to indicate intermediate goal states for readability.
However, this tactic invocation changed the goal. Please use `change` instead for these purposes.

Note: This linter can be disabled with `set_option linter.style.show false`
⚠ [8582/8836] Replayed RootedM4.CoverData.F_k8_c071
warning: RootedM4/CoverData/F_k8_c071.lean:7:100: This line exceeds the 100 character limit, please shorten it!

Note: This linter can be disabled with `set_option linter.style.longLine false`
warning: RootedM4/CoverData/F_k8_c071.lean:8:100: This line exceeds the 100 character limit, please shorten it!

Note: This linter can be disabled with `set_option linter.style.longLine false`
warning: RootedM4/CoverData/F_k8_c071.lean:1:100: This line exceeds the 100 character limit, please shorten it!

Note: This linter can be disabled with `set_option linter.style.longLine false`
⚠ [8583/8836] Replayed RootedM5.Fam.W_k8_c071
warning: RootedM5/Fam/W_k8_c071.lean:9:100: This line exceeds the 100 character limit, please shorten it!

Note: This linter can be disabled with `set_option linter.style.longLine false`
warning: RootedM5/Fam/W_k8_c071.lean:17:13: This simp argument is unused:
  chunkLW_append

Hint: Omit it from the simp argument list.
  simp only [̵c̵h̵u̵n̵k̵L̵W̵_̵a̵p̵p̵e̵n̵d̵,̵ ̵k̵8̵_̵c̵0̵7̵1̵_̵c̵k̵0̵]̵[̲k̲8̲_̲c̲0̲7̲1̲_̲c̲k̲0̲]̲

Note: This linter can be disabled with `set_option linter.unusedSimpArgs false`
warning: RootedM5/Fam/W_k8_c071.lean:13:2: The `show` tactic should only be used to indicate intermediate goal states for readability.
However, this tactic invocation changed the goal. Please use `change` instead for these purposes.

Note: This linter can be disabled with `set_option linter.style.show false`
⚠ [8584/8836] Replayed RootedM4.CoverData.F_k8_c080
warning: RootedM4/CoverData/F_k8_c080.lean:7:100: This line exceeds the 100 character limit, please shorten it!

Note: This linter can be disabled with `set_option linter.style.longLine false`
warning: RootedM4/CoverData/F_k8_c080.lean:8:100: This line exceeds the 100 character limit, please shorten it!

Note: This linter can be disabled with `set_option linter.style.longLine false`
warning: RootedM4/CoverData/F_k8_c080.lean:1:100: This line exceeds the 100 character limit, please shorten it!

Note: This linter can be disabled with `set_option linter.style.longLine false`
⚠ [8585/8836] Replayed RootedM5.Fam.W_k8_c080
warning: RootedM5/Fam/W_k8_c080.lean:9:100: This line exceeds the 100 character limit, please shorten it!

Note: This linter can be disabled with `set_option linter.style.longLine false`
warning: RootedM5/Fam/W_k8_c080.lean:17:13: This simp argument is unused:
  chunkLW_append

Hint: Omit it from the simp argument list.
  simp only [̵c̵h̵u̵n̵k̵L̵W̵_̵a̵p̵p̵e̵n̵d̵,̵ ̵k̵8̵_̵c̵0̵8̵0̵_̵c̵k̵0̵]̵[̲k̲8̲_̲c̲0̲8̲0̲_̲c̲k̲0̲]̲

Note: This linter can be disabled with `set_option linter.unusedSimpArgs false`
warning: RootedM5/Fam/W_k8_c080.lean:13:2: The `show` tactic should only be used to indicate intermediate goal states for readability.
However, this tactic invocation changed the goal. Please use `change` instead for these purposes.

Note: This linter can be disabled with `set_option linter.style.show false`
⚠ [8586/8836] Replayed RootedM4.CoverData.F_k8_c107
warning: RootedM4/CoverData/F_k8_c107.lean:7:100: This line exceeds the 100 character limit, please shorten it!

Note: This linter can be disabled with `set_option linter.style.longLine false`
warning: RootedM4/CoverData/F_k8_c107.lean:8:100: This line exceeds the 100 character limit, please shorten it!

Note: This linter can be disabled with `set_option linter.style.longLine false`
warning: RootedM4/CoverData/F_k8_c107.lean:1:100: This line exceeds the 100 character limit, please shorten it!

Note: This linter can be disabled with `set_option linter.style.longLine false`
⚠ [8587/8836] Replayed RootedM5.Fam.W_k8_c107
warning: RootedM5/Fam/W_k8_c107.lean:16:13: This simp argument is unused:
  chunkLW_append

Hint: Omit it from the simp argument list.
  simp only [̵c̵h̵u̵n̵k̵L̵W̵_̵a̵p̵p̵e̵n̵d̵,̵ ̵k̵8̵_̵c̵1̵0̵7̵_̵c̵k̵0̵]̵[̲k̲8̲_̲c̲1̲0̲7̲_̲c̲k̲0̲]̲

Note: This linter can be disabled with `set_option linter.unusedSimpArgs false`
warning: RootedM5/Fam/W_k8_c107.lean:12:2: The `show` tactic should only be used to indicate intermediate goal states for readability.
However, this tactic invocation changed the goal. Please use `change` instead for these purposes.

Note: This linter can be disabled with `set_option linter.style.show false`
⚠ [8588/8836] Replayed RootedM4.CoverData.F_k8_c116
warning: RootedM4/CoverData/F_k8_c116.lean:7:100: This line exceeds the 100 character limit, please shorten it!

Note: This linter can be disabled with `set_option linter.style.longLine false`
warning: RootedM4/CoverData/F_k8_c116.lean:8:100: This line exceeds the 100 character limit, please shorten it!

Note: This linter can be disabled with `set_option linter.style.longLine false`
warning: RootedM4/CoverData/F_k8_c116.lean:1:100: This line exceeds the 100 character limit, please shorten it!

Note: This linter can be disabled with `set_option linter.style.longLine false`
⚠ [8589/8836] Replayed RootedM5.Fam.W_k8_c116
warning: RootedM5/Fam/W_k8_c116.lean:16:13: This simp argument is unused:
  chunkLW_append

Hint: Omit it from the simp argument list.
  simp only [̵c̵h̵u̵n̵k̵L̵W̵_̵a̵p̵p̵e̵n̵d̵,̵ ̵k̵8̵_̵c̵1̵1̵6̵_̵c̵k̵0̵]̵[̲k̲8̲_̲c̲1̲1̲6̲_̲c̲k̲0̲]̲

Note: This linter can be disabled with `set_option linter.unusedSimpArgs false`
warning: RootedM5/Fam/W_k8_c116.lean:12:2: The `show` tactic should only be used to indicate intermediate goal states for readability.
However, this tactic invocation changed the goal. Please use `change` instead for these purposes.

Note: This linter can be disabled with `set_option linter.style.show false`
⚠ [8590/8836] Replayed RootedM4.CoverData.F_k8_c125
warning: RootedM4/CoverData/F_k8_c125.lean:7:100: This line exceeds the 100 character limit, please shorten it!

Note: This linter can be disabled with `set_option linter.style.longLine false`
warning: RootedM4/CoverData/F_k8_c125.lean:8:100: This line exceeds the 100 character limit, please shorten it!

Note: This linter can be disabled with `set_option linter.style.longLine false`
warning: RootedM4/CoverData/F_k8_c125.lean:9:100: This line exceeds the 100 character limit, please shorten it!

Note: This linter can be disabled with `set_option linter.style.longLine false`
warning: RootedM4/CoverData/F_k8_c125.lean:10:100: This line exceeds the 100 character limit, please shorten it!

Note: This linter can be disabled with `set_option linter.style.longLine false`
warning: RootedM4/CoverData/F_k8_c125.lean:1:100: This line exceeds the 100 character limit, please shorten it!

Note: This linter can be disabled with `set_option linter.style.longLine false`
⚠ [8591/8836] Replayed RootedM4.CoverData.F_k8_c134
warning: RootedM4/CoverData/F_k8_c134.lean:7:100: This line exceeds the 100 character limit, please shorten it!

Note: This linter can be disabled with `set_option linter.style.longLine false`
warning: RootedM4/CoverData/F_k8_c134.lean:8:100: This line exceeds the 100 character limit, please shorten it!

Note: This linter can be disabled with `set_option linter.style.longLine false`
warning: RootedM4/CoverData/F_k8_c134.lean:9:100: This line exceeds the 100 character limit, please shorten it!

Note: This linter can be disabled with `set_option linter.style.longLine false`
warning: RootedM4/CoverData/F_k8_c134.lean:1:100: This line exceeds the 100 character limit, please shorten it!

Note: This linter can be disabled with `set_option linter.style.longLine false`
⚠ [8592/8836] Replayed RootedM5.Fam.W_k8_c134
warning: RootedM5/Fam/W_k8_c134.lean:9:100: This line exceeds the 100 character limit, please shorten it!

Note: This linter can be disabled with `set_option linter.style.longLine false`
warning: RootedM5/Fam/W_k8_c134.lean:11:100: This line exceeds the 100 character limit, please shorten it!

Note: This linter can be disabled with `set_option linter.style.longLine false`
warning: RootedM5/Fam/W_k8_c134.lean:15:2: The `show` tactic should only be used to indicate intermediate goal states for readability.
However, this tactic invocation changed the goal. Please use `change` instead for these purposes.

Note: This linter can be disabled with `set_option linter.style.show false`
⚠ [8593/8836] Replayed RootedM4.CoverData.F_k8_c143
warning: RootedM4/CoverData/F_k8_c143.lean:7:100: This line exceeds the 100 character limit, please shorten it!

Note: This linter can be disabled with `set_option linter.style.longLine false`
warning: RootedM4/CoverData/F_k8_c143.lean:8:100: This line exceeds the 100 character limit, please shorten it!

Note: This linter can be disabled with `set_option linter.style.longLine false`
warning: RootedM4/CoverData/F_k8_c143.lean:9:100: This line exceeds the 100 character limit, please shorten it!

Note: This linter can be disabled with `set_option linter.style.longLine false`
warning: RootedM4/CoverData/F_k8_c143.lean:10:100: This line exceeds the 100 character limit, please shorten it!

Note: This linter can be disabled with `set_option linter.style.longLine false`
warning: RootedM4/CoverData/F_k8_c143.lean:1:100: This line exceeds the 100 character limit, please shorten it!

Note: This linter can be disabled with `set_option linter.style.longLine false`
⚠ [8594/8836] Replayed RootedM5.Fam.W_k8_c143
warning: RootedM5/Fam/W_k8_c143.lean:9:100: This line exceeds the 100 character limit, please shorten it!

Note: This linter can be disabled with `set_option linter.style.longLine false`
warning: RootedM5/Fam/W_k8_c143.lean:11:100: This line exceeds the 100 character limit, please shorten it!

Note: This linter can be disabled with `set_option linter.style.longLine false`
warning: RootedM5/Fam/W_k8_c143.lean:13:100: This line exceeds the 100 character limit, please shorten it!

Note: This linter can be disabled with `set_option linter.style.longLine false`
warning: RootedM5/Fam/W_k8_c143.lean:17:2: The `show` tactic should only be used to indicate intermediate goal states for readability.
However, this tactic invocation changed the goal. Please use `change` instead for these purposes.

Note: This linter can be disabled with `set_option linter.style.show false`
⚠ [8595/8836] Replayed RootedM4.CoverData.F_k8_c152
warning: RootedM4/CoverData/F_k8_c152.lean:7:100: This line exceeds the 100 character limit, please shorten it!

Note: This linter can be disabled with `set_option linter.style.longLine false`
warning: RootedM4/CoverData/F_k8_c152.lean:8:100: This line exceeds the 100 character limit, please shorten it!

Note: This linter can be disabled with `set_option linter.style.longLine false`
warning: RootedM4/CoverData/F_k8_c152.lean:1:100: This line exceeds the 100 character limit, please shorten it!

Note: This linter can be disabled with `set_option linter.style.longLine false`
⚠ [8596/8836] Replayed RootedM5.Fam.W_k8_c152
warning: RootedM5/Fam/W_k8_c152.lean:9:100: This line exceeds the 100 character limit, please shorten it!

Note: This linter can be disabled with `set_option linter.style.longLine false`
warning: RootedM5/Fam/W_k8_c152.lean:17:13: This simp argument is unused:
  chunkLW_append

Hint: Omit it from the simp argument list.
  simp only [̵c̵h̵u̵n̵k̵L̵W̵_̵a̵p̵p̵e̵n̵d̵,̵ ̵k̵8̵_̵c̵1̵5̵2̵_̵c̵k̵0̵]̵[̲k̲8̲_̲c̲1̲5̲2̲_̲c̲k̲0̲]̲

Note: This linter can be disabled with `set_option linter.unusedSimpArgs false`
warning: RootedM5/Fam/W_k8_c152.lean:13:2: The `show` tactic should only be used to indicate intermediate goal states for readability.
However, this tactic invocation changed the goal. Please use `change` instead for these purposes.

Note: This linter can be disabled with `set_option linter.style.show false`
⚠ [8597/8836] Replayed RootedM4.CoverData.F_k8_c161
warning: RootedM4/CoverData/F_k8_c161.lean:7:100: This line exceeds the 100 character limit, please shorten it!

Note: This linter can be disabled with `set_option linter.style.longLine false`
warning: RootedM4/CoverData/F_k8_c161.lean:8:100: This line exceeds the 100 character limit, please shorten it!

Note: This linter can be disabled with `set_option linter.style.longLine false`
warning: RootedM4/CoverData/F_k8_c161.lean:1:100: This line exceeds the 100 character limit, please shorten it!

Note: This linter can be disabled with `set_option linter.style.longLine false`
⚠ [8598/8836] Replayed RootedM5.Fam.W_k8_c161
warning: RootedM5/Fam/W_k8_c161.lean:9:100: This line exceeds the 100 character limit, please shorten it!

Note: This linter can be disabled with `set_option linter.style.longLine false`
warning: RootedM5/Fam/W_k8_c161.lean:17:13: This simp argument is unused:
  chunkLW_append

Hint: Omit it from the simp argument list.
  simp only [̵c̵h̵u̵n̵k̵L̵W̵_̵a̵p̵p̵e̵n̵d̵,̵ ̵k̵8̵_̵c̵1̵6̵1̵_̵c̵k̵0̵]̵[̲k̲8̲_̲c̲1̲6̲1̲_̲c̲k̲0̲]̲

Note: This linter can be disabled with `set_option linter.unusedSimpArgs false`
warning: RootedM5/Fam/W_k8_c161.lean:13:2: The `show` tactic should only be used to indicate intermediate goal states for readability.
However, this tactic invocation changed the goal. Please use `change` instead for these purposes.

Note: This linter can be disabled with `set_option linter.style.show false`
⚠ [8599/8836] Replayed RootedM4.CoverData.F_k8_c170
warning: RootedM4/CoverData/F_k8_c170.lean:7:100: This line exceeds the 100 character limit, please shorten it!

Note: This linter can be disabled with `set_option linter.style.longLine false`
warning: RootedM4/CoverData/F_k8_c170.lean:8:100: This line exceeds the 100 character limit, please shorten it!

Note: This linter can be disabled with `set_option linter.style.longLine false`
warning: RootedM4/CoverData/F_k8_c170.lean:1:100: This line exceeds the 100 character limit, please shorten it!

Note: This linter can be disabled with `set_option linter.style.longLine false`
⚠ [8600/8836] Replayed RootedM5.Fam.W_k8_c170
warning: RootedM5/Fam/W_k8_c170.lean:9:100: This line exceeds the 100 character limit, please shorten it!

Note: This linter can be disabled with `set_option linter.style.longLine false`
warning: RootedM5/Fam/W_k8_c170.lean:17:13: This simp argument is unused:
  chunkLW_append

Hint: Omit it from the simp argument list.
  simp only [̵c̵h̵u̵n̵k̵L̵W̵_̵a̵p̵p̵e̵n̵d̵,̵ ̵k̵8̵_̵c̵1̵7̵0̵_̵c̵k̵0̵]̵[̲k̲8̲_̲c̲1̲7̲0̲_̲c̲k̲0̲]̲

Note: This linter can be disabled with `set_option linter.unusedSimpArgs false`
warning: RootedM5/Fam/W_k8_c170.lean:13:2: The `show` tactic should only be used to indicate intermediate goal states for readability.
However, this tactic invocation changed the goal. Please use `change` instead for these purposes.

Note: This linter can be disabled with `set_option linter.style.show false`
⚠ [8601/8836] Replayed RootedM4.CoverData.F_k8_c206
warning: RootedM4/CoverData/F_k8_c206.lean:7:100: This line exceeds the 100 character limit, please shorten it!

Note: This linter can be disabled with `set_option linter.style.longLine false`
warning: RootedM4/CoverData/F_k8_c206.lean:8:100: This line exceeds the 100 character limit, please shorten it!

Note: This linter can be disabled with `set_option linter.style.longLine false`
warning: RootedM4/CoverData/F_k8_c206.lean:1:100: This line exceeds the 100 character limit, please shorten it!

Note: This linter can be disabled with `set_option linter.style.longLine false`
⚠ [8602/8836] Replayed RootedM4.CoverData.F_k8_c215
warning: RootedM4/CoverData/F_k8_c215.lean:7:100: This line exceeds the 100 character limit, please shorten it!

Note: This linter can be disabled with `set_option linter.style.longLine false`
warning: RootedM4/CoverData/F_k8_c215.lean:8:100: This line exceeds the 100 character limit, please shorten it!

Note: This linter can be disabled with `set_option linter.style.longLine false`
warning: RootedM4/CoverData/F_k8_c215.lean:1:100: This line exceeds the 100 character limit, please shorten it!

Note: This linter can be disabled with `set_option linter.style.longLine false`
⚠ [8603/8836] Replayed RootedM5.Fam.W_k8_c215
warning: RootedM5/Fam/W_k8_c215.lean:16:13: This simp argument is unused:
  chunkLW_append

Hint: Omit it from the simp argument list.
  simp only [̵c̵h̵u̵n̵k̵L̵W̵_̵a̵p̵p̵e̵n̵d̵,̵ ̵k̵8̵_̵c̵2̵1̵5̵_̵c̵k̵0̵]̵[̲k̲8̲_̲c̲2̲1̲5̲_̲c̲k̲0̲]̲

Note: This linter can be disabled with `set_option linter.unusedSimpArgs false`
warning: RootedM5/Fam/W_k8_c215.lean:12:2: The `show` tactic should only be used to indicate intermediate goal states for readability.
However, this tactic invocation changed the goal. Please use `change` instead for these purposes.

Note: This linter can be disabled with `set_option linter.style.show false`
⚠ [8604/8836] Replayed RootedM4.CoverData.F_k8_c224
warning: RootedM4/CoverData/F_k8_c224.lean:7:100: This line exceeds the 100 character limit, please shorten it!

Note: This linter can be disabled with `set_option linter.style.longLine false`
warning: RootedM4/CoverData/F_k8_c224.lean:8:100: This line exceeds the 100 character limit, please shorten it!

Note: This linter can be disabled with `set_option linter.style.longLine false`
warning: RootedM4/CoverData/F_k8_c224.lean:9:100: This line exceeds the 100 character limit, please shorten it!

Note: This linter can be disabled with `set_option linter.style.longLine false`
warning: RootedM4/CoverData/F_k8_c224.lean:10:100: This line exceeds the 100 character limit, please shorten it!

Note: This linter can be disabled with `set_option linter.style.longLine false`
warning: RootedM4/CoverData/F_k8_c224.lean:1:100: This line exceeds the 100 character limit, please shorten it!

Note: This linter can be disabled with `set_option linter.style.longLine false`
⚠ [8605/8836] Replayed RootedM5.Fam.W_k8_c224
warning: RootedM5/Fam/W_k8_c224.lean:9:100: This line exceeds the 100 character limit, please shorten it!

Note: This linter can be disabled with `set_option linter.style.longLine false`
warning: RootedM5/Fam/W_k8_c224.lean:11:100: This line exceeds the 100 character limit, please shorten it!

Note: This linter can be disabled with `set_option linter.style.longLine false`
warning: RootedM5/Fam/W_k8_c224.lean:16:2: The `show` tactic should only be used to indicate intermediate goal states for readability.
However, this tactic invocation changed the goal. Please use `change` instead for these purposes.

Note: This linter can be disabled with `set_option linter.style.show false`
⚠ [8606/8836] Replayed RootedM4.CoverData.F_k8_c233
warning: RootedM4/CoverData/F_k8_c233.lean:7:100: This line exceeds the 100 character limit, please shorten it!

Note: This linter can be disabled with `set_option linter.style.longLine false`
warning: RootedM4/CoverData/F_k8_c233.lean:8:100: This line exceeds the 100 character limit, please shorten it!

Note: This linter can be disabled with `set_option linter.style.longLine false`
warning: RootedM4/CoverData/F_k8_c233.lean:9:100: This line exceeds the 100 character limit, please shorten it!

Note: This linter can be disabled with `set_option linter.style.longLine false`
warning: RootedM4/CoverData/F_k8_c233.lean:1:100: This line exceeds the 100 character limit, please shorten it!

Note: This linter can be disabled with `set_option linter.style.longLine false`
⚠ [8607/8836] Replayed RootedM5.Fam.W_k8_c233
warning: RootedM5/Fam/W_k8_c233.lean:9:100: This line exceeds the 100 character limit, please shorten it!

Note: This linter can be disabled with `set_option linter.style.longLine false`
warning: RootedM5/Fam/W_k8_c233.lean:11:100: This line exceeds the 100 character limit, please shorten it!

Note: This linter can be disabled with `set_option linter.style.longLine false`
warning: RootedM5/Fam/W_k8_c233.lean:15:2: The `show` tactic should only be used to indicate intermediate goal states for readability.
However, this tactic invocation changed the goal. Please use `change` instead for these purposes.

Note: This linter can be disabled with `set_option linter.style.show false`
⚠ [8608/8836] Replayed RootedM4.CoverData.F_k8_c242
warning: RootedM4/CoverData/F_k8_c242.lean:7:100: This line exceeds the 100 character limit, please shorten it!

Note: This linter can be disabled with `set_option linter.style.longLine false`
warning: RootedM4/CoverData/F_k8_c242.lean:8:100: This line exceeds the 100 character limit, please shorten it!

Note: This linter can be disabled with `set_option linter.style.longLine false`
warning: RootedM4/CoverData/F_k8_c242.lean:9:100: This line exceeds the 100 character limit, please shorten it!

Note: This linter can be disabled with `set_option linter.style.longLine false`
warning: RootedM4/CoverData/F_k8_c242.lean:1:100: This line exceeds the 100 character limit, please shorten it!

Note: This linter can be disabled with `set_option linter.style.longLine false`
⚠ [8609/8836] Replayed RootedM5.Fam.W_k8_c242
warning: RootedM5/Fam/W_k8_c242.lean:9:100: This line exceeds the 100 character limit, please shorten it!

Note: This linter can be disabled with `set_option linter.style.longLine false`
warning: RootedM5/Fam/W_k8_c242.lean:11:100: This line exceeds the 100 character limit, please shorten it!

Note: This linter can be disabled with `set_option linter.style.longLine false`
warning: RootedM5/Fam/W_k8_c242.lean:15:2: The `show` tactic should only be used to indicate intermediate goal states for readability.
However, this tactic invocation changed the goal. Please use `change` instead for these purposes.

Note: This linter can be disabled with `set_option linter.style.show false`
⚠ [8610/8836] Replayed RootedM4.CoverData.F_k8_c251
warning: RootedM4/CoverData/F_k8_c251.lean:7:100: This line exceeds the 100 character limit, please shorten it!

Note: This linter can be disabled with `set_option linter.style.longLine false`
warning: RootedM4/CoverData/F_k8_c251.lean:8:100: This line exceeds the 100 character limit, please shorten it!

Note: This linter can be disabled with `set_option linter.style.longLine false`
warning: RootedM4/CoverData/F_k8_c251.lean:1:100: This line exceeds the 100 character limit, please shorten it!

Note: This linter can be disabled with `set_option linter.style.longLine false`
⚠ [8611/8836] Replayed RootedM5.Fam.W_k8_c251
warning: RootedM5/Fam/W_k8_c251.lean:9:100: This line exceeds the 100 character limit, please shorten it!

Note: This linter can be disabled with `set_option linter.style.longLine false`
warning: RootedM5/Fam/W_k8_c251.lean:17:13: This simp argument is unused:
  chunkLW_append

Hint: Omit it from the simp argument list.
  simp only [̵c̵h̵u̵n̵k̵L̵W̵_̵a̵p̵p̵e̵n̵d̵,̵ ̵k̵8̵_̵c̵2̵5̵1̵_̵c̵k̵0̵]̵[̲k̲8̲_̲c̲2̲5̲1̲_̲c̲k̲0̲]̲

Note: This linter can be disabled with `set_option linter.unusedSimpArgs false`
warning: RootedM5/Fam/W_k8_c251.lean:13:2: The `show` tactic should only be used to indicate intermediate goal states for readability.
However, this tactic invocation changed the goal. Please use `change` instead for these purposes.

Note: This linter can be disabled with `set_option linter.style.show false`
⚠ [8612/8836] Replayed RootedM4.CoverData.F_k8_c260
warning: RootedM4/CoverData/F_k8_c260.lean:7:100: This line exceeds the 100 character limit, please shorten it!

Note: This linter can be disabled with `set_option linter.style.longLine false`
warning: RootedM4/CoverData/F_k8_c260.lean:8:100: This line exceeds the 100 character limit, please shorten it!

Note: This linter can be disabled with `set_option linter.style.longLine false`
warning: RootedM4/CoverData/F_k8_c260.lean:1:100: This line exceeds the 100 character limit, please shorten it!

Note: This linter can be disabled with `set_option linter.style.longLine false`
⚠ [8613/8836] Replayed RootedM5.Fam.W_k8_c260
warning: RootedM5/Fam/W_k8_c260.lean:9:100: This line exceeds the 100 character limit, please shorten it!

Note: This linter can be disabled with `set_option linter.style.longLine false`
warning: RootedM5/Fam/W_k8_c260.lean:17:13: This simp argument is unused:
  chunkLW_append

Hint: Omit it from the simp argument list.
  simp only [̵c̵h̵u̵n̵k̵L̵W̵_̵a̵p̵p̵e̵n̵d̵,̵ ̵k̵8̵_̵c̵2̵6̵0̵_̵c̵k̵0̵]̵[̲k̲8̲_̲c̲2̲6̲0̲_̲c̲k̲0̲]̲

Note: This linter can be disabled with `set_option linter.unusedSimpArgs false`
warning: RootedM5/Fam/W_k8_c260.lean:13:2: The `show` tactic should only be used to indicate intermediate goal states for readability.
However, this tactic invocation changed the goal. Please use `change` instead for these purposes.

Note: This linter can be disabled with `set_option linter.style.show false`
⚠ [8614/8836] Replayed RootedM4.CoverData.F_k8_c305
warning: RootedM4/CoverData/F_k8_c305.lean:7:100: This line exceeds the 100 character limit, please shorten it!

Note: This linter can be disabled with `set_option linter.style.longLine false`
warning: RootedM4/CoverData/F_k8_c305.lean:8:100: This line exceeds the 100 character limit, please shorten it!

Note: This linter can be disabled with `set_option linter.style.longLine false`
warning: RootedM4/CoverData/F_k8_c305.lean:1:100: This line exceeds the 100 character limit, please shorten it!

Note: This linter can be disabled with `set_option linter.style.longLine false`
⚠ [8615/8836] Replayed RootedM5.Fam.W_k8_c305
warning: RootedM5/Fam/W_k8_c305.lean:9:100: This line exceeds the 100 character limit, please shorten it!

Note: This linter can be disabled with `set_option linter.style.longLine false`
warning: RootedM5/Fam/W_k8_c305.lean:17:13: This simp argument is unused:
  chunkLW_append

Hint: Omit it from the simp argument list.
  simp only [̵c̵h̵u̵n̵k̵L̵W̵_̵a̵p̵p̵e̵n̵d̵,̵ ̵k̵8̵_̵c̵3̵0̵5̵_̵c̵k̵0̵]̵[̲k̲8̲_̲c̲3̲0̲5̲_̲c̲k̲0̲]̲

Note: This linter can be disabled with `set_option linter.unusedSimpArgs false`
warning: RootedM5/Fam/W_k8_c305.lean:13:2: The `show` tactic should only be used to indicate intermediate goal states for readability.
However, this tactic invocation changed the goal. Please use `change` instead for these purposes.

Note: This linter can be disabled with `set_option linter.style.show false`
⚠ [8616/8836] Replayed RootedM4.CoverData.F_k8_c314
warning: RootedM4/CoverData/F_k8_c314.lean:7:100: This line exceeds the 100 character limit, please shorten it!

Note: This linter can be disabled with `set_option linter.style.longLine false`
warning: RootedM4/CoverData/F_k8_c314.lean:8:100: This line exceeds the 100 character limit, please shorten it!

Note: This linter can be disabled with `set_option linter.style.longLine false`
warning: RootedM4/CoverData/F_k8_c314.lean:1:100: This line exceeds the 100 character limit, please shorten it!

Note: This linter can be disabled with `set_option linter.style.longLine false`
⚠ [8617/8836] Replayed RootedM5.Fam.W_k8_c314
warning: RootedM5/Fam/W_k8_c314.lean:9:100: This line exceeds the 100 character limit, please shorten it!

Note: This linter can be disabled with `set_option linter.style.longLine false`
warning: RootedM5/Fam/W_k8_c314.lean:17:13: This simp argument is unused:
  chunkLW_append

Hint: Omit it from the simp argument list.
  simp only [̵c̵h̵u̵n̵k̵L̵W̵_̵a̵p̵p̵e̵n̵d̵,̵ ̵k̵8̵_̵c̵3̵1̵4̵_̵c̵k̵0̵]̵[̲k̲8̲_̲c̲3̲1̲4̲_̲c̲k̲0̲]̲

Note: This linter can be disabled with `set_option linter.unusedSimpArgs false`
warning: RootedM5/Fam/W_k8_c314.lean:13:2: The `show` tactic should only be used to indicate intermediate goal states for readability.
However, this tactic invocation changed the goal. Please use `change` instead for these purposes.

Note: This linter can be disabled with `set_option linter.style.show false`
⚠ [8618/8836] Replayed RootedM4.CoverData.F_k8_c323
warning: RootedM4/CoverData/F_k8_c323.lean:7:100: This line exceeds the 100 character limit, please shorten it!

Note: This linter can be disabled with `set_option linter.style.longLine false`
warning: RootedM4/CoverData/F_k8_c323.lean:8:100: This line exceeds the 100 character limit, please shorten it!

Note: This linter can be disabled with `set_option linter.style.longLine false`
warning: RootedM4/CoverData/F_k8_c323.lean:9:100: This line exceeds the 100 character limit, please shorten it!

Note: This linter can be disabled with `set_option linter.style.longLine false`
warning: RootedM4/CoverData/F_k8_c323.lean:1:100: This line exceeds the 100 character limit, please shorten it!

Note: This linter can be disabled with `set_option linter.style.longLine false`
⚠ [8619/8836] Replayed RootedM5.Fam.W_k8_c323
warning: RootedM5/Fam/W_k8_c323.lean:9:100: This line exceeds the 100 character limit, please shorten it!

Note: This linter can be disabled with `set_option linter.style.longLine false`
warning: RootedM5/Fam/W_k8_c323.lean:11:100: This line exceeds the 100 character limit, please shorten it!

Note: This linter can be disabled with `set_option linter.style.longLine false`
warning: RootedM5/Fam/W_k8_c323.lean:15:2: The `show` tactic should only be used to indicate intermediate goal states for readability.
However, this tactic invocation changed the goal. Please use `change` instead for these purposes.

Note: This linter can be disabled with `set_option linter.style.show false`
⚠ [8620/8836] Replayed RootedM4.CoverData.F_k8_c332
warning: RootedM4/CoverData/F_k8_c332.lean:7:100: This line exceeds the 100 character limit, please shorten it!

Note: This linter can be disabled with `set_option linter.style.longLine false`
warning: RootedM4/CoverData/F_k8_c332.lean:8:100: This line exceeds the 100 character limit, please shorten it!

Note: This linter can be disabled with `set_option linter.style.longLine false`
warning: RootedM4/CoverData/F_k8_c332.lean:1:100: This line exceeds the 100 character limit, please shorten it!

Note: This linter can be disabled with `set_option linter.style.longLine false`
⚠ [8621/8836] Replayed RootedM4.CoverData.F_k8_c341
warning: RootedM4/CoverData/F_k8_c341.lean:7:100: This line exceeds the 100 character limit, please shorten it!

Note: This linter can be disabled with `set_option linter.style.longLine false`
warning: RootedM4/CoverData/F_k8_c341.lean:8:100: This line exceeds the 100 character limit, please shorten it!

Note: This linter can be disabled with `set_option linter.style.longLine false`
warning: RootedM4/CoverData/F_k8_c341.lean:1:100: This line exceeds the 100 character limit, please shorten it!

Note: This linter can be disabled with `set_option linter.style.longLine false`
⚠ [8622/8836] Replayed RootedM5.Fam.W_k8_c341
warning: RootedM5/Fam/W_k8_c341.lean:9:100: This line exceeds the 100 character limit, please shorten it!

Note: This linter can be disabled with `set_option linter.style.longLine false`
warning: RootedM5/Fam/W_k8_c341.lean:17:13: This simp argument is unused:
  chunkLW_append

Hint: Omit it from the simp argument list.
  simp only [̵c̵h̵u̵n̵k̵L̵W̵_̵a̵p̵p̵e̵n̵d̵,̵ ̵k̵8̵_̵c̵3̵4̵1̵_̵c̵k̵0̵]̵[̲k̲8̲_̲c̲3̲4̲1̲_̲c̲k̲0̲]̲

Note: This linter can be disabled with `set_option linter.unusedSimpArgs false`
warning: RootedM5/Fam/W_k8_c341.lean:13:2: The `show` tactic should only be used to indicate intermediate goal states for readability.
However, this tactic invocation changed the goal. Please use `change` instead for these purposes.

Note: This linter can be disabled with `set_option linter.style.show false`
⚠ [8623/8836] Replayed RootedM4.CoverData.F_k8_c350
warning: RootedM4/CoverData/F_k8_c350.lean:7:100: This line exceeds the 100 character limit, please shorten it!

Note: This linter can be disabled with `set_option linter.style.longLine false`
warning: RootedM4/CoverData/F_k8_c350.lean:8:100: This line exceeds the 100 character limit, please shorten it!

Note: This linter can be disabled with `set_option linter.style.longLine false`
warning: RootedM4/CoverData/F_k8_c350.lean:1:100: This line exceeds the 100 character limit, please shorten it!

Note: This linter can be disabled with `set_option linter.style.longLine false`
⚠ [8624/8836] Replayed RootedM5.Fam.W_k8_c350
warning: RootedM5/Fam/W_k8_c350.lean:9:100: This line exceeds the 100 character limit, please shorten it!

Note: This linter can be disabled with `set_option linter.style.longLine false`
warning: RootedM5/Fam/W_k8_c350.lean:17:13: This simp argument is unused:
  chunkLW_append

Hint: Omit it from the simp argument list.
  simp only [̵c̵h̵u̵n̵k̵L̵W̵_̵a̵p̵p̵e̵n̵d̵,̵ ̵k̵8̵_̵c̵3̵5̵0̵_̵c̵k̵0̵]̵[̲k̲8̲_̲c̲3̲5̲0̲_̲c̲k̲0̲]̲

Note: This linter can be disabled with `set_option linter.unusedSimpArgs false`
warning: RootedM5/Fam/W_k8_c350.lean:13:2: The `show` tactic should only be used to indicate intermediate goal states for readability.
However, this tactic invocation changed the goal. Please use `change` instead for these purposes.

Note: This linter can be disabled with `set_option linter.style.show false`
⚠ [8625/8836] Replayed RootedM4.CoverData.F_k8_c404
warning: RootedM4/CoverData/F_k8_c404.lean:7:100: This line exceeds the 100 character limit, please shorten it!

Note: This linter can be disabled with `set_option linter.style.longLine false`
warning: RootedM4/CoverData/F_k8_c404.lean:8:100: This line exceeds the 100 character limit, please shorten it!

Note: This linter can be disabled with `set_option linter.style.longLine false`
warning: RootedM4/CoverData/F_k8_c404.lean:1:100: This line exceeds the 100 character limit, please shorten it!

Note: This linter can be disabled with `set_option linter.style.longLine false`
⚠ [8626/8836] Replayed RootedM5.Fam.W_k8_c404
warning: RootedM5/Fam/W_k8_c404.lean:9:100: This line exceeds the 100 character limit, please shorten it!

Note: This linter can be disabled with `set_option linter.style.longLine false`
warning: RootedM5/Fam/W_k8_c404.lean:17:13: This simp argument is unused:
  chunkLW_append

Hint: Omit it from the simp argument list.
  simp only [̵c̵h̵u̵n̵k̵L̵W̵_̵a̵p̵p̵e̵n̵d̵,̵ ̵k̵8̵_̵c̵4̵0̵4̵_̵c̵k̵0̵]̵[̲k̲8̲_̲c̲4̲0̲4̲_̲c̲k̲0̲]̲

Note: This linter can be disabled with `set_option linter.unusedSimpArgs false`
warning: RootedM5/Fam/W_k8_c404.lean:13:2: The `show` tactic should only be used to indicate intermediate goal states for readability.
However, this tactic invocation changed the goal. Please use `change` instead for these purposes.

Note: This linter can be disabled with `set_option linter.style.show false`
⚠ [8627/8836] Replayed RootedM4.CoverData.F_k8_c413
warning: RootedM4/CoverData/F_k8_c413.lean:7:100: This line exceeds the 100 character limit, please shorten it!

Note: This linter can be disabled with `set_option linter.style.longLine false`
warning: RootedM4/CoverData/F_k8_c413.lean:8:100: This line exceeds the 100 character limit, please shorten it!

Note: This linter can be disabled with `set_option linter.style.longLine false`
warning: RootedM4/CoverData/F_k8_c413.lean:1:100: This line exceeds the 100 character limit, please shorten it!

Note: This linter can be disabled with `set_option linter.style.longLine false`
⚠ [8628/8836] Replayed RootedM5.Fam.W_k8_c413
warning: RootedM5/Fam/W_k8_c413.lean:9:100: This line exceeds the 100 character limit, please shorten it!

Note: This linter can be disabled with `set_option linter.style.longLine false`
warning: RootedM5/Fam/W_k8_c413.lean:17:13: This simp argument is unused:
  chunkLW_append

Hint: Omit it from the simp argument list.
  simp only [̵c̵h̵u̵n̵k̵L̵W̵_̵a̵p̵p̵e̵n̵d̵,̵ ̵k̵8̵_̵c̵4̵1̵3̵_̵c̵k̵0̵]̵[̲k̲8̲_̲c̲4̲1̲3̲_̲c̲k̲0̲]̲

Note: This linter can be disabled with `set_option linter.unusedSimpArgs false`
warning: RootedM5/Fam/W_k8_c413.lean:13:2: The `show` tactic should only be used to indicate intermediate goal states for readability.
However, this tactic invocation changed the goal. Please use `change` instead for these purposes.

Note: This linter can be disabled with `set_option linter.style.show false`
⚠ [8629/8836] Replayed RootedM4.CoverData.F_k8_c422
warning: RootedM4/CoverData/F_k8_c422.lean:7:100: This line exceeds the 100 character limit, please shorten it!

Note: This linter can be disabled with `set_option linter.style.longLine false`
warning: RootedM4/CoverData/F_k8_c422.lean:8:100: This line exceeds the 100 character limit, please shorten it!

Note: This linter can be disabled with `set_option linter.style.longLine false`
warning: RootedM4/CoverData/F_k8_c422.lean:1:100: This line exceeds the 100 character limit, please shorten it!

Note: This linter can be disabled with `set_option linter.style.longLine false`
⚠ [8630/8836] Replayed RootedM5.Fam.W_k8_c422
warning: RootedM5/Fam/W_k8_c422.lean:9:100: This line exceeds the 100 character limit, please shorten it!

Note: This linter can be disabled with `set_option linter.style.longLine false`
warning: RootedM5/Fam/W_k8_c422.lean:17:13: This simp argument is unused:
  chunkLW_append

Hint: Omit it from the simp argument list.
  simp only [̵c̵h̵u̵n̵k̵L̵W̵_̵a̵p̵p̵e̵n̵d̵,̵ ̵k̵8̵_̵c̵4̵2̵2̵_̵c̵k̵0̵]̵[̲k̲8̲_̲c̲4̲2̲2̲_̲c̲k̲0̲]̲

Note: This linter can be disabled with `set_option linter.unusedSimpArgs false`
warning: RootedM5/Fam/W_k8_c422.lean:13:2: The `show` tactic should only be used to indicate intermediate goal states for readability.
However, this tactic invocation changed the goal. Please use `change` instead for these purposes.

Note: This linter can be disabled with `set_option linter.style.show false`
⚠ [8631/8836] Replayed RootedM4.CoverData.F_k8_c431
warning: RootedM4/CoverData/F_k8_c431.lean:7:100: This line exceeds the 100 character limit, please shorten it!

Note: This linter can be disabled with `set_option linter.style.longLine false`
warning: RootedM4/CoverData/F_k8_c431.lean:8:100: This line exceeds the 100 character limit, please shorten it!

Note: This linter can be disabled with `set_option linter.style.longLine false`
warning: RootedM4/CoverData/F_k8_c431.lean:1:100: This line exceeds the 100 character limit, please shorten it!

Note: This linter can be disabled with `set_option linter.style.longLine false`
⚠ [8632/8836] Replayed RootedM5.Fam.W_k8_c431
warning: RootedM5/Fam/W_k8_c431.lean:9:100: This line exceeds the 100 character limit, please shorten it!

Note: This linter can be disabled with `set_option linter.style.longLine false`
warning: RootedM5/Fam/W_k8_c431.lean:17:13: This simp argument is unused:
  chunkLW_append

Hint: Omit it from the simp argument list.
  simp only [̵c̵h̵u̵n̵k̵L̵W̵_̵a̵p̵p̵e̵n̵d̵,̵ ̵k̵8̵_̵c̵4̵3̵1̵_̵c̵k̵0̵]̵[̲k̲8̲_̲c̲4̲3̲1̲_̲c̲k̲0̲]̲

Note: This linter can be disabled with `set_option linter.unusedSimpArgs false`
warning: RootedM5/Fam/W_k8_c431.lean:13:2: The `show` tactic should only be used to indicate intermediate goal states for readability.
However, this tactic invocation changed the goal. Please use `change` instead for these purposes.

Note: This linter can be disabled with `set_option linter.style.show false`
⚠ [8633/8836] Replayed RootedM4.CoverData.F_k8_c440
warning: RootedM4/CoverData/F_k8_c440.lean:7:100: This line exceeds the 100 character limit, please shorten it!

Note: This linter can be disabled with `set_option linter.style.longLine false`
warning: RootedM4/CoverData/F_k8_c440.lean:8:100: This line exceeds the 100 character limit, please shorten it!

Note: This linter can be disabled with `set_option linter.style.longLine false`
warning: RootedM4/CoverData/F_k8_c440.lean:1:100: This line exceeds the 100 character limit, please shorten it!

Note: This linter can be disabled with `set_option linter.style.longLine false`
⚠ [8634/8836] Replayed RootedM4.CoverData.F_k8_c503
warning: RootedM4/CoverData/F_k8_c503.lean:7:100: This line exceeds the 100 character limit, please shorten it!

Note: This linter can be disabled with `set_option linter.style.longLine false`
warning: RootedM4/CoverData/F_k8_c503.lean:8:100: This line exceeds the 100 character limit, please shorten it!

Note: This linter can be disabled with `set_option linter.style.longLine false`
warning: RootedM4/CoverData/F_k8_c503.lean:1:100: This line exceeds the 100 character limit, please shorten it!

Note: This linter can be disabled with `set_option linter.style.longLine false`
⚠ [8635/8836] Replayed RootedM4.CoverData.All
warning: RootedM4/CoverData/All.lean:59:100: This line exceeds the 100 character limit, please shorten it!

Note: This linter can be disabled with `set_option linter.style.longLine false`
warning: RootedM4/CoverData/All.lean:62:100: This line exceeds the 100 character limit, please shorten it!

Note: This linter can be disabled with `set_option linter.style.longLine false`
⚠ [8636/8836] Replayed RootedM4.CoverChecks.C_k10_c0100
warning: RootedM4/CoverChecks/C_k10_c0100.lean:30:100: This line exceeds the 100 character limit, please shorten it!

Note: This linter can be disabled with `set_option linter.style.longLine false`
warning: RootedM4/CoverChecks/C_k10_c0100.lean:31:100: This line exceeds the 100 character limit, please shorten it!

Note: This linter can be disabled with `set_option linter.style.longLine false`
info: RootedM4/CoverChecks/C_k10_c0100.lean:34:0: 'SB.Rooted.M4.CoverData.k10_c0100_ok' depends on axioms: [propext, Classical.choice, Quot.sound]
⚠ [8637/8836] Replayed RootedM4.CoverChecks.C_k10_c019
warning: RootedM4/CoverChecks/C_k10_c019.lean:15:19: This simp argument is unused:
  List.all_append

Hint: Omit it from the simp argument list.
  simp only [L̵i̵s̵t̵.̵a̵l̵l̵_̵a̵p̵p̵e̵n̵d̵,̵ ̵k10_c019_p0_ok, Bool.and_self]

Note: This linter can be disabled with `set_option linter.unusedSimpArgs false`
warning: RootedM4/CoverChecks/C_k10_c019.lean:15:52: This simp argument is unused:
  Bool.and_self

Hint: Omit it from the simp argument list.
  simp only [List.all_append, k10_c019_p0_ok,̵ ̵B̵o̵o̵l̵.̵a̵n̵d̵_̵s̵e̵l̵f̵]

Note: This linter can be disabled with `set_option linter.unusedSimpArgs false`
warning: RootedM4/CoverChecks/C_k10_c019.lean:16:19: This simp argument is unused:
  List.all_append

Hint: Omit it from the simp argument list.
  simp only [L̵i̵s̵t̵.̵a̵l̵l̵_̵a̵p̵p̵e̵n̵d̵,̵ ̵k10_c019_b0_ok, Bool.and_self]

Note: This linter can be disabled with `set_option linter.unusedSimpArgs false`
warning: RootedM4/CoverChecks/C_k10_c019.lean:16:52: This simp argument is unused:
  Bool.and_self

Hint: Omit it from the simp argument list.
  simp only [List.all_append, k10_c019_b0_ok,̵ ̵B̵o̵o̵l̵.̵a̵n̵d̵_̵s̵e̵l̵f̵]

Note: This linter can be disabled with `set_option linter.unusedSimpArgs false`
info: RootedM4/CoverChecks/C_k10_c019.lean:19:0: 'SB.Rooted.M4.CoverData.k10_c019_ok' depends on axioms: [propext, Classical.choice, Quot.sound]
⚠ [8638/8836] Replayed RootedM4.CoverChecks.C_k10_c028
warning: RootedM4/CoverChecks/C_k10_c028.lean:15:19: This simp argument is unused:
  List.all_append

Hint: Omit it from the simp argument list.
  simp only [L̵i̵s̵t̵.̵a̵l̵l̵_̵a̵p̵p̵e̵n̵d̵,̵ ̵k10_c028_p0_ok, Bool.and_self]

Note: This linter can be disabled with `set_option linter.unusedSimpArgs false`
warning: RootedM4/CoverChecks/C_k10_c028.lean:15:52: This simp argument is unused:
  Bool.and_self

Hint: Omit it from the simp argument list.
  simp only [List.all_append, k10_c028_p0_ok,̵ ̵B̵o̵o̵l̵.̵a̵n̵d̵_̵s̵e̵l̵f̵]

Note: This linter can be disabled with `set_option linter.unusedSimpArgs false`
warning: RootedM4/CoverChecks/C_k10_c028.lean:16:19: This simp argument is unused:
  List.all_append

Hint: Omit it from the simp argument list.
  simp only [L̵i̵s̵t̵.̵a̵l̵l̵_̵a̵p̵p̵e̵n̵d̵,̵ ̵k10_c028_b0_ok, Bool.and_self]

Note: This linter can be disabled with `set_option linter.unusedSimpArgs false`
warning: RootedM4/CoverChecks/C_k10_c028.lean:16:52: This simp argument is unused:
  Bool.and_self

Hint: Omit it from the simp argument list.
  simp only [List.all_append, k10_c028_b0_ok,̵ ̵B̵o̵o̵l̵.̵a̵n̵d̵_̵s̵e̵l̵f̵]

Note: This linter can be disabled with `set_option linter.unusedSimpArgs false`
info: RootedM4/CoverChecks/C_k10_c028.lean:19:0: 'SB.Rooted.M4.CoverData.k10_c028_ok' depends on axioms: [propext, Classical.choice, Quot.sound]
⚠ [8639/8836] Replayed RootedM4.CoverChecks.C_k10_c037
warning: RootedM4/CoverChecks/C_k10_c037.lean:15:19: This simp argument is unused:
  List.all_append

Hint: Omit it from the simp argument list.
  simp only [L̵i̵s̵t̵.̵a̵l̵l̵_̵a̵p̵p̵e̵n̵d̵,̵ ̵k10_c037_p0_ok, Bool.and_self]

Note: This linter can be disabled with `set_option linter.unusedSimpArgs false`
warning: RootedM4/CoverChecks/C_k10_c037.lean:15:52: This simp argument is unused:
  Bool.and_self

Hint: Omit it from the simp argument list.
  simp only [List.all_append, k10_c037_p0_ok,̵ ̵B̵o̵o̵l̵.̵a̵n̵d̵_̵s̵e̵l̵f̵]

Note: This linter can be disabled with `set_option linter.unusedSimpArgs false`
warning: RootedM4/CoverChecks/C_k10_c037.lean:16:19: This simp argument is unused:
  List.all_append

Hint: Omit it from the simp argument list.
  simp only [L̵i̵s̵t̵.̵a̵l̵l̵_̵a̵p̵p̵e̵n̵d̵,̵ ̵k10_c037_b0_ok, Bool.and_self]

Note: This linter can be disabled with `set_option linter.unusedSimpArgs false`
warning: RootedM4/CoverChecks/C_k10_c037.lean:16:52: This simp argument is unused:
  Bool.and_self

Hint: Omit it from the simp argument list.
  simp only [List.all_append, k10_c037_b0_ok,̵ ̵B̵o̵o̵l̵.̵a̵n̵d̵_̵s̵e̵l̵f̵]

Note: This linter can be disabled with `set_option linter.unusedSimpArgs false`
info: RootedM4/CoverChecks/C_k10_c037.lean:19:0: 'SB.Rooted.M4.CoverData.k10_c037_ok' depends on axioms: [propext, Classical.choice, Quot.sound]
⚠ [8640/8836] Replayed RootedM4.CoverChecks.C_k10_c046
warning: RootedM4/CoverChecks/C_k10_c046.lean:15:19: This simp argument is unused:
  List.all_append

Hint: Omit it from the simp argument list.
  simp only [L̵i̵s̵t̵.̵a̵l̵l̵_̵a̵p̵p̵e̵n̵d̵,̵ ̵k10_c046_p0_ok, Bool.and_self]

Note: This linter can be disabled with `set_option linter.unusedSimpArgs false`
warning: RootedM4/CoverChecks/C_k10_c046.lean:15:52: This simp argument is unused:
  Bool.and_self

Hint: Omit it from the simp argument list.
  simp only [List.all_append, k10_c046_p0_ok,̵ ̵B̵o̵o̵l̵.̵a̵n̵d̵_̵s̵e̵l̵f̵]

Note: This linter can be disabled with `set_option linter.unusedSimpArgs false`
warning: RootedM4/CoverChecks/C_k10_c046.lean:16:19: This simp argument is unused:
  List.all_append

Hint: Omit it from the simp argument list.
  simp only [L̵i̵s̵t̵.̵a̵l̵l̵_̵a̵p̵p̵e̵n̵d̵,̵ ̵k10_c046_b0_ok, Bool.and_self]

Note: This linter can be disabled with `set_option linter.unusedSimpArgs false`
warning: RootedM4/CoverChecks/C_k10_c046.lean:16:52: This simp argument is unused:
  Bool.and_self

Hint: Omit it from the simp argument list.
  simp only [List.all_append, k10_c046_b0_ok,̵ ̵B̵o̵o̵l̵.̵a̵n̵d̵_̵s̵e̵l̵f̵]

Note: This linter can be disabled with `set_option linter.unusedSimpArgs false`
info: RootedM4/CoverChecks/C_k10_c046.lean:19:0: 'SB.Rooted.M4.CoverData.k10_c046_ok' depends on axioms: [propext, Classical.choice, Quot.sound]
⚠ [8641/8836] Replayed RootedM4.CoverChecks.C_k10_c055
warning: RootedM4/CoverChecks/C_k10_c055.lean:15:19: This simp argument is unused:
  List.all_append

Hint: Omit it from the simp argument list.
  simp only [L̵i̵s̵t̵.̵a̵l̵l̵_̵a̵p̵p̵e̵n̵d̵,̵ ̵k10_c055_p0_ok, Bool.and_self]

Note: This linter can be disabled with `set_option linter.unusedSimpArgs false`
warning: RootedM4/CoverChecks/C_k10_c055.lean:15:52: This simp argument is unused:
  Bool.and_self

Hint: Omit it from the simp argument list.
  simp only [List.all_append, k10_c055_p0_ok,̵ ̵B̵o̵o̵l̵.̵a̵n̵d̵_̵s̵e̵l̵f̵]

Note: This linter can be disabled with `set_option linter.unusedSimpArgs false`
warning: RootedM4/CoverChecks/C_k10_c055.lean:16:19: This simp argument is unused:
  List.all_append

Hint: Omit it from the simp argument list.
  simp only [L̵i̵s̵t̵.̵a̵l̵l̵_̵a̵p̵p̵e̵n̵d̵,̵ ̵k10_c055_b0_ok, Bool.and_self]

Note: This linter can be disabled with `set_option linter.unusedSimpArgs false`
warning: RootedM4/CoverChecks/C_k10_c055.lean:16:52: This simp argument is unused:
  Bool.and_self

Hint: Omit it from the simp argument list.
  simp only [List.all_append, k10_c055_b0_ok,̵ ̵B̵o̵o̵l̵.̵a̵n̵d̵_̵s̵e̵l̵f̵]

Note: This linter can be disabled with `set_option linter.unusedSimpArgs false`
info: RootedM4/CoverChecks/C_k10_c055.lean:19:0: 'SB.Rooted.M4.CoverData.k10_c055_ok' depends on axioms: [propext, Classical.choice, Quot.sound]
⚠ [8642/8836] Replayed RootedM4.CoverChecks.C_k10_c064
warning: RootedM4/CoverChecks/C_k10_c064.lean:26:19: This simp argument is unused:
  List.all_append

Hint: Omit it from the simp argument list.
  simp only [L̵i̵s̵t̵.̵a̵l̵l̵_̵a̵p̵p̵e̵n̵d̵,̵ ̵k10_c064_p0_ok, Bool.and_self]

Note: This linter can be disabled with `set_option linter.unusedSimpArgs false`
warning: RootedM4/CoverChecks/C_k10_c064.lean:26:52: This simp argument is unused:
  Bool.and_self

Hint: Omit it from the simp argument list.
  simp only [List.all_append, k10_c064_p0_ok,̵ ̵B̵o̵o̵l̵.̵a̵n̵d̵_̵s̵e̵l̵f̵]

Note: This linter can be disabled with `set_option linter.unusedSimpArgs false`
warning: RootedM4/CoverChecks/C_k10_c064.lean:27:100: This line exceeds the 100 character limit, please shorten it!

Note: This linter can be disabled with `set_option linter.style.longLine false`
info: RootedM4/CoverChecks/C_k10_c064.lean:30:0: 'SB.Rooted.M4.CoverData.k10_c064_ok' depends on axioms: [propext, Classical.choice, Quot.sound]
⚠ [8643/8836] Replayed RootedM4.CoverChecks.C_k10_c073
warning: RootedM4/CoverChecks/C_k10_c073.lean:21:19: This simp argument is unused:
  List.all_append

Hint: Omit it from the simp argument list.
  simp only [L̵i̵s̵t̵.̵a̵l̵l̵_̵a̵p̵p̵e̵n̵d̵,̵ ̵k10_c073_p0_ok, Bool.and_self]

Note: This linter can be disabled with `set_option linter.unusedSimpArgs false`
warning: RootedM4/CoverChecks/C_k10_c073.lean:21:52: This simp argument is unused:
  Bool.and_self

Hint: Omit it from the simp argument list.
  simp only [List.all_append, k10_c073_p0_ok,̵ ̵B̵o̵o̵l̵.̵a̵n̵d̵_̵s̵e̵l̵f̵]

Note: This linter can be disabled with `set_option linter.unusedSimpArgs false`
warning: RootedM4/CoverChecks/C_k10_c073.lean:22:100: This line exceeds the 100 character limit, please shorten it!

Note: This linter can be disabled with `set_option linter.style.longLine false`
info: RootedM4/CoverChecks/C_k10_c073.lean:25:0: 'SB.Rooted.M4.CoverData.k10_c073_ok' depends on axioms: [propext, Classical.choice, Quot.sound]
⚠ [8652/8836] Replayed RootedM4.CoverChecks.C_k10_c082
warning: RootedM4/CoverChecks/C_k10_c082.lean:20:100: This line exceeds the 100 character limit, please shorten it!

Note: This linter can be disabled with `set_option linter.style.longLine false`
info: RootedM4/CoverChecks/C_k10_c082.lean:23:0: 'SB.Rooted.M4.CoverData.k10_c082_ok' depends on axioms: [propext, Classical.choice, Quot.sound]
⚠ [8653/8836] Replayed RootedM4.CoverChecks.C_k10_c091
warning: RootedM4/CoverChecks/C_k10_c091.lean:34:100: This line exceeds the 100 character limit, please shorten it!

Note: This linter can be disabled with `set_option linter.style.longLine false`
info: RootedM4/CoverChecks/C_k10_c091.lean:37:0: 'SB.Rooted.M4.CoverData.k10_c091_ok' depends on axioms: [propext, Classical.choice, Quot.sound]
⚠ [8654/8836] Replayed RootedM4.CoverChecks.C_k8_c008
warning: RootedM4/CoverChecks/C_k8_c008.lean:15:19: This simp argument is unused:
  List.all_append

Hint: Omit it from the simp argument list.
  simp only [L̵i̵s̵t̵.̵a̵l̵l̵_̵a̵p̵p̵e̵n̵d̵,̵ ̵k8_c008_p0_ok, Bool.and_self]

Note: This linter can be disabled with `set_option linter.unusedSimpArgs false`
warning: RootedM4/CoverChecks/C_k8_c008.lean:15:51: This simp argument is unused:
  Bool.and_self

Hint: Omit it from the simp argument list.
  simp only [List.all_append, k8_c008_p0_ok,̵ ̵B̵o̵o̵l̵.̵a̵n̵d̵_̵s̵e̵l̵f̵]

Note: This linter can be disabled with `set_option linter.unusedSimpArgs false`
warning: RootedM4/CoverChecks/C_k8_c008.lean:16:19: This simp argument is unused:
  List.all_append

Hint: Omit it from the simp argument list.
  simp only [L̵i̵s̵t̵.̵a̵l̵l̵_̵a̵p̵p̵e̵n̵d̵,̵ ̵k8_c008_b0_ok, Bool.and_self]

Note: This linter can be disabled with `set_option linter.unusedSimpArgs false`
warning: RootedM4/CoverChecks/C_k8_c008.lean:16:51: This simp argument is unused:
  Bool.and_self

Hint: Omit it from the simp argument list.
  simp only [List.all_append, k8_c008_b0_ok,̵ ̵B̵o̵o̵l̵.̵a̵n̵d̵_̵s̵e̵l̵f̵]

Note: This linter can be disabled with `set_option linter.unusedSimpArgs false`
info: RootedM4/CoverChecks/C_k8_c008.lean:19:0: 'SB.Rooted.M4.CoverData.k8_c008_ok' depends on axioms: [propext, Classical.choice, Quot.sound]
⚠ [8655/8836] Replayed RootedM4.CoverChecks.C_k8_c017
warning: RootedM4/CoverChecks/C_k8_c017.lean:15:19: This simp argument is unused:
  List.all_append

Hint: Omit it from the simp argument list.
  simp only [L̵i̵s̵t̵.̵a̵l̵l̵_̵a̵p̵p̵e̵n̵d̵,̵ ̵k8_c017_p0_ok, Bool.and_self]

Note: This linter can be disabled with `set_option linter.unusedSimpArgs false`
warning: RootedM4/CoverChecks/C_k8_c017.lean:15:51: This simp argument is unused:
  Bool.and_self

Hint: Omit it from the simp argument list.
  simp only [List.all_append, k8_c017_p0_ok,̵ ̵B̵o̵o̵l̵.̵a̵n̵d̵_̵s̵e̵l̵f̵]

Note: This linter can be disabled with `set_option linter.unusedSimpArgs false`
warning: RootedM4/CoverChecks/C_k8_c017.lean:16:19: This simp argument is unused:
  List.all_append

Hint: Omit it from the simp argument list.
  simp only [L̵i̵s̵t̵.̵a̵l̵l̵_̵a̵p̵p̵e̵n̵d̵,̵ ̵k8_c017_b0_ok, Bool.and_self]

Note: This linter can be disabled with `set_option linter.unusedSimpArgs false`
warning: RootedM4/CoverChecks/C_k8_c017.lean:16:51: This simp argument is unused:
  Bool.and_self

Hint: Omit it from the simp argument list.
  simp only [List.all_append, k8_c017_b0_ok,̵ ̵B̵o̵o̵l̵.̵a̵n̵d̵_̵s̵e̵l̵f̵]

Note: This linter can be disabled with `set_option linter.unusedSimpArgs false`
info: RootedM4/CoverChecks/C_k8_c017.lean:19:0: 'SB.Rooted.M4.CoverData.k8_c017_ok' depends on axioms: [propext, Classical.choice, Quot.sound]
⚠ [8656/8836] Replayed RootedM4.CoverChecks.C_k8_c026
warning: RootedM4/CoverChecks/C_k8_c026.lean:16:19: This simp argument is unused:
  List.all_append

Hint: Omit it from the simp argument list.
  simp only [L̵i̵s̵t̵.̵a̵l̵l̵_̵a̵p̵p̵e̵n̵d̵,̵ ̵k8_c026_p0_ok, Bool.and_self]

Note: This linter can be disabled with `set_option linter.unusedSimpArgs false`
warning: RootedM4/CoverChecks/C_k8_c026.lean:16:51: This simp argument is unused:
  Bool.and_self

Hint: Omit it from the simp argument list.
  simp only [List.all_append, k8_c026_p0_ok,̵ ̵B̵o̵o̵l̵.̵a̵n̵d̵_̵s̵e̵l̵f̵]

Note: This linter can be disabled with `set_option linter.unusedSimpArgs false`
info: RootedM4/CoverChecks/C_k8_c026.lean:20:0: 'SB.Rooted.M4.CoverData.k8_c026_ok' depends on axioms: [propext, Classical.choice, Quot.sound]
⚠ [8657/8836] Replayed RootedM4.CoverChecks.C_k8_c035
warning: RootedM4/CoverChecks/C_k8_c035.lean:16:19: This simp argument is unused:
  List.all_append

Hint: Omit it from the simp argument list.
  simp only [L̵i̵s̵t̵.̵a̵l̵l̵_̵a̵p̵p̵e̵n̵d̵,̵ ̵k8_c035_p0_ok, Bool.and_self]

Note: This linter can be disabled with `set_option linter.unusedSimpArgs false`
warning: RootedM4/CoverChecks/C_k8_c035.lean:16:51: This simp argument is unused:
  Bool.and_self

Hint: Omit it from the simp argument list.
  simp only [List.all_append, k8_c035_p0_ok,̵ ̵B̵o̵o̵l̵.̵a̵n̵d̵_̵s̵e̵l̵f̵]

Note: This linter can be disabled with `set_option linter.unusedSimpArgs false`
info: RootedM4/CoverChecks/C_k8_c035.lean:20:0: 'SB.Rooted.M4.CoverData.k8_c035_ok' depends on axioms: [propext, Classical.choice, Quot.sound]
⚠ [8658/8836] Replayed RootedM4.CoverChecks.C_k8_c044
warning: RootedM4/CoverChecks/C_k8_c044.lean:17:19: This simp argument is unused:
  List.all_append

Hint: Omit it from the simp argument list.
  simp only [L̵i̵s̵t̵.̵a̵l̵l̵_̵a̵p̵p̵e̵n̵d̵,̵ ̵k8_c044_p0_ok, Bool.and_self]

Note: This linter can be disabled with `set_option linter.unusedSimpArgs false`
warning: RootedM4/CoverChecks/C_k8_c044.lean:17:51: This simp argument is unused:
  Bool.and_self

Hint: Omit it from the simp argument list.
  simp only [List.all_append, k8_c044_p0_ok,̵ ̵B̵o̵o̵l̵.̵a̵n̵d̵_̵s̵e̵l̵f̵]

Note: This linter can be disabled with `set_option linter.unusedSimpArgs false`
info: RootedM4/CoverChecks/C_k8_c044.lean:21:0: 'SB.Rooted.M4.CoverData.k8_c044_ok' depends on axioms: [propext, Classical.choice, Quot.sound]
⚠ [8659/8836] Replayed RootedM4.CoverChecks.C_k8_c053
warning: RootedM4/CoverChecks/C_k8_c053.lean:15:19: This simp argument is unused:
  List.all_append

Hint: Omit it from the simp argument list.
  simp only [L̵i̵s̵t̵.̵a̵l̵l̵_̵a̵p̵p̵e̵n̵d̵,̵ ̵k8_c053_p0_ok, Bool.and_self]

Note: This linter can be disabled with `set_option linter.unusedSimpArgs false`
warning: RootedM4/CoverChecks/C_k8_c053.lean:15:51: This simp argument is unused:
  Bool.and_self

Hint: Omit it from the simp argument list.
  simp only [List.all_append, k8_c053_p0_ok,̵ ̵B̵o̵o̵l̵.̵a̵n̵d̵_̵s̵e̵l̵f̵]

Note: This linter can be disabled with `set_option linter.unusedSimpArgs false`
warning: RootedM4/CoverChecks/C_k8_c053.lean:16:19: This simp argument is unused:
  List.all_append

Hint: Omit it from the simp argument list.
  simp only [L̵i̵s̵t̵.̵a̵l̵l̵_̵a̵p̵p̵e̵n̵d̵,̵ ̵k8_c053_b0_ok, Bool.and_self]

Note: This linter can be disabled with `set_option linter.unusedSimpArgs false`
warning: RootedM4/CoverChecks/C_k8_c053.lean:16:51: This simp argument is unused:
  Bool.and_self

Hint: Omit it from the simp argument list.
  simp only [List.all_append, k8_c053_b0_ok,̵ ̵B̵o̵o̵l̵.̵a̵n̵d̵_̵s̵e̵l̵f̵]

Note: This linter can be disabled with `set_option linter.unusedSimpArgs false`
info: RootedM4/CoverChecks/C_k8_c053.lean:19:0: 'SB.Rooted.M4.CoverData.k8_c053_ok' depends on axioms: [propext, Classical.choice, Quot.sound]
⚠ [8660/8836] Replayed RootedM4.CoverChecks.C_k8_c062
warning: RootedM4/CoverChecks/C_k8_c062.lean:15:19: This simp argument is unused:
  List.all_append

Hint: Omit it from the simp argument list.
  simp only [L̵i̵s̵t̵.̵a̵l̵l̵_̵a̵p̵p̵e̵n̵d̵,̵ ̵k8_c062_p0_ok, Bool.and_self]

Note: This linter can be disabled with `set_option linter.unusedSimpArgs false`
warning: RootedM4/CoverChecks/C_k8_c062.lean:15:51: This simp argument is unused:
  Bool.and_self

Hint: Omit it from the simp argument list.
  simp only [List.all_append, k8_c062_p0_ok,̵ ̵B̵o̵o̵l̵.̵a̵n̵d̵_̵s̵e̵l̵f̵]

Note: This linter can be disabled with `set_option linter.unusedSimpArgs false`
warning: RootedM4/CoverChecks/C_k8_c062.lean:16:19: This simp argument is unused:
  List.all_append

Hint: Omit it from the simp argument list.
  simp only [L̵i̵s̵t̵.̵a̵l̵l̵_̵a̵p̵p̵e̵n̵d̵,̵ ̵k8_c062_b0_ok, Bool.and_self]

Note: This linter can be disabled with `set_option linter.unusedSimpArgs false`
warning: RootedM4/CoverChecks/C_k8_c062.lean:16:51: This simp argument is unused:
  Bool.and_self

Hint: Omit it from the simp argument list.
  simp only [List.all_append, k8_c062_b0_ok,̵ ̵B̵o̵o̵l̵.̵a̵n̵d̵_̵s̵e̵l̵f̵]

Note: This linter can be disabled with `set_option linter.unusedSimpArgs false`
info: RootedM4/CoverChecks/C_k8_c062.lean:19:0: 'SB.Rooted.M4.CoverData.k8_c062_ok' depends on axioms: [propext, Classical.choice, Quot.sound]
⚠ [8661/8836] Replayed RootedM4.CoverChecks.C_k8_c071
warning: RootedM4/CoverChecks/C_k8_c071.lean:15:19: This simp argument is unused:
  List.all_append

Hint: Omit it from the simp argument list.
  simp only [L̵i̵s̵t̵.̵a̵l̵l̵_̵a̵p̵p̵e̵n̵d̵,̵ ̵k8_c071_p0_ok, Bool.and_self]

Note: This linter can be disabled with `set_option linter.unusedSimpArgs false`
warning: RootedM4/CoverChecks/C_k8_c071.lean:15:51: This simp argument is unused:
  Bool.and_self

Hint: Omit it from the simp argument list.
  simp only [List.all_append, k8_c071_p0_ok,̵ ̵B̵o̵o̵l̵.̵a̵n̵d̵_̵s̵e̵l̵f̵]

Note: This linter can be disabled with `set_option linter.unusedSimpArgs false`
warning: RootedM4/CoverChecks/C_k8_c071.lean:16:19: This simp argument is unused:
  List.all_append

Hint: Omit it from the simp argument list.
  simp only [L̵i̵s̵t̵.̵a̵l̵l̵_̵a̵p̵p̵e̵n̵d̵,̵ ̵k8_c071_b0_ok, Bool.and_self]

Note: This linter can be disabled with `set_option linter.unusedSimpArgs false`
warning: RootedM4/CoverChecks/C_k8_c071.lean:16:51: This simp argument is unused:
  Bool.and_self

Hint: Omit it from the simp argument list.
  simp only [List.all_append, k8_c071_b0_ok,̵ ̵B̵o̵o̵l̵.̵a̵n̵d̵_̵s̵e̵l̵f̵]

Note: This linter can be disabled with `set_option linter.unusedSimpArgs false`
info: RootedM4/CoverChecks/C_k8_c071.lean:19:0: 'SB.Rooted.M4.CoverData.k8_c071_ok' depends on axioms: [propext, Classical.choice, Quot.sound]
⚠ [8662/8836] Replayed RootedM4.CoverChecks.C_k8_c080
warning: RootedM4/CoverChecks/C_k8_c080.lean:15:19: This simp argument is unused:
  List.all_append

Hint: Omit it from the simp argument list.
  simp only [L̵i̵s̵t̵.̵a̵l̵l̵_̵a̵p̵p̵e̵n̵d̵,̵ ̵k8_c080_p0_ok, Bool.and_self]

Note: This linter can be disabled with `set_option linter.unusedSimpArgs false`
warning: RootedM4/CoverChecks/C_k8_c080.lean:15:51: This simp argument is unused:
  Bool.and_self

Hint: Omit it from the simp argument list.
  simp only [List.all_append, k8_c080_p0_ok,̵ ̵B̵o̵o̵l̵.̵a̵n̵d̵_̵s̵e̵l̵f̵]

Note: This linter can be disabled with `set_option linter.unusedSimpArgs false`
warning: RootedM4/CoverChecks/C_k8_c080.lean:16:19: This simp argument is unused:
  List.all_append

Hint: Omit it from the simp argument list.
  simp only [L̵i̵s̵t̵.̵a̵l̵l̵_̵a̵p̵p̵e̵n̵d̵,̵ ̵k8_c080_b0_ok, Bool.and_self]

Note: This linter can be disabled with `set_option linter.unusedSimpArgs false`
warning: RootedM4/CoverChecks/C_k8_c080.lean:16:51: This simp argument is unused:
  Bool.and_self

Hint: Omit it from the simp argument list.
  simp only [List.all_append, k8_c080_b0_ok,̵ ̵B̵o̵o̵l̵.̵a̵n̵d̵_̵s̵e̵l̵f̵]

Note: This linter can be disabled with `set_option linter.unusedSimpArgs false`
info: RootedM4/CoverChecks/C_k8_c080.lean:19:0: 'SB.Rooted.M4.CoverData.k8_c080_ok' depends on axioms: [propext, Classical.choice, Quot.sound]
⚠ [8663/8836] Replayed RootedM4.CoverChecks.C_k8_c107
warning: RootedM4/CoverChecks/C_k8_c107.lean:15:19: This simp argument is unused:
  List.all_append

Hint: Omit it from the simp argument list.
  simp only [L̵i̵s̵t̵.̵a̵l̵l̵_̵a̵p̵p̵e̵n̵d̵,̵ ̵k8_c107_p0_ok, Bool.and_self]

Note: This linter can be disabled with `set_option linter.unusedSimpArgs false`
warning: RootedM4/CoverChecks/C_k8_c107.lean:15:51: This simp argument is unused:
  Bool.and_self

Hint: Omit it from the simp argument list.
  simp only [List.all_append, k8_c107_p0_ok,̵ ̵B̵o̵o̵l̵.̵a̵n̵d̵_̵s̵e̵l̵f̵]

Note: This linter can be disabled with `set_option linter.unusedSimpArgs false`
warning: RootedM4/CoverChecks/C_k8_c107.lean:16:19: This simp argument is unused:
  List.all_append

Hint: Omit it from the simp argument list.
  simp only [L̵i̵s̵t̵.̵a̵l̵l̵_̵a̵p̵p̵e̵n̵d̵,̵ ̵k8_c107_b0_ok, Bool.and_self]

Note: This linter can be disabled with `set_option linter.unusedSimpArgs false`
warning: RootedM4/CoverChecks/C_k8_c107.lean:16:51: This simp argument is unused:
  Bool.and_self

Hint: Omit it from the simp argument list.
  simp only [List.all_append, k8_c107_b0_ok,̵ ̵B̵o̵o̵l̵.̵a̵n̵d̵_̵s̵e̵l̵f̵]

Note: This linter can be disabled with `set_option linter.unusedSimpArgs false`
info: RootedM4/CoverChecks/C_k8_c107.lean:19:0: 'SB.Rooted.M4.CoverData.k8_c107_ok' depends on axioms: [propext, Classical.choice, Quot.sound]
⚠ [8664/8836] Replayed RootedM4.CoverChecks.C_k8_c116
warning: RootedM4/CoverChecks/C_k8_c116.lean:15:19: This simp argument is unused:
  List.all_append

Hint: Omit it from the simp argument list.
  simp only [L̵i̵s̵t̵.̵a̵l̵l̵_̵a̵p̵p̵e̵n̵d̵,̵ ̵k8_c116_p0_ok, Bool.and_self]

Note: This linter can be disabled with `set_option linter.unusedSimpArgs false`
warning: RootedM4/CoverChecks/C_k8_c116.lean:15:51: This simp argument is unused:
  Bool.and_self

Hint: Omit it from the simp argument list.
  simp only [List.all_append, k8_c116_p0_ok,̵ ̵B̵o̵o̵l̵.̵a̵n̵d̵_̵s̵e̵l̵f̵]

Note: This linter can be disabled with `set_option linter.unusedSimpArgs false`
warning: RootedM4/CoverChecks/C_k8_c116.lean:16:19: This simp argument is unused:
  List.all_append

Hint: Omit it from the simp argument list.
  simp only [L̵i̵s̵t̵.̵a̵l̵l̵_̵a̵p̵p̵e̵n̵d̵,̵ ̵k8_c116_b0_ok, Bool.and_self]

Note: This linter can be disabled with `set_option linter.unusedSimpArgs false`
warning: RootedM4/CoverChecks/C_k8_c116.lean:16:51: This simp argument is unused:
  Bool.and_self

Hint: Omit it from the simp argument list.
  simp only [List.all_append, k8_c116_b0_ok,̵ ̵B̵o̵o̵l̵.̵a̵n̵d̵_̵s̵e̵l̵f̵]

Note: This linter can be disabled with `set_option linter.unusedSimpArgs false`
info: RootedM4/CoverChecks/C_k8_c116.lean:19:0: 'SB.Rooted.M4.CoverData.k8_c116_ok' depends on axioms: [propext, Classical.choice, Quot.sound]
⚠ [8665/8836] Replayed RootedM4.CoverChecks.C_k8_c125
warning: RootedM4/CoverChecks/C_k8_c125.lean:17:19: This simp argument is unused:
  List.all_append

Hint: Omit it from the simp argument list.
  simp only [L̵i̵s̵t̵.̵a̵l̵l̵_̵a̵p̵p̵e̵n̵d̵,̵ ̵k8_c125_p0_ok, Bool.and_self]

Note: This linter can be disabled with `set_option linter.unusedSimpArgs false`
warning: RootedM4/CoverChecks/C_k8_c125.lean:17:51: This simp argument is unused:
  Bool.and_self

Hint: Omit it from the simp argument list.
  simp only [List.all_append, k8_c125_p0_ok,̵ ̵B̵o̵o̵l̵.̵a̵n̵d̵_̵s̵e̵l̵f̵]

Note: This linter can be disabled with `set_option linter.unusedSimpArgs false`
info: RootedM4/CoverChecks/C_k8_c125.lean:21:0: 'SB.Rooted.M4.CoverData.k8_c125_ok' depends on axioms: [propext, Classical.choice, Quot.sound]
⚠ [8666/8836] Replayed RootedM4.CoverChecks.C_k8_c134
warning: RootedM4/CoverChecks/C_k8_c134.lean:16:19: This simp argument is unused:
  List.all_append

Hint: Omit it from the simp argument list.
  simp only [L̵i̵s̵t̵.̵a̵l̵l̵_̵a̵p̵p̵e̵n̵d̵,̵ ̵k8_c134_p0_ok, Bool.and_self]

Note: This linter can be disabled with `set_option linter.unusedSimpArgs false`
warning: RootedM4/CoverChecks/C_k8_c134.lean:16:51: This simp argument is unused:
  Bool.and_self

Hint: Omit it from the simp argument list.
  simp only [List.all_append, k8_c134_p0_ok,̵ ̵B̵o̵o̵l̵.̵a̵n̵d̵_̵s̵e̵l̵f̵]

Note: This linter can be disabled with `set_option linter.unusedSimpArgs false`
info: RootedM4/CoverChecks/C_k8_c134.lean:20:0: 'SB.Rooted.M4.CoverData.k8_c134_ok' depends on axioms: [propext, Classical.choice, Quot.sound]
⚠ [8667/8836] Replayed RootedM4.CoverChecks.C_k8_c143
warning: RootedM4/CoverChecks/C_k8_c143.lean:17:19: This simp argument is unused:
  List.all_append

Hint: Omit it from the simp argument list.
  simp only [L̵i̵s̵t̵.̵a̵l̵l̵_̵a̵p̵p̵e̵n̵d̵,̵ ̵k8_c143_p0_ok, Bool.and_self]

Note: This linter can be disabled with `set_option linter.unusedSimpArgs false`
warning: RootedM4/CoverChecks/C_k8_c143.lean:17:51: This simp argument is unused:
  Bool.and_self

Hint: Omit it from the simp argument list.
  simp only [List.all_append, k8_c143_p0_ok,̵ ̵B̵o̵o̵l̵.̵a̵n̵d̵_̵s̵e̵l̵f̵]

Note: This linter can be disabled with `set_option linter.unusedSimpArgs false`
info: RootedM4/CoverChecks/C_k8_c143.lean:21:0: 'SB.Rooted.M4.CoverData.k8_c143_ok' depends on axioms: [propext, Classical.choice, Quot.sound]
⚠ [8668/8836] Replayed RootedM4.CoverChecks.C_k8_c152
warning: RootedM4/CoverChecks/C_k8_c152.lean:15:19: This simp argument is unused:
  List.all_append

Hint: Omit it from the simp argument list.
  simp only [L̵i̵s̵t̵.̵a̵l̵l̵_̵a̵p̵p̵e̵n̵d̵,̵ ̵k8_c152_p0_ok, Bool.and_self]

Note: This linter can be disabled with `set_option linter.unusedSimpArgs false`
warning: RootedM4/CoverChecks/C_k8_c152.lean:15:51: This simp argument is unused:
  Bool.and_self

Hint: Omit it from the simp argument list.
  simp only [List.all_append, k8_c152_p0_ok,̵ ̵B̵o̵o̵l̵.̵a̵n̵d̵_̵s̵e̵l̵f̵]

Note: This linter can be disabled with `set_option linter.unusedSimpArgs false`
warning: RootedM4/CoverChecks/C_k8_c152.lean:16:19: This simp argument is unused:
  List.all_append

Hint: Omit it from the simp argument list.
  simp only [L̵i̵s̵t̵.̵a̵l̵l̵_̵a̵p̵p̵e̵n̵d̵,̵ ̵k8_c152_b0_ok, Bool.and_self]

Note: This linter can be disabled with `set_option linter.unusedSimpArgs false`
warning: RootedM4/CoverChecks/C_k8_c152.lean:16:51: This simp argument is unused:
  Bool.and_self

Hint: Omit it from the simp argument list.
  simp only [List.all_append, k8_c152_b0_ok,̵ ̵B̵o̵o̵l̵.̵a̵n̵d̵_̵s̵e̵l̵f̵]

Note: This linter can be disabled with `set_option linter.unusedSimpArgs false`
info: RootedM4/CoverChecks/C_k8_c152.lean:19:0: 'SB.Rooted.M4.CoverData.k8_c152_ok' depends on axioms: [propext, Classical.choice, Quot.sound]
⚠ [8669/8836] Replayed RootedM4.CoverChecks.C_k8_c161
warning: RootedM4/CoverChecks/C_k8_c161.lean:15:19: This simp argument is unused:
  List.all_append

Hint: Omit it from the simp argument list.
  simp only [L̵i̵s̵t̵.̵a̵l̵l̵_̵a̵p̵p̵e̵n̵d̵,̵ ̵k8_c161_p0_ok, Bool.and_self]

Note: This linter can be disabled with `set_option linter.unusedSimpArgs false`
warning: RootedM4/CoverChecks/C_k8_c161.lean:15:51: This simp argument is unused:
  Bool.and_self

Hint: Omit it from the simp argument list.
  simp only [List.all_append, k8_c161_p0_ok,̵ ̵B̵o̵o̵l̵.̵a̵n̵d̵_̵s̵e̵l̵f̵]

Note: This linter can be disabled with `set_option linter.unusedSimpArgs false`
warning: RootedM4/CoverChecks/C_k8_c161.lean:16:19: This simp argument is unused:
  List.all_append

Hint: Omit it from the simp argument list.
  simp only [L̵i̵s̵t̵.̵a̵l̵l̵_̵a̵p̵p̵e̵n̵d̵,̵ ̵k8_c161_b0_ok, Bool.and_self]

Note: This linter can be disabled with `set_option linter.unusedSimpArgs false`
warning: RootedM4/CoverChecks/C_k8_c161.lean:16:51: This simp argument is unused:
  Bool.and_self

Hint: Omit it from the simp argument list.
  simp only [List.all_append, k8_c161_b0_ok,̵ ̵B̵o̵o̵l̵.̵a̵n̵d̵_̵s̵e̵l̵f̵]

Note: This linter can be disabled with `set_option linter.unusedSimpArgs false`
info: RootedM4/CoverChecks/C_k8_c161.lean:19:0: 'SB.Rooted.M4.CoverData.k8_c161_ok' depends on axioms: [propext, Classical.choice, Quot.sound]
⚠ [8670/8836] Replayed RootedM4.CoverChecks.C_k8_c170
warning: RootedM4/CoverChecks/C_k8_c170.lean:15:19: This simp argument is unused:
  List.all_append

Hint: Omit it from the simp argument list.
  simp only [L̵i̵s̵t̵.̵a̵l̵l̵_̵a̵p̵p̵e̵n̵d̵,̵ ̵k8_c170_p0_ok, Bool.and_self]

Note: This linter can be disabled with `set_option linter.unusedSimpArgs false`
warning: RootedM4/CoverChecks/C_k8_c170.lean:15:51: This simp argument is unused:
  Bool.and_self

Hint: Omit it from the simp argument list.
  simp only [List.all_append, k8_c170_p0_ok,̵ ̵B̵o̵o̵l̵.̵a̵n̵d̵_̵s̵e̵l̵f̵]

Note: This linter can be disabled with `set_option linter.unusedSimpArgs false`
warning: RootedM4/CoverChecks/C_k8_c170.lean:16:19: This simp argument is unused:
  List.all_append

Hint: Omit it from the simp argument list.
  simp only [L̵i̵s̵t̵.̵a̵l̵l̵_̵a̵p̵p̵e̵n̵d̵,̵ ̵k8_c170_b0_ok, Bool.and_self]

Note: This linter can be disabled with `set_option linter.unusedSimpArgs false`
warning: RootedM4/CoverChecks/C_k8_c170.lean:16:51: This simp argument is unused:
  Bool.and_self

Hint: Omit it from the simp argument list.
  simp only [List.all_append, k8_c170_b0_ok,̵ ̵B̵o̵o̵l̵.̵a̵n̵d̵_̵s̵e̵l̵f̵]

Note: This linter can be disabled with `set_option linter.unusedSimpArgs false`
info: RootedM4/CoverChecks/C_k8_c170.lean:19:0: 'SB.Rooted.M4.CoverData.k8_c170_ok' depends on axioms: [propext, Classical.choice, Quot.sound]
⚠ [8671/8836] Replayed RootedM4.CoverChecks.C_k8_c206
warning: RootedM4/CoverChecks/C_k8_c206.lean:15:19: This simp argument is unused:
  List.all_append

Hint: Omit it from the simp argument list.
  simp only [L̵i̵s̵t̵.̵a̵l̵l̵_̵a̵p̵p̵e̵n̵d̵,̵ ̵k8_c206_p0_ok, Bool.and_self]

Note: This linter can be disabled with `set_option linter.unusedSimpArgs false`
warning: RootedM4/CoverChecks/C_k8_c206.lean:15:51: This simp argument is unused:
  Bool.and_self

Hint: Omit it from the simp argument list.
  simp only [List.all_append, k8_c206_p0_ok,̵ ̵B̵o̵o̵l̵.̵a̵n̵d̵_̵s̵e̵l̵f̵]

Note: This linter can be disabled with `set_option linter.unusedSimpArgs false`
warning: RootedM4/CoverChecks/C_k8_c206.lean:16:19: This simp argument is unused:
  List.all_append

Hint: Omit it from the simp argument list.
  simp only [L̵i̵s̵t̵.̵a̵l̵l̵_̵a̵p̵p̵e̵n̵d̵,̵ ̵k8_c206_b0_ok, Bool.and_self]

Note: This linter can be disabled with `set_option linter.unusedSimpArgs false`
warning: RootedM4/CoverChecks/C_k8_c206.lean:16:51: This simp argument is unused:
  Bool.and_self

Hint: Omit it from the simp argument list.
  simp only [List.all_append, k8_c206_b0_ok,̵ ̵B̵o̵o̵l̵.̵a̵n̵d̵_̵s̵e̵l̵f̵]

Note: This linter can be disabled with `set_option linter.unusedSimpArgs false`
info: RootedM4/CoverChecks/C_k8_c206.lean:19:0: 'SB.Rooted.M4.CoverData.k8_c206_ok' depends on axioms: [propext, Classical.choice, Quot.sound]
⚠ [8672/8836] Replayed RootedM4.CoverChecks.C_k8_c215
warning: RootedM4/CoverChecks/C_k8_c215.lean:15:19: This simp argument is unused:
  List.all_append

Hint: Omit it from the simp argument list.
  simp only [L̵i̵s̵t̵.̵a̵l̵l̵_̵a̵p̵p̵e̵n̵d̵,̵ ̵k8_c215_p0_ok, Bool.and_self]

Note: This linter can be disabled with `set_option linter.unusedSimpArgs false`
warning: RootedM4/CoverChecks/C_k8_c215.lean:15:51: This simp argument is unused:
  Bool.and_self

Hint: Omit it from the simp argument list.
  simp only [List.all_append, k8_c215_p0_ok,̵ ̵B̵o̵o̵l̵.̵a̵n̵d̵_̵s̵e̵l̵f̵]

Note: This linter can be disabled with `set_option linter.unusedSimpArgs false`
warning: RootedM4/CoverChecks/C_k8_c215.lean:16:19: This simp argument is unused:
  List.all_append

Hint: Omit it from the simp argument list.
  simp only [L̵i̵s̵t̵.̵a̵l̵l̵_̵a̵p̵p̵e̵n̵d̵,̵ ̵k8_c215_b0_ok, Bool.and_self]

Note: This linter can be disabled with `set_option linter.unusedSimpArgs false`
warning: RootedM4/CoverChecks/C_k8_c215.lean:16:51: This simp argument is unused:
  Bool.and_self

Hint: Omit it from the simp argument list.
  simp only [List.all_append, k8_c215_b0_ok,̵ ̵B̵o̵o̵l̵.̵a̵n̵d̵_̵s̵e̵l̵f̵]

Note: This linter can be disabled with `set_option linter.unusedSimpArgs false`
info: RootedM4/CoverChecks/C_k8_c215.lean:19:0: 'SB.Rooted.M4.CoverData.k8_c215_ok' depends on axioms: [propext, Classical.choice, Quot.sound]
⚠ [8673/8836] Replayed RootedM4.CoverChecks.C_k8_c224
warning: RootedM4/CoverChecks/C_k8_c224.lean:17:19: This simp argument is unused:
  List.all_append

Hint: Omit it from the simp argument list.
  simp only [L̵i̵s̵t̵.̵a̵l̵l̵_̵a̵p̵p̵e̵n̵d̵,̵ ̵k8_c224_p0_ok, Bool.and_self]

Note: This linter can be disabled with `set_option linter.unusedSimpArgs false`
warning: RootedM4/CoverChecks/C_k8_c224.lean:17:51: This simp argument is unused:
  Bool.and_self

Hint: Omit it from the simp argument list.
  simp only [List.all_append, k8_c224_p0_ok,̵ ̵B̵o̵o̵l̵.̵a̵n̵d̵_̵s̵e̵l̵f̵]

Note: This linter can be disabled with `set_option linter.unusedSimpArgs false`
info: RootedM4/CoverChecks/C_k8_c224.lean:21:0: 'SB.Rooted.M4.CoverData.k8_c224_ok' depends on axioms: [propext, Classical.choice, Quot.sound]
⚠ [8674/8836] Replayed RootedM4.CoverChecks.C_k8_c233
warning: RootedM4/CoverChecks/C_k8_c233.lean:16:19: This simp argument is unused:
  List.all_append

Hint: Omit it from the simp argument list.
  simp only [L̵i̵s̵t̵.̵a̵l̵l̵_̵a̵p̵p̵e̵n̵d̵,̵ ̵k8_c233_p0_ok, Bool.and_self]

Note: This linter can be disabled with `set_option linter.unusedSimpArgs false`
warning: RootedM4/CoverChecks/C_k8_c233.lean:16:51: This simp argument is unused:
  Bool.and_self

Hint: Omit it from the simp argument list.
  simp only [List.all_append, k8_c233_p0_ok,̵ ̵B̵o̵o̵l̵.̵a̵n̵d̵_̵s̵e̵l̵f̵]

Note: This linter can be disabled with `set_option linter.unusedSimpArgs false`
info: RootedM4/CoverChecks/C_k8_c233.lean:20:0: 'SB.Rooted.M4.CoverData.k8_c233_ok' depends on axioms: [propext, Classical.choice, Quot.sound]
⚠ [8675/8836] Replayed RootedM4.CoverChecks.C_k8_c242
warning: RootedM4/CoverChecks/C_k8_c242.lean:16:19: This simp argument is unused:
  List.all_append

Hint: Omit it from the simp argument list.
  simp only [L̵i̵s̵t̵.̵a̵l̵l̵_̵a̵p̵p̵e̵n̵d̵,̵ ̵k8_c242_p0_ok, Bool.and_self]

Note: This linter can be disabled with `set_option linter.unusedSimpArgs false`
warning: RootedM4/CoverChecks/C_k8_c242.lean:16:51: This simp argument is unused:
  Bool.and_self

Hint: Omit it from the simp argument list.
  simp only [List.all_append, k8_c242_p0_ok,̵ ̵B̵o̵o̵l̵.̵a̵n̵d̵_̵s̵e̵l̵f̵]

Note: This linter can be disabled with `set_option linter.unusedSimpArgs false`
info: RootedM4/CoverChecks/C_k8_c242.lean:20:0: 'SB.Rooted.M4.CoverData.k8_c242_ok' depends on axioms: [propext, Classical.choice, Quot.sound]
⚠ [8676/8836] Replayed RootedM4.CoverChecks.C_k8_c251
warning: RootedM4/CoverChecks/C_k8_c251.lean:15:19: This simp argument is unused:
  List.all_append

Hint: Omit it from the simp argument list.
  simp only [L̵i̵s̵t̵.̵a̵l̵l̵_̵a̵p̵p̵e̵n̵d̵,̵ ̵k8_c251_p0_ok, Bool.and_self]

Note: This linter can be disabled with `set_option linter.unusedSimpArgs false`
warning: RootedM4/CoverChecks/C_k8_c251.lean:15:51: This simp argument is unused:
  Bool.and_self

Hint: Omit it from the simp argument list.
  simp only [List.all_append, k8_c251_p0_ok,̵ ̵B̵o̵o̵l̵.̵a̵n̵d̵_̵s̵e̵l̵f̵]

Note: This linter can be disabled with `set_option linter.unusedSimpArgs false`
warning: RootedM4/CoverChecks/C_k8_c251.lean:16:19: This simp argument is unused:
  List.all_append

Hint: Omit it from the simp argument list.
  simp only [L̵i̵s̵t̵.̵a̵l̵l̵_̵a̵p̵p̵e̵n̵d̵,̵ ̵k8_c251_b0_ok, Bool.and_self]

Note: This linter can be disabled with `set_option linter.unusedSimpArgs false`
warning: RootedM4/CoverChecks/C_k8_c251.lean:16:51: This simp argument is unused:
  Bool.and_self

Hint: Omit it from the simp argument list.
  simp only [List.all_append, k8_c251_b0_ok,̵ ̵B̵o̵o̵l̵.̵a̵n̵d̵_̵s̵e̵l̵f̵]

Note: This linter can be disabled with `set_option linter.unusedSimpArgs false`
info: RootedM4/CoverChecks/C_k8_c251.lean:19:0: 'SB.Rooted.M4.CoverData.k8_c251_ok' depends on axioms: [propext, Classical.choice, Quot.sound]
⚠ [8677/8836] Replayed RootedM4.CoverChecks.C_k8_c260
warning: RootedM4/CoverChecks/C_k8_c260.lean:15:19: This simp argument is unused:
  List.all_append

Hint: Omit it from the simp argument list.
  simp only [L̵i̵s̵t̵.̵a̵l̵l̵_̵a̵p̵p̵e̵n̵d̵,̵ ̵k8_c260_p0_ok, Bool.and_self]

Note: This linter can be disabled with `set_option linter.unusedSimpArgs false`
warning: RootedM4/CoverChecks/C_k8_c260.lean:15:51: This simp argument is unused:
  Bool.and_self

Hint: Omit it from the simp argument list.
  simp only [List.all_append, k8_c260_p0_ok,̵ ̵B̵o̵o̵l̵.̵a̵n̵d̵_̵s̵e̵l̵f̵]

Note: This linter can be disabled with `set_option linter.unusedSimpArgs false`
warning: RootedM4/CoverChecks/C_k8_c260.lean:16:19: This simp argument is unused:
  List.all_append

Hint: Omit it from the simp argument list.
  simp only [L̵i̵s̵t̵.̵a̵l̵l̵_̵a̵p̵p̵e̵n̵d̵,̵ ̵k8_c260_b0_ok, Bool.and_self]

Note: This linter can be disabled with `set_option linter.unusedSimpArgs false`
warning: RootedM4/CoverChecks/C_k8_c260.lean:16:51: This simp argument is unused:
  Bool.and_self

Hint: Omit it from the simp argument list.
  simp only [List.all_append, k8_c260_b0_ok,̵ ̵B̵o̵o̵l̵.̵a̵n̵d̵_̵s̵e̵l̵f̵]

Note: This linter can be disabled with `set_option linter.unusedSimpArgs false`
info: RootedM4/CoverChecks/C_k8_c260.lean:19:0: 'SB.Rooted.M4.CoverData.k8_c260_ok' depends on axioms: [propext, Classical.choice, Quot.sound]
⚠ [8678/8836] Replayed RootedM4.CoverChecks.C_k8_c305
warning: RootedM4/CoverChecks/C_k8_c305.lean:15:19: This simp argument is unused:
  List.all_append

Hint: Omit it from the simp argument list.
  simp only [L̵i̵s̵t̵.̵a̵l̵l̵_̵a̵p̵p̵e̵n̵d̵,̵ ̵k8_c305_p0_ok, Bool.and_self]

Note: This linter can be disabled with `set_option linter.unusedSimpArgs false`
warning: RootedM4/CoverChecks/C_k8_c305.lean:15:51: This simp argument is unused:
  Bool.and_self

Hint: Omit it from the simp argument list.
  simp only [List.all_append, k8_c305_p0_ok,̵ ̵B̵o̵o̵l̵.̵a̵n̵d̵_̵s̵e̵l̵f̵]

Note: This linter can be disabled with `set_option linter.unusedSimpArgs false`
warning: RootedM4/CoverChecks/C_k8_c305.lean:16:19: This simp argument is unused:
  List.all_append

Hint: Omit it from the simp argument list.
  simp only [L̵i̵s̵t̵.̵a̵l̵l̵_̵a̵p̵p̵e̵n̵d̵,̵ ̵k8_c305_b0_ok, Bool.and_self]

Note: This linter can be disabled with `set_option linter.unusedSimpArgs false`
warning: RootedM4/CoverChecks/C_k8_c305.lean:16:51: This simp argument is unused:
  Bool.and_self

Hint: Omit it from the simp argument list.
  simp only [List.all_append, k8_c305_b0_ok,̵ ̵B̵o̵o̵l̵.̵a̵n̵d̵_̵s̵e̵l̵f̵]

Note: This linter can be disabled with `set_option linter.unusedSimpArgs false`
info: RootedM4/CoverChecks/C_k8_c305.lean:19:0: 'SB.Rooted.M4.CoverData.k8_c305_ok' depends on axioms: [propext, Classical.choice, Quot.sound]
⚠ [8679/8836] Replayed RootedM4.CoverChecks.C_k8_c314
warning: RootedM4/CoverChecks/C_k8_c314.lean:15:19: This simp argument is unused:
  List.all_append

Hint: Omit it from the simp argument list.
  simp only [L̵i̵s̵t̵.̵a̵l̵l̵_̵a̵p̵p̵e̵n̵d̵,̵ ̵k8_c314_p0_ok, Bool.and_self]

Note: This linter can be disabled with `set_option linter.unusedSimpArgs false`
warning: RootedM4/CoverChecks/C_k8_c314.lean:15:51: This simp argument is unused:
  Bool.and_self

Hint: Omit it from the simp argument list.
  simp only [List.all_append, k8_c314_p0_ok,̵ ̵B̵o̵o̵l̵.̵a̵n̵d̵_̵s̵e̵l̵f̵]

Note: This linter can be disabled with `set_option linter.unusedSimpArgs false`
warning: RootedM4/CoverChecks/C_k8_c314.lean:16:19: This simp argument is unused:
  List.all_append

Hint: Omit it from the simp argument list.
  simp only [L̵i̵s̵t̵.̵a̵l̵l̵_̵a̵p̵p̵e̵n̵d̵,̵ ̵k8_c314_b0_ok, Bool.and_self]

Note: This linter can be disabled with `set_option linter.unusedSimpArgs false`
warning: RootedM4/CoverChecks/C_k8_c314.lean:16:51: This simp argument is unused:
  Bool.and_self

Hint: Omit it from the simp argument list.
  simp only [List.all_append, k8_c314_b0_ok,̵ ̵B̵o̵o̵l̵.̵a̵n̵d̵_̵s̵e̵l̵f̵]

Note: This linter can be disabled with `set_option linter.unusedSimpArgs false`
info: RootedM4/CoverChecks/C_k8_c314.lean:19:0: 'SB.Rooted.M4.CoverData.k8_c314_ok' depends on axioms: [propext, Classical.choice, Quot.sound]
⚠ [8680/8836] Replayed RootedM4.CoverChecks.C_k8_c323
warning: RootedM4/CoverChecks/C_k8_c323.lean:16:19: This simp argument is unused:
  List.all_append

Hint: Omit it from the simp argument list.
  simp only [L̵i̵s̵t̵.̵a̵l̵l̵_̵a̵p̵p̵e̵n̵d̵,̵ ̵k8_c323_p0_ok, Bool.and_self]

Note: This linter can be disabled with `set_option linter.unusedSimpArgs false`
warning: RootedM4/CoverChecks/C_k8_c323.lean:16:51: This simp argument is unused:
  Bool.and_self

Hint: Omit it from the simp argument list.
  simp only [List.all_append, k8_c323_p0_ok,̵ ̵B̵o̵o̵l̵.̵a̵n̵d̵_̵s̵e̵l̵f̵]

Note: This linter can be disabled with `set_option linter.unusedSimpArgs false`
info: RootedM4/CoverChecks/C_k8_c323.lean:20:0: 'SB.Rooted.M4.CoverData.k8_c323_ok' depends on axioms: [propext, Classical.choice, Quot.sound]
⚠ [8681/8836] Replayed RootedM4.CoverChecks.C_k8_c332
warning: RootedM4/CoverChecks/C_k8_c332.lean:15:19: This simp argument is unused:
  List.all_append

Hint: Omit it from the simp argument list.
  simp only [L̵i̵s̵t̵.̵a̵l̵l̵_̵a̵p̵p̵e̵n̵d̵,̵ ̵k8_c332_p0_ok, Bool.and_self]

Note: This linter can be disabled with `set_option linter.unusedSimpArgs false`
warning: RootedM4/CoverChecks/C_k8_c332.lean:15:51: This simp argument is unused:
  Bool.and_self

Hint: Omit it from the simp argument list.
  simp only [List.all_append, k8_c332_p0_ok,̵ ̵B̵o̵o̵l̵.̵a̵n̵d̵_̵s̵e̵l̵f̵]

Note: This linter can be disabled with `set_option linter.unusedSimpArgs false`
warning: RootedM4/CoverChecks/C_k8_c332.lean:16:19: This simp argument is unused:
  List.all_append

Hint: Omit it from the simp argument list.
  simp only [L̵i̵s̵t̵.̵a̵l̵l̵_̵a̵p̵p̵e̵n̵d̵,̵ ̵k8_c332_b0_ok, Bool.and_self]

Note: This linter can be disabled with `set_option linter.unusedSimpArgs false`
warning: RootedM4/CoverChecks/C_k8_c332.lean:16:51: This simp argument is unused:
  Bool.and_self

Hint: Omit it from the simp argument list.
  simp only [List.all_append, k8_c332_b0_ok,̵ ̵B̵o̵o̵l̵.̵a̵n̵d̵_̵s̵e̵l̵f̵]

Note: This linter can be disabled with `set_option linter.unusedSimpArgs false`
info: RootedM4/CoverChecks/C_k8_c332.lean:19:0: 'SB.Rooted.M4.CoverData.k8_c332_ok' depends on axioms: [propext, Classical.choice, Quot.sound]
⚠ [8682/8836] Replayed RootedM4.CoverChecks.C_k8_c341
warning: RootedM4/CoverChecks/C_k8_c341.lean:15:19: This simp argument is unused:
  List.all_append

Hint: Omit it from the simp argument list.
  simp only [L̵i̵s̵t̵.̵a̵l̵l̵_̵a̵p̵p̵e̵n̵d̵,̵ ̵k8_c341_p0_ok, Bool.and_self]

Note: This linter can be disabled with `set_option linter.unusedSimpArgs false`
warning: RootedM4/CoverChecks/C_k8_c341.lean:15:51: This simp argument is unused:
  Bool.and_self

Hint: Omit it from the simp argument list.
  simp only [List.all_append, k8_c341_p0_ok,̵ ̵B̵o̵o̵l̵.̵a̵n̵d̵_̵s̵e̵l̵f̵]

Note: This linter can be disabled with `set_option linter.unusedSimpArgs false`
warning: RootedM4/CoverChecks/C_k8_c341.lean:16:19: This simp argument is unused:
  List.all_append

Hint: Omit it from the simp argument list.
  simp only [L̵i̵s̵t̵.̵a̵l̵l̵_̵a̵p̵p̵e̵n̵d̵,̵ ̵k8_c341_b0_ok, Bool.and_self]

Note: This linter can be disabled with `set_option linter.unusedSimpArgs false`
warning: RootedM4/CoverChecks/C_k8_c341.lean:16:51: This simp argument is unused:
  Bool.and_self

Hint: Omit it from the simp argument list.
  simp only [List.all_append, k8_c341_b0_ok,̵ ̵B̵o̵o̵l̵.̵a̵n̵d̵_̵s̵e̵l̵f̵]

Note: This linter can be disabled with `set_option linter.unusedSimpArgs false`
info: RootedM4/CoverChecks/C_k8_c341.lean:19:0: 'SB.Rooted.M4.CoverData.k8_c341_ok' depends on axioms: [propext, Classical.choice, Quot.sound]
⚠ [8683/8836] Replayed RootedM4.CoverChecks.C_k8_c350
warning: RootedM4/CoverChecks/C_k8_c350.lean:15:19: This simp argument is unused:
  List.all_append

Hint: Omit it from the simp argument list.
  simp only [L̵i̵s̵t̵.̵a̵l̵l̵_̵a̵p̵p̵e̵n̵d̵,̵ ̵k8_c350_p0_ok, Bool.and_self]

Note: This linter can be disabled with `set_option linter.unusedSimpArgs false`
warning: RootedM4/CoverChecks/C_k8_c350.lean:15:51: This simp argument is unused:
  Bool.and_self

Hint: Omit it from the simp argument list.
  simp only [List.all_append, k8_c350_p0_ok,̵ ̵B̵o̵o̵l̵.̵a̵n̵d̵_̵s̵e̵l̵f̵]

Note: This linter can be disabled with `set_option linter.unusedSimpArgs false`
warning: RootedM4/CoverChecks/C_k8_c350.lean:16:19: This simp argument is unused:
  List.all_append

Hint: Omit it from the simp argument list.
  simp only [L̵i̵s̵t̵.̵a̵l̵l̵_̵a̵p̵p̵e̵n̵d̵,̵ ̵k8_c350_b0_ok, Bool.and_self]

Note: This linter can be disabled with `set_option linter.unusedSimpArgs false`
warning: RootedM4/CoverChecks/C_k8_c350.lean:16:51: This simp argument is unused:
  Bool.and_self

Hint: Omit it from the simp argument list.
  simp only [List.all_append, k8_c350_b0_ok,̵ ̵B̵o̵o̵l̵.̵a̵n̵d̵_̵s̵e̵l̵f̵]

Note: This linter can be disabled with `set_option linter.unusedSimpArgs false`
info: RootedM4/CoverChecks/C_k8_c350.lean:19:0: 'SB.Rooted.M4.CoverData.k8_c350_ok' depends on axioms: [propext, Classical.choice, Quot.sound]
⚠ [8684/8836] Replayed RootedM4.CoverChecks.C_k8_c404
warning: RootedM4/CoverChecks/C_k8_c404.lean:15:19: This simp argument is unused:
  List.all_append

Hint: Omit it from the simp argument list.
  simp only [L̵i̵s̵t̵.̵a̵l̵l̵_̵a̵p̵p̵e̵n̵d̵,̵ ̵k8_c404_p0_ok, Bool.and_self]

Note: This linter can be disabled with `set_option linter.unusedSimpArgs false`
warning: RootedM4/CoverChecks/C_k8_c404.lean:15:51: This simp argument is unused:
  Bool.and_self

Hint: Omit it from the simp argument list.
  simp only [List.all_append, k8_c404_p0_ok,̵ ̵B̵o̵o̵l̵.̵a̵n̵d̵_̵s̵e̵l̵f̵]

Note: This linter can be disabled with `set_option linter.unusedSimpArgs false`
warning: RootedM4/CoverChecks/C_k8_c404.lean:16:19: This simp argument is unused:
  List.all_append

Hint: Omit it from the simp argument list.
  simp only [L̵i̵s̵t̵.̵a̵l̵l̵_̵a̵p̵p̵e̵n̵d̵,̵ ̵k8_c404_b0_ok, Bool.and_self]

Note: This linter can be disabled with `set_option linter.unusedSimpArgs false`
warning: RootedM4/CoverChecks/C_k8_c404.lean:16:51: This simp argument is unused:
  Bool.and_self

Hint: Omit it from the simp argument list.
  simp only [List.all_append, k8_c404_b0_ok,̵ ̵B̵o̵o̵l̵.̵a̵n̵d̵_̵s̵e̵l̵f̵]

Note: This linter can be disabled with `set_option linter.unusedSimpArgs false`
info: RootedM4/CoverChecks/C_k8_c404.lean:19:0: 'SB.Rooted.M4.CoverData.k8_c404_ok' depends on axioms: [propext, Classical.choice, Quot.sound]
⚠ [8685/8836] Replayed RootedM4.CoverChecks.C_k8_c413
warning: RootedM4/CoverChecks/C_k8_c413.lean:15:19: This simp argument is unused:
  List.all_append

Hint: Omit it from the simp argument list.
  simp only [L̵i̵s̵t̵.̵a̵l̵l̵_̵a̵p̵p̵e̵n̵d̵,̵ ̵k8_c413_p0_ok, Bool.and_self]

Note: This linter can be disabled with `set_option linter.unusedSimpArgs false`
warning: RootedM4/CoverChecks/C_k8_c413.lean:15:51: This simp argument is unused:
  Bool.and_self

Hint: Omit it from the simp argument list.
  simp only [List.all_append, k8_c413_p0_ok,̵ ̵B̵o̵o̵l̵.̵a̵n̵d̵_̵s̵e̵l̵f̵]

Note: This linter can be disabled with `set_option linter.unusedSimpArgs false`
warning: RootedM4/CoverChecks/C_k8_c413.lean:16:19: This simp argument is unused:
  List.all_append

Hint: Omit it from the simp argument list.
  simp only [L̵i̵s̵t̵.̵a̵l̵l̵_̵a̵p̵p̵e̵n̵d̵,̵ ̵k8_c413_b0_ok, Bool.and_self]

Note: This linter can be disabled with `set_option linter.unusedSimpArgs false`
warning: RootedM4/CoverChecks/C_k8_c413.lean:16:51: This simp argument is unused:
  Bool.and_self

Hint: Omit it from the simp argument list.
  simp only [List.all_append, k8_c413_b0_ok,̵ ̵B̵o̵o̵l̵.̵a̵n̵d̵_̵s̵e̵l̵f̵]

Note: This linter can be disabled with `set_option linter.unusedSimpArgs false`
info: RootedM4/CoverChecks/C_k8_c413.lean:19:0: 'SB.Rooted.M4.CoverData.k8_c413_ok' depends on axioms: [propext, Classical.choice, Quot.sound]
⚠ [8686/8836] Replayed RootedM4.CoverChecks.C_k8_c422
warning: RootedM4/CoverChecks/C_k8_c422.lean:15:19: This simp argument is unused:
  List.all_append

Hint: Omit it from the simp argument list.
  simp only [L̵i̵s̵t̵.̵a̵l̵l̵_̵a̵p̵p̵e̵n̵d̵,̵ ̵k8_c422_p0_ok, Bool.and_self]

Note: This linter can be disabled with `set_option linter.unusedSimpArgs false`
warning: RootedM4/CoverChecks/C_k8_c422.lean:15:51: This simp argument is unused:
  Bool.and_self

Hint: Omit it from the simp argument list.
  simp only [List.all_append, k8_c422_p0_ok,̵ ̵B̵o̵o̵l̵.̵a̵n̵d̵_̵s̵e̵l̵f̵]

Note: This linter can be disabled with `set_option linter.unusedSimpArgs false`
warning: RootedM4/CoverChecks/C_k8_c422.lean:16:19: This simp argument is unused:
  List.all_append

Hint: Omit it from the simp argument list.
  simp only [L̵i̵s̵t̵.̵a̵l̵l̵_̵a̵p̵p̵e̵n̵d̵,̵ ̵k8_c422_b0_ok, Bool.and_self]

Note: This linter can be disabled with `set_option linter.unusedSimpArgs false`
warning: RootedM4/CoverChecks/C_k8_c422.lean:16:51: This simp argument is unused:
  Bool.and_self

Hint: Omit it from the simp argument list.
  simp only [List.all_append, k8_c422_b0_ok,̵ ̵B̵o̵o̵l̵.̵a̵n̵d̵_̵s̵e̵l̵f̵]

Note: This linter can be disabled with `set_option linter.unusedSimpArgs false`
info: RootedM4/CoverChecks/C_k8_c422.lean:19:0: 'SB.Rooted.M4.CoverData.k8_c422_ok' depends on axioms: [propext, Classical.choice, Quot.sound]
⚠ [8687/8836] Replayed RootedM4.CoverChecks.C_k8_c431
warning: RootedM4/CoverChecks/C_k8_c431.lean:15:19: This simp argument is unused:
  List.all_append

Hint: Omit it from the simp argument list.
  simp only [L̵i̵s̵t̵.̵a̵l̵l̵_̵a̵p̵p̵e̵n̵d̵,̵ ̵k8_c431_p0_ok, Bool.and_self]

Note: This linter can be disabled with `set_option linter.unusedSimpArgs false`
warning: RootedM4/CoverChecks/C_k8_c431.lean:15:51: This simp argument is unused:
  Bool.and_self

Hint: Omit it from the simp argument list.
  simp only [List.all_append, k8_c431_p0_ok,̵ ̵B̵o̵o̵l̵.̵a̵n̵d̵_̵s̵e̵l̵f̵]

Note: This linter can be disabled with `set_option linter.unusedSimpArgs false`
warning: RootedM4/CoverChecks/C_k8_c431.lean:16:19: This simp argument is unused:
  List.all_append

Hint: Omit it from the simp argument list.
  simp only [L̵i̵s̵t̵.̵a̵l̵l̵_̵a̵p̵p̵e̵n̵d̵,̵ ̵k8_c431_b0_ok, Bool.and_self]

Note: This linter can be disabled with `set_option linter.unusedSimpArgs false`
warning: RootedM4/CoverChecks/C_k8_c431.lean:16:51: This simp argument is unused:
  Bool.and_self

Hint: Omit it from the simp argument list.
  simp only [List.all_append, k8_c431_b0_ok,̵ ̵B̵o̵o̵l̵.̵a̵n̵d̵_̵s̵e̵l̵f̵]

Note: This linter can be disabled with `set_option linter.unusedSimpArgs false`
info: RootedM4/CoverChecks/C_k8_c431.lean:19:0: 'SB.Rooted.M4.CoverData.k8_c431_ok' depends on axioms: [propext, Classical.choice, Quot.sound]
⚠ [8688/8836] Replayed RootedM4.CoverChecks.C_k8_c440
warning: RootedM4/CoverChecks/C_k8_c440.lean:15:19: This simp argument is unused:
  List.all_append

Hint: Omit it from the simp argument list.
  simp only [L̵i̵s̵t̵.̵a̵l̵l̵_̵a̵p̵p̵e̵n̵d̵,̵ ̵k8_c440_p0_ok, Bool.and_self]

Note: This linter can be disabled with `set_option linter.unusedSimpArgs false`
warning: RootedM4/CoverChecks/C_k8_c440.lean:15:51: This simp argument is unused:
  Bool.and_self

Hint: Omit it from the simp argument list.
  simp only [List.all_append, k8_c440_p0_ok,̵ ̵B̵o̵o̵l̵.̵a̵n̵d̵_̵s̵e̵l̵f̵]

Note: This linter can be disabled with `set_option linter.unusedSimpArgs false`
warning: RootedM4/CoverChecks/C_k8_c440.lean:16:19: This simp argument is unused:
  List.all_append

Hint: Omit it from the simp argument list.
  simp only [L̵i̵s̵t̵.̵a̵l̵l̵_̵a̵p̵p̵e̵n̵d̵,̵ ̵k8_c440_b0_ok, Bool.and_self]

Note: This linter can be disabled with `set_option linter.unusedSimpArgs false`
warning: RootedM4/CoverChecks/C_k8_c440.lean:16:51: This simp argument is unused:
  Bool.and_self

Hint: Omit it from the simp argument list.
  simp only [List.all_append, k8_c440_b0_ok,̵ ̵B̵o̵o̵l̵.̵a̵n̵d̵_̵s̵e̵l̵f̵]

Note: This linter can be disabled with `set_option linter.unusedSimpArgs false`
info: RootedM4/CoverChecks/C_k8_c440.lean:19:0: 'SB.Rooted.M4.CoverData.k8_c440_ok' depends on axioms: [propext, Classical.choice, Quot.sound]
⚠ [8689/8836] Replayed RootedM4.CoverChecks.C_k8_c503
warning: RootedM4/CoverChecks/C_k8_c503.lean:15:19: This simp argument is unused:
  List.all_append

Hint: Omit it from the simp argument list.
  simp only [L̵i̵s̵t̵.̵a̵l̵l̵_̵a̵p̵p̵e̵n̵d̵,̵ ̵k8_c503_p0_ok, Bool.and_self]

Note: This linter can be disabled with `set_option linter.unusedSimpArgs false`
warning: RootedM4/CoverChecks/C_k8_c503.lean:15:51: This simp argument is unused:
  Bool.and_self

Hint: Omit it from the simp argument list.
  simp only [List.all_append, k8_c503_p0_ok,̵ ̵B̵o̵o̵l̵.̵a̵n̵d̵_̵s̵e̵l̵f̵]

Note: This linter can be disabled with `set_option linter.unusedSimpArgs false`
warning: RootedM4/CoverChecks/C_k8_c503.lean:16:19: This simp argument is unused:
  List.all_append

Hint: Omit it from the simp argument list.
  simp only [L̵i̵s̵t̵.̵a̵l̵l̵_̵a̵p̵p̵e̵n̵d̵,̵ ̵k8_c503_b0_ok, Bool.and_self]

Note: This linter can be disabled with `set_option linter.unusedSimpArgs false`
warning: RootedM4/CoverChecks/C_k8_c503.lean:16:51: This simp argument is unused:
  Bool.and_self

Hint: Omit it from the simp argument list.
  simp only [List.all_append, k8_c503_b0_ok,̵ ̵B̵o̵o̵l̵.̵a̵n̵d̵_̵s̵e̵l̵f̵]

Note: This linter can be disabled with `set_option linter.unusedSimpArgs false`
info: RootedM4/CoverChecks/C_k8_c503.lean:19:0: 'SB.Rooted.M4.CoverData.k8_c503_ok' depends on axioms: [propext, Classical.choice, Quot.sound]
⚠ [8690/8836] Replayed RootedM4.CoverChecks.C_k8_c512
warning: RootedM4/CoverChecks/C_k8_c512.lean:15:19: This simp argument is unused:
  List.all_append

Hint: Omit it from the simp argument list.
  simp only [L̵i̵s̵t̵.̵a̵l̵l̵_̵a̵p̵p̵e̵n̵d̵,̵ ̵k8_c512_p0_ok, Bool.and_self]

Note: This linter can be disabled with `set_option linter.unusedSimpArgs false`
warning: RootedM4/CoverChecks/C_k8_c512.lean:15:51: This simp argument is unused:
  Bool.and_self

Hint: Omit it from the simp argument list.
  simp only [List.all_append, k8_c512_p0_ok,̵ ̵B̵o̵o̵l̵.̵a̵n̵d̵_̵s̵e̵l̵f̵]

Note: This linter can be disabled with `set_option linter.unusedSimpArgs false`
warning: RootedM4/CoverChecks/C_k8_c512.lean:16:19: This simp argument is unused:
  List.all_append

Hint: Omit it from the simp argument list.
  simp only [L̵i̵s̵t̵.̵a̵l̵l̵_̵a̵p̵p̵e̵n̵d̵,̵ ̵k8_c512_b0_ok, Bool.and_self]

Note: This linter can be disabled with `set_option linter.unusedSimpArgs false`
warning: RootedM4/CoverChecks/C_k8_c512.lean:16:51: This simp argument is unused:
  Bool.and_self

Hint: Omit it from the simp argument list.
  simp only [List.all_append, k8_c512_b0_ok,̵ ̵B̵o̵o̵l̵.̵a̵n̵d̵_̵s̵e̵l̵f̵]

Note: This linter can be disabled with `set_option linter.unusedSimpArgs false`
info: RootedM4/CoverChecks/C_k8_c512.lean:19:0: 'SB.Rooted.M4.CoverData.k8_c512_ok' depends on axioms: [propext, Classical.choice, Quot.sound]
⚠ [8691/8836] Replayed RootedM4.CoverChecks.C_k8_c521
warning: RootedM4/CoverChecks/C_k8_c521.lean:15:19: This simp argument is unused:
  List.all_append

Hint: Omit it from the simp argument list.
  simp only [L̵i̵s̵t̵.̵a̵l̵l̵_̵a̵p̵p̵e̵n̵d̵,̵ ̵k8_c521_p0_ok, Bool.and_self]

Note: This linter can be disabled with `set_option linter.unusedSimpArgs false`
warning: RootedM4/CoverChecks/C_k8_c521.lean:15:51: This simp argument is unused:
  Bool.and_self

Hint: Omit it from the simp argument list.
  simp only [List.all_append, k8_c521_p0_ok,̵ ̵B̵o̵o̵l̵.̵a̵n̵d̵_̵s̵e̵l̵f̵]

Note: This linter can be disabled with `set_option linter.unusedSimpArgs false`
warning: RootedM4/CoverChecks/C_k8_c521.lean:16:19: This simp argument is unused:
  List.all_append

Hint: Omit it from the simp argument list.
  simp only [L̵i̵s̵t̵.̵a̵l̵l̵_̵a̵p̵p̵e̵n̵d̵,̵ ̵k8_c521_b0_ok, Bool.and_self]

Note: This linter can be disabled with `set_option linter.unusedSimpArgs false`
warning: RootedM4/CoverChecks/C_k8_c521.lean:16:51: This simp argument is unused:
  Bool.and_self

Hint: Omit it from the simp argument list.
  simp only [List.all_append, k8_c521_b0_ok,̵ ̵B̵o̵o̵l̵.̵a̵n̵d̵_̵s̵e̵l̵f̵]

Note: This linter can be disabled with `set_option linter.unusedSimpArgs false`
info: RootedM4/CoverChecks/C_k8_c521.lean:19:0: 'SB.Rooted.M4.CoverData.k8_c521_ok' depends on axioms: [propext, Classical.choice, Quot.sound]
⚠ [8692/8836] Replayed RootedM4.CoverChecks.C_k8_c530
warning: RootedM4/CoverChecks/C_k8_c530.lean:15:19: This simp argument is unused:
  List.all_append

Hint: Omit it from the simp argument list.
  simp only [L̵i̵s̵t̵.̵a̵l̵l̵_̵a̵p̵p̵e̵n̵d̵,̵ ̵k8_c530_p0_ok, Bool.and_self]

Note: This linter can be disabled with `set_option linter.unusedSimpArgs false`
warning: RootedM4/CoverChecks/C_k8_c530.lean:15:51: This simp argument is unused:
  Bool.and_self

Hint: Omit it from the simp argument list.
  simp only [List.all_append, k8_c530_p0_ok,̵ ̵B̵o̵o̵l̵.̵a̵n̵d̵_̵s̵e̵l̵f̵]

Note: This linter can be disabled with `set_option linter.unusedSimpArgs false`
warning: RootedM4/CoverChecks/C_k8_c530.lean:16:19: This simp argument is unused:
  List.all_append

Hint: Omit it from the simp argument list.
  simp only [L̵i̵s̵t̵.̵a̵l̵l̵_̵a̵p̵p̵e̵n̵d̵,̵ ̵k8_c530_b0_ok, Bool.and_self]

Note: This linter can be disabled with `set_option linter.unusedSimpArgs false`
warning: RootedM4/CoverChecks/C_k8_c530.lean:16:51: This simp argument is unused:
  Bool.and_self

Hint: Omit it from the simp argument list.
  simp only [List.all_append, k8_c530_b0_ok,̵ ̵B̵o̵o̵l̵.̵a̵n̵d̵_̵s̵e̵l̵f̵]

Note: This linter can be disabled with `set_option linter.unusedSimpArgs false`
info: RootedM4/CoverChecks/C_k8_c530.lean:19:0: 'SB.Rooted.M4.CoverData.k8_c530_ok' depends on axioms: [propext, Classical.choice, Quot.sound]
⚠ [8693/8836] Replayed RootedM4.CoverChecks.C_k8_c602
warning: RootedM4/CoverChecks/C_k8_c602.lean:15:19: This simp argument is unused:
  List.all_append

Hint: Omit it from the simp argument list.
  simp only [L̵i̵s̵t̵.̵a̵l̵l̵_̵a̵p̵p̵e̵n̵d̵,̵ ̵k8_c602_p0_ok, Bool.and_self]

Note: This linter can be disabled with `set_option linter.unusedSimpArgs false`
warning: RootedM4/CoverChecks/C_k8_c602.lean:15:51: This simp argument is unused:
  Bool.and_self

Hint: Omit it from the simp argument list.
  simp only [List.all_append, k8_c602_p0_ok,̵ ̵B̵o̵o̵l̵.̵a̵n̵d̵_̵s̵e̵l̵f̵]

Note: This linter can be disabled with `set_option linter.unusedSimpArgs false`
warning: RootedM4/CoverChecks/C_k8_c602.lean:16:19: This simp argument is unused:
  List.all_append

Hint: Omit it from the simp argument list.
  simp only [L̵i̵s̵t̵.̵a̵l̵l̵_̵a̵p̵p̵e̵n̵d̵,̵ ̵k8_c602_b0_ok, Bool.and_self]

Note: This linter can be disabled with `set_option linter.unusedSimpArgs false`
warning: RootedM4/CoverChecks/C_k8_c602.lean:16:51: This simp argument is unused:
  Bool.and_self

Hint: Omit it from the simp argument list.
  simp only [List.all_append, k8_c602_b0_ok,̵ ̵B̵o̵o̵l̵.̵a̵n̵d̵_̵s̵e̵l̵f̵]

Note: This linter can be disabled with `set_option linter.unusedSimpArgs false`
info: RootedM4/CoverChecks/C_k8_c602.lean:19:0: 'SB.Rooted.M4.CoverData.k8_c602_ok' depends on axioms: [propext, Classical.choice, Quot.sound]
⚠ [8694/8836] Replayed RootedM4.CoverChecks.C_k8_c611
warning: RootedM4/CoverChecks/C_k8_c611.lean:15:19: This simp argument is unused:
  List.all_append

Hint: Omit it from the simp argument list.
  simp only [L̵i̵s̵t̵.̵a̵l̵l̵_̵a̵p̵p̵e̵n̵d̵,̵ ̵k8_c611_p0_ok, Bool.and_self]

Note: This linter can be disabled with `set_option linter.unusedSimpArgs false`
warning: RootedM4/CoverChecks/C_k8_c611.lean:15:51: This simp argument is unused:
  Bool.and_self

Hint: Omit it from the simp argument list.
  simp only [List.all_append, k8_c611_p0_ok,̵ ̵B̵o̵o̵l̵.̵a̵n̵d̵_̵s̵e̵l̵f̵]

Note: This linter can be disabled with `set_option linter.unusedSimpArgs false`
warning: RootedM4/CoverChecks/C_k8_c611.lean:16:19: This simp argument is unused:
  List.all_append

Hint: Omit it from the simp argument list.
  simp only [L̵i̵s̵t̵.̵a̵l̵l̵_̵a̵p̵p̵e̵n̵d̵,̵ ̵k8_c611_b0_ok, Bool.and_self]

Note: This linter can be disabled with `set_option linter.unusedSimpArgs false`
warning: RootedM4/CoverChecks/C_k8_c611.lean:16:51: This simp argument is unused:
  Bool.and_self

Hint: Omit it from the simp argument list.
  simp only [List.all_append, k8_c611_b0_ok,̵ ̵B̵o̵o̵l̵.̵a̵n̵d̵_̵s̵e̵l̵f̵]

Note: This linter can be disabled with `set_option linter.unusedSimpArgs false`
info: RootedM4/CoverChecks/C_k8_c611.lean:19:0: 'SB.Rooted.M4.CoverData.k8_c611_ok' depends on axioms: [propext, Classical.choice, Quot.sound]
⚠ [8695/8836] Replayed RootedM4.CoverChecks.C_k8_c620
warning: RootedM4/CoverChecks/C_k8_c620.lean:15:19: This simp argument is unused:
  List.all_append

Hint: Omit it from the simp argument list.
  simp only [L̵i̵s̵t̵.̵a̵l̵l̵_̵a̵p̵p̵e̵n̵d̵,̵ ̵k8_c620_p0_ok, Bool.and_self]

Note: This linter can be disabled with `set_option linter.unusedSimpArgs false`
warning: RootedM4/CoverChecks/C_k8_c620.lean:15:51: This simp argument is unused:
  Bool.and_self

Hint: Omit it from the simp argument list.
  simp only [List.all_append, k8_c620_p0_ok,̵ ̵B̵o̵o̵l̵.̵a̵n̵d̵_̵s̵e̵l̵f̵]

Note: This linter can be disabled with `set_option linter.unusedSimpArgs false`
warning: RootedM4/CoverChecks/C_k8_c620.lean:16:19: This simp argument is unused:
  List.all_append

Hint: Omit it from the simp argument list.
  simp only [L̵i̵s̵t̵.̵a̵l̵l̵_̵a̵p̵p̵e̵n̵d̵,̵ ̵k8_c620_b0_ok, Bool.and_self]

Note: This linter can be disabled with `set_option linter.unusedSimpArgs false`
warning: RootedM4/CoverChecks/C_k8_c620.lean:16:51: This simp argument is unused:
  Bool.and_self

Hint: Omit it from the simp argument list.
  simp only [List.all_append, k8_c620_b0_ok,̵ ̵B̵o̵o̵l̵.̵a̵n̵d̵_̵s̵e̵l̵f̵]

Note: This linter can be disabled with `set_option linter.unusedSimpArgs false`
info: RootedM4/CoverChecks/C_k8_c620.lean:19:0: 'SB.Rooted.M4.CoverData.k8_c620_ok' depends on axioms: [propext, Classical.choice, Quot.sound]
⚠ [8696/8836] Replayed RootedM4.CoverChecks.C_k9_c090
warning: RootedM4/CoverChecks/C_k9_c090.lean:15:19: This simp argument is unused:
  List.all_append

Hint: Omit it from the simp argument list.
  simp only [L̵i̵s̵t̵.̵a̵l̵l̵_̵a̵p̵p̵e̵n̵d̵,̵ ̵k9_c090_p0_ok, Bool.and_self]

Note: This linter can be disabled with `set_option linter.unusedSimpArgs false`
warning: RootedM4/CoverChecks/C_k9_c090.lean:15:51: This simp argument is unused:
  Bool.and_self

Hint: Omit it from the simp argument list.
  simp only [List.all_append, k9_c090_p0_ok,̵ ̵B̵o̵o̵l̵.̵a̵n̵d̵_̵s̵e̵l̵f̵]

Note: This linter can be disabled with `set_option linter.unusedSimpArgs false`
warning: RootedM4/CoverChecks/C_k9_c090.lean:16:19: This simp argument is unused:
  List.all_append

Hint: Omit it from the simp argument list.
  simp only [L̵i̵s̵t̵.̵a̵l̵l̵_̵a̵p̵p̵e̵n̵d̵,̵ ̵k9_c090_b0_ok, Bool.and_self]

Note: This linter can be disabled with `set_option linter.unusedSimpArgs false`
warning: RootedM4/CoverChecks/C_k9_c090.lean:16:51: This simp argument is unused:
  Bool.and_self

Hint: Omit it from the simp argument list.
  simp only [List.all_append, k9_c090_b0_ok,̵ ̵B̵o̵o̵l̵.̵a̵n̵d̵_̵s̵e̵l̵f̵]

Note: This linter can be disabled with `set_option linter.unusedSimpArgs false`
info: RootedM4/CoverChecks/C_k9_c090.lean:19:0: 'SB.Rooted.M4.CoverData.k9_c090_ok' depends on axioms: [propext, Classical.choice, Quot.sound]
⚠ [8697/8836] Replayed RootedM4.CoverAxiom
warning: RootedM4/CoverAxiom.lean:4:100: This line exceeds the 100 character limit, please shorten it!

Note: This linter can be disabled with `set_option linter.style.longLine false`
warning: RootedM4/CoverAxiom.lean:8:100: This line exceeds the 100 character limit, please shorten it!

Note: This linter can be disabled with `set_option linter.style.longLine false`
warning: RootedM4/CoverAxiom.lean:9:100: This line exceeds the 100 character limit, please shorten it!

Note: This linter can be disabled with `set_option linter.style.longLine false`
⚠ [8698/8836] Replayed RootedM5.Fam.W_k8_c125
warning: RootedM5/Fam/W_k8_c125.lean:10:100: This line exceeds the 100 character limit, please shorten it!

Note: This linter can be disabled with `set_option linter.style.longLine false`
warning: RootedM5/Fam/W_k8_c125.lean:15:2: The `show` tactic should only be used to indicate intermediate goal states for readability.
However, this tactic invocation changed the goal. Please use `change` instead for these purposes.

Note: This linter can be disabled with `set_option linter.style.show false`
⚠ [8699/8836] Replayed RootedM5.Fam.W_k8_c206
warning: RootedM5/Fam/W_k8_c206.lean:16:13: This simp argument is unused:
  chunkLW_append

Hint: Omit it from the simp argument list.
  simp only [̵c̵h̵u̵n̵k̵L̵W̵_̵a̵p̵p̵e̵n̵d̵,̵ ̵k̵8̵_̵c̵2̵0̵6̵_̵c̵k̵0̵]̵[̲k̲8̲_̲c̲2̲0̲6̲_̲c̲k̲0̲]̲

Note: This linter can be disabled with `set_option linter.unusedSimpArgs false`
warning: RootedM5/Fam/W_k8_c206.lean:12:2: The `show` tactic should only be used to indicate intermediate goal states for readability.
However, this tactic invocation changed the goal. Please use `change` instead for these purposes.

Note: This linter can be disabled with `set_option linter.style.show false`
⚠ [8700/8836] Replayed RootedM5.Fam.W_k8_c332
warning: RootedM5/Fam/W_k8_c332.lean:9:100: This line exceeds the 100 character limit, please shorten it!

Note: This linter can be disabled with `set_option linter.style.longLine false`
warning: RootedM5/Fam/W_k8_c332.lean:17:13: This simp argument is unused:
  chunkLW_append

Hint: Omit it from the simp argument list.
  simp only [̵c̵h̵u̵n̵k̵L̵W̵_̵a̵p̵p̵e̵n̵d̵,̵ ̵k̵8̵_̵c̵3̵3̵2̵_̵c̵k̵0̵]̵[̲k̲8̲_̲c̲3̲3̲2̲_̲c̲k̲0̲]̲

Note: This linter can be disabled with `set_option linter.unusedSimpArgs false`
warning: RootedM5/Fam/W_k8_c332.lean:13:2: The `show` tactic should only be used to indicate intermediate goal states for readability.
However, this tactic invocation changed the goal. Please use `change` instead for these purposes.

Note: This linter can be disabled with `set_option linter.style.show false`
⚠ [8701/8836] Replayed RootedM5.Fam.W_k8_c440
warning: RootedM5/Fam/W_k8_c440.lean:9:100: This line exceeds the 100 character limit, please shorten it!

Note: This linter can be disabled with `set_option linter.style.longLine false`
warning: RootedM5/Fam/W_k8_c440.lean:17:13: This simp argument is unused:
  chunkLW_append

Hint: Omit it from the simp argument list.
  simp only [̵c̵h̵u̵n̵k̵L̵W̵_̵a̵p̵p̵e̵n̵d̵,̵ ̵k̵8̵_̵c̵4̵4̵0̵_̵c̵k̵0̵]̵[̲k̲8̲_̲c̲4̲4̲0̲_̲c̲k̲0̲]̲

Note: This linter can be disabled with `set_option linter.unusedSimpArgs false`
warning: RootedM5/Fam/W_k8_c440.lean:13:2: The `show` tactic should only be used to indicate intermediate goal states for readability.
However, this tactic invocation changed the goal. Please use `change` instead for these purposes.

Note: This linter can be disabled with `set_option linter.style.show false`
⚠ [8702/8836] Replayed RootedM5.Fam.W_k8_c503
warning: RootedM5/Fam/W_k8_c503.lean:9:100: This line exceeds the 100 character limit, please shorten it!

Note: This linter can be disabled with `set_option linter.style.longLine false`
warning: RootedM5/Fam/W_k8_c503.lean:17:13: This simp argument is unused:
  chunkLW_append

Hint: Omit it from the simp argument list.
  simp only [̵c̵h̵u̵n̵k̵L̵W̵_̵a̵p̵p̵e̵n̵d̵,̵ ̵k̵8̵_̵c̵5̵0̵3̵_̵c̵k̵0̵]̵[̲k̲8̲_̲c̲5̲0̲3̲_̲c̲k̲0̲]̲

Note: This linter can be disabled with `set_option linter.unusedSimpArgs false`
warning: RootedM5/Fam/W_k8_c503.lean:13:2: The `show` tactic should only be used to indicate intermediate goal states for readability.
However, this tactic invocation changed the goal. Please use `change` instead for these purposes.

Note: This linter can be disabled with `set_option linter.style.show false`
⚠ [8703/8836] Replayed RootedM5.Fam.W_k8_c512
warning: RootedM5/Fam/W_k8_c512.lean:9:100: This line exceeds the 100 character limit, please shorten it!

Note: This linter can be disabled with `set_option linter.style.longLine false`
warning: RootedM5/Fam/W_k8_c512.lean:17:13: This simp argument is unused:
  chunkLW_append

Hint: Omit it from the simp argument list.
  simp only [̵c̵h̵u̵n̵k̵L̵W̵_̵a̵p̵p̵e̵n̵d̵,̵ ̵k̵8̵_̵c̵5̵1̵2̵_̵c̵k̵0̵]̵[̲k̲8̲_̲c̲5̲1̲2̲_̲c̲k̲0̲]̲

Note: This linter can be disabled with `set_option linter.unusedSimpArgs false`
warning: RootedM5/Fam/W_k8_c512.lean:13:2: The `show` tactic should only be used to indicate intermediate goal states for readability.
However, this tactic invocation changed the goal. Please use `change` instead for these purposes.

Note: This linter can be disabled with `set_option linter.style.show false`
⚠ [8704/8836] Replayed RootedM5.Fam.W_k8_c521
warning: RootedM5/Fam/W_k8_c521.lean:9:100: This line exceeds the 100 character limit, please shorten it!

Note: This linter can be disabled with `set_option linter.style.longLine false`
warning: RootedM5/Fam/W_k8_c521.lean:17:13: This simp argument is unused:
  chunkLW_append

Hint: Omit it from the simp argument list.
  simp only [̵c̵h̵u̵n̵k̵L̵W̵_̵a̵p̵p̵e̵n̵d̵,̵ ̵k̵8̵_̵c̵5̵2̵1̵_̵c̵k̵0̵]̵[̲k̲8̲_̲c̲5̲2̲1̲_̲c̲k̲0̲]̲

Note: This linter can be disabled with `set_option linter.unusedSimpArgs false`
warning: RootedM5/Fam/W_k8_c521.lean:13:2: The `show` tactic should only be used to indicate intermediate goal states for readability.
However, this tactic invocation changed the goal. Please use `change` instead for these purposes.

Note: This linter can be disabled with `set_option linter.style.show false`
⚠ [8705/8836] Replayed RootedM5.Fam.W_k8_c530
warning: RootedM5/Fam/W_k8_c530.lean:9:100: This line exceeds the 100 character limit, please shorten it!

Note: This linter can be disabled with `set_option linter.style.longLine false`
warning: RootedM5/Fam/W_k8_c530.lean:17:13: This simp argument is unused:
  chunkLW_append

Hint: Omit it from the simp argument list.
  simp only [̵c̵h̵u̵n̵k̵L̵W̵_̵a̵p̵p̵e̵n̵d̵,̵ ̵k̵8̵_̵c̵5̵3̵0̵_̵c̵k̵0̵]̵[̲k̲8̲_̲c̲5̲3̲0̲_̲c̲k̲0̲]̲

Note: This linter can be disabled with `set_option linter.unusedSimpArgs false`
warning: RootedM5/Fam/W_k8_c530.lean:13:2: The `show` tactic should only be used to indicate intermediate goal states for readability.
However, this tactic invocation changed the goal. Please use `change` instead for these purposes.

Note: This linter can be disabled with `set_option linter.style.show false`
⚠ [8706/8836] Replayed RootedM5.Fam.W_k8_c602
warning: RootedM5/Fam/W_k8_c602.lean:9:100: This line exceeds the 100 character limit, please shorten it!

Note: This linter can be disabled with `set_option linter.style.longLine false`
warning: RootedM5/Fam/W_k8_c602.lean:17:13: This simp argument is unused:
  chunkLW_append

Hint: Omit it from the simp argument list.
  simp only [̵c̵h̵u̵n̵k̵L̵W̵_̵a̵p̵p̵e̵n̵d̵,̵ ̵k̵8̵_̵c̵6̵0̵2̵_̵c̵k̵0̵]̵[̲k̲8̲_̲c̲6̲0̲2̲_̲c̲k̲0̲]̲

Note: This linter can be disabled with `set_option linter.unusedSimpArgs false`
warning: RootedM5/Fam/W_k8_c602.lean:13:2: The `show` tactic should only be used to indicate intermediate goal states for readability.
However, this tactic invocation changed the goal. Please use `change` instead for these purposes.

Note: This linter can be disabled with `set_option linter.style.show false`
⚠ [8707/8836] Replayed RootedM5.Fam.W_k8_c611
warning: RootedM5/Fam/W_k8_c611.lean:9:100: This line exceeds the 100 character limit, please shorten it!

Note: This linter can be disabled with `set_option linter.style.longLine false`
warning: RootedM5/Fam/W_k8_c611.lean:17:13: This simp argument is unused:
  chunkLW_append

Hint: Omit it from the simp argument list.
  simp only [̵c̵h̵u̵n̵k̵L̵W̵_̵a̵p̵p̵e̵n̵d̵,̵ ̵k̵8̵_̵c̵6̵1̵1̵_̵c̵k̵0̵]̵[̲k̲8̲_̲c̲6̲1̲1̲_̲c̲k̲0̲]̲

Note: This linter can be disabled with `set_option linter.unusedSimpArgs false`
warning: RootedM5/Fam/W_k8_c611.lean:13:2: The `show` tactic should only be used to indicate intermediate goal states for readability.
However, this tactic invocation changed the goal. Please use `change` instead for these purposes.

Note: This linter can be disabled with `set_option linter.style.show false`
⚠ [8708/8836] Replayed RootedM5.Fam.W_k8_c620
warning: RootedM5/Fam/W_k8_c620.lean:9:100: This line exceeds the 100 character limit, please shorten it!

Note: This linter can be disabled with `set_option linter.style.longLine false`
warning: RootedM5/Fam/W_k8_c620.lean:17:13: This simp argument is unused:
  chunkLW_append

Hint: Omit it from the simp argument list.
  simp only [̵c̵h̵u̵n̵k̵L̵W̵_̵a̵p̵p̵e̵n̵d̵,̵ ̵k̵8̵_̵c̵6̵2̵0̵_̵c̵k̵0̵]̵[̲k̲8̲_̲c̲6̲2̲0̲_̲c̲k̲0̲]̲

Note: This linter can be disabled with `set_option linter.unusedSimpArgs false`
warning: RootedM5/Fam/W_k8_c620.lean:13:2: The `show` tactic should only be used to indicate intermediate goal states for readability.
However, this tactic invocation changed the goal. Please use `change` instead for these purposes.

Note: This linter can be disabled with `set_option linter.style.show false`
⚠ [8709/8836] Replayed RootedM5.Fam.W_k9_c090
warning: RootedM5/Fam/W_k9_c090.lean:9:100: This line exceeds the 100 character limit, please shorten it!

Note: This linter can be disabled with `set_option linter.style.longLine false`
warning: RootedM5/Fam/W_k9_c090.lean:17:13: This simp argument is unused:
  chunkLW_append

Hint: Omit it from the simp argument list.
  simp only [̵c̵h̵u̵n̵k̵L̵W̵_̵a̵p̵p̵e̵n̵d̵,̵ ̵k̵9̵_̵c̵0̵9̵0̵_̵c̵k̵0̵]̵[̲k̲9̲_̲c̲0̲9̲0̲_̲c̲k̲0̲]̲

Note: This linter can be disabled with `set_option linter.unusedSimpArgs false`
warning: RootedM5/Fam/W_k9_c090.lean:13:2: The `show` tactic should only be used to indicate intermediate goal states for readability.
However, this tactic invocation changed the goal. Please use `change` instead for these purposes.

Note: This linter can be disabled with `set_option linter.style.show false`
⚠ [8710/8836] Replayed RootedM5.FamAll
warning: RootedM5/FamAll.lean:62:100: This line exceeds the 100 character limit, please shorten it!

Note: This linter can be disabled with `set_option linter.style.longLine false`
warning: RootedM5/FamAll.lean:232:100: This line exceeds the 100 character limit, please shorten it!

Note: This linter can be disabled with `set_option linter.style.longLine false`
warning: RootedM5/FamAll.lean:233:100: This line exceeds the 100 character limit, please shorten it!

Note: This linter can be disabled with `set_option linter.style.longLine false`
info: RootedM5/FamAll.lean:237:0: 'SB.Rooted.M5.famH_spec' depends on axioms: [propext, Classical.choice, Quot.sound]
⚠ [8711/8836] Replayed RootedM5.CheckDefs
warning: RootedM5/CheckDefs.lean:6:100: This line exceeds the 100 character limit, please shorten it!

Note: This linter can be disabled with `set_option linter.style.longLine false`
⚠ [8712/8836] Replayed RootedM4.CoverChecks.All
warning: RootedM4/CoverChecks/All.lean:64:100: This line exceeds the 100 character limit, please shorten it!

Note: This linter can be disabled with `set_option linter.style.longLine false`
info: RootedM4/CoverChecks/All.lean:120:0: 'SB.Rooted.M4.CoverData.allCerts_ok' depends on axioms: [propext, Classical.choice, Quot.sound]
⚠ [8713/8836] Replayed RootedM4.Census
warning: RootedM4/Census.lean:39:100: This line exceeds the 100 character limit, please shorten it!

Note: This linter can be disabled with `set_option linter.style.longLine false`
warning: RootedM4/Census.lean:55:100: This line exceeds the 100 character limit, please shorten it!

Note: This linter can be disabled with `set_option linter.style.longLine false`
warning: RootedM4/Census.lean:83:100: This line exceeds the 100 character limit, please shorten it!

Note: This linter can be disabled with `set_option linter.style.longLine false`
info: RootedM4/Census.lean:89:0: 'SB.Rooted.M4.CoverData.certOf_spec' depends on axioms: [propext, Classical.choice, Quot.sound]
info: RootedM4/Census.lean:90:0: 'SB.Rooted.M4.CoverData.censusCover_of_cubes' depends on axioms: [propext,
 Classical.choice,
 Quot.sound,
 SB.Rooted.M4.CoverData.cover_cakelpr]
info: RootedM4/Census.lean:91:0: 'SB.Rooted.M4.CoverData.no_good_K22_of_cubes' depends on axioms: [propext,
 Classical.choice,
 Quot.sound,
 SB.Rooted.M4.CoverData.cover_cakelpr]
warning: RootedM4/Census.lean:4:100: This line exceeds the 100 character limit, please shorten it!

Note: This linter can be disabled with `set_option linter.style.longLine false`
⚠ [8714/8836] Replayed RootedM5.Final
warning: RootedM5/Final.lean:22:100: This line exceeds the 100 character limit, please shorten it!

Note: This linter can be disabled with `set_option linter.style.longLine false`
warning: RootedM5/Final.lean:33:100: This line exceeds the 100 character limit, please shorten it!
You can use "string gaps" to format long strings: within a string quotation, using a '\' at the end of a line allows you to continue the string on the following line, removing all intervening whitespace.

Note: This linter can be disabled with `set_option linter.style.longLine false`
warning: RootedM5/Final.lean:45:100: This line exceeds the 100 character limit, please shorten it!

Note: This linter can be disabled with `set_option linter.style.longLine false`
warning: RootedM5/Final.lean:104:100: This line exceeds the 100 character limit, please shorten it!

Note: This linter can be disabled with `set_option linter.style.longLine false`
warning: RootedM5/Final.lean:112:100: This line exceeds the 100 character limit, please shorten it!

Note: This linter can be disabled with `set_option linter.style.longLine false`
warning: RootedM5/Final.lean:142:100: This line exceeds the 100 character limit, please shorten it!

Note: This linter can be disabled with `set_option linter.style.longLine false`
info: RootedM5/Final.lean:162:0: 'SB.Rooted.M5.hcubes_of' depends on axioms: [propext, Classical.choice, Quot.sound]
info: RootedM5/Final.lean:163:0: 'SB.Rooted.M5.hU_of' depends on axioms: [propext,
 Classical.choice,
 Quot.sound,
 SB.Rooted.M5.direct_cakelpr,
 SB.Rooted.M5.leaves_cakelpr]
info: RootedM5/Final.lean:164:0: 'SB.Rooted.M5.no_good_K22_of_pending' depends on axioms: [propext,
 Classical.choice,
 Quot.sound,
 SB.Rooted.M5.direct_cakelpr,
 SB.Rooted.M5.leaves_cakelpr,
 SB.Rooted.M4.CoverData.cover_cakelpr]
warning: RootedM5/Final.lean:7:100: This line exceeds the 100 character limit, please shorten it!

Note: This linter can be disabled with `set_option linter.style.longLine false`
warning: RootedM5/Final.lean:8:100: This line exceeds the 100 character limit, please shorten it!

Note: This linter can be disabled with `set_option linter.style.longLine false`
warning: RootedM5/Final.lean:9:100: This line exceeds the 100 character limit, please shorten it!

Note: This linter can be disabled with `set_option linter.style.longLine false`
⚠ [8726/8836] Replayed RootedM5.Checks.K00
warning: RootedM5/Checks/K00.lean:21:100: This line exceeds the 100 character limit, please shorten it!

Note: This linter can be disabled with `set_option linter.style.longLine false`
info: RootedM5/Checks/K00.lean:25:0: 'SB.Rooted.M5.Data.cases00_ok' depends on axioms: [propext]
warning: RootedM5/Checks/K00.lean:3:100: This line exceeds the 100 character limit, please shorten it!

Note: This linter can be disabled with `set_option linter.style.longLine false`
⚠ [8777/8836] Replayed RootedM5.Checks.K02
warning: RootedM5/Checks/K02.lean:38:100: This line exceeds the 100 character limit, please shorten it!

Note: This linter can be disabled with `set_option linter.style.longLine false`
info: RootedM5/Checks/K02.lean:42:0: 'SB.Rooted.M5.Data.cases02_ok' depends on axioms: [propext]
warning: RootedM5/Checks/K02.lean:3:100: This line exceeds the 100 character limit, please shorten it!

Note: This linter can be disabled with `set_option linter.style.longLine false`
⚠ [8796/8836] Replayed RootedM5.Checks.K03
warning: RootedM5/Checks/K03.lean:28:100: This line exceeds the 100 character limit, please shorten it!

Note: This linter can be disabled with `set_option linter.style.longLine false`
info: RootedM5/Checks/K03.lean:32:0: 'SB.Rooted.M5.Data.cases03_ok' depends on axioms: [propext]
warning: RootedM5/Checks/K03.lean:3:100: This line exceeds the 100 character limit, please shorten it!

Note: This linter can be disabled with `set_option linter.style.longLine false`
⚠ [8812/8836] Replayed RootedM5.Checks.K04
warning: RootedM5/Checks/K04.lean:25:100: This line exceeds the 100 character limit, please shorten it!

Note: This linter can be disabled with `set_option linter.style.longLine false`
info: RootedM5/Checks/K04.lean:29:0: 'SB.Rooted.M5.Data.cases04_ok' depends on axioms: [propext]
warning: RootedM5/Checks/K04.lean:3:100: This line exceeds the 100 character limit, please shorten it!

Note: This linter can be disabled with `set_option linter.style.longLine false`
⚠ [8821/8836] Replayed RootedM5.Checks.K05
warning: RootedM5/Checks/K05.lean:18:100: This line exceeds the 100 character limit, please shorten it!

Note: This linter can be disabled with `set_option linter.style.longLine false`
info: RootedM5/Checks/K05.lean:22:0: 'SB.Rooted.M5.Data.cases05_ok' depends on axioms: [propext]
warning: RootedM5/Checks/K05.lean:3:100: This line exceeds the 100 character limit, please shorten it!

Note: This linter can be disabled with `set_option linter.style.longLine false`
⚠ [8824/8836] Replayed RootedM5.Checks.K06
warning: RootedM5/Checks/K06.lean:12:100: This line exceeds the 100 character limit, please shorten it!

Note: This linter can be disabled with `set_option linter.style.longLine false`
info: RootedM5/Checks/K06.lean:16:0: 'SB.Rooted.M5.Data.cases06_ok' depends on axioms: [propext]
warning: RootedM5/Checks/K06.lean:3:100: This line exceeds the 100 character limit, please shorten it!

Note: This linter can be disabled with `set_option linter.style.longLine false`
⚠ [8827/8836] Replayed RootedM5.Checks.K07
warning: RootedM5/Checks/K07.lean:12:100: This line exceeds the 100 character limit, please shorten it!

Note: This linter can be disabled with `set_option linter.style.longLine false`
info: RootedM5/Checks/K07.lean:16:0: 'SB.Rooted.M5.Data.cases07_ok' depends on axioms: [propext]
warning: RootedM5/Checks/K07.lean:3:100: This line exceeds the 100 character limit, please shorten it!

Note: This linter can be disabled with `set_option linter.style.longLine false`
⚠ [8830/8836] Replayed RootedM5.Checks.K08
warning: RootedM5/Checks/K08.lean:12:100: This line exceeds the 100 character limit, please shorten it!

Note: This linter can be disabled with `set_option linter.style.longLine false`
info: RootedM5/Checks/K08.lean:16:0: 'SB.Rooted.M5.Data.cases08_ok' depends on axioms: [propext]
warning: RootedM5/Checks/K08.lean:3:100: This line exceeds the 100 character limit, please shorten it!

Note: This linter can be disabled with `set_option linter.style.longLine false`
⚠ [8832/8836] Replayed RootedM5.Checks.K09
warning: RootedM5/Checks/K09.lean:11:100: This line exceeds the 100 character limit, please shorten it!

Note: This linter can be disabled with `set_option linter.style.longLine false`
info: RootedM5/Checks/K09.lean:15:0: 'SB.Rooted.M5.Data.cases09_ok' depends on axioms: [propext]
warning: RootedM5/Checks/K09.lean:3:100: This line exceeds the 100 character limit, please shorten it!

Note: This linter can be disabled with `set_option linter.style.longLine false`
⚠ [8833/8836] Replayed RootedM5.Checks.K01
warning: RootedM5/Checks/K01.lean:32:100: This line exceeds the 100 character limit, please shorten it!

Note: This linter can be disabled with `set_option linter.style.longLine false`
info: RootedM5/Checks/K01.lean:36:0: 'SB.Rooted.M5.Data.cases01_ok' depends on axioms: [propext]
warning: RootedM5/Checks/K01.lean:3:100: This line exceeds the 100 character limit, please shorten it!

Note: This linter can be disabled with `set_option linter.style.longLine false`
⚠ [8834/8836] Replayed RootedM5.Checks.All
warning: RootedM5/Checks/All.lean:19:100: This line exceeds the 100 character limit, please shorten it!

Note: This linter can be disabled with `set_option linter.style.longLine false`
warning: RootedM5/Checks/All.lean:20:100: This line exceeds the 100 character limit, please shorten it!

Note: This linter can be disabled with `set_option linter.style.longLine false`
info: RootedM5/Checks/All.lean:24:0: 'SB.Rooted.M5.table_ok' depends on axioms: [propext]
⚠ [8835/8836] Replayed RootedM5.Close
info: RootedM5/Close.lean:24:0: 'SB.Rooted.M5.no_good_K22_of_pending'' depends on axioms: [propext,
 Classical.choice,
 Quot.sound,
 SB.Rooted.M5.direct_cakelpr,
 SB.Rooted.M5.leaves_cakelpr,
 SB.Rooted.M4.CoverData.cover_cakelpr]
warning: RootedM5/Close.lean:4:100: This line exceeds the 100 character limit, please shorten it!

Note: This linter can be disabled with `set_option linter.style.longLine false`
⚠ [8836/8836] Built Faithful.SolutionK28K25 (14s)
warning: Faithful/SolutionK28K25.lean:6:100: This line exceeds the 100 character limit, please shorten it!

Note: This linter can be disabled with `set_option linter.style.longLine false`
warning: Faithful/SolutionK28K25.lean:8:100: This line exceeds the 100 character limit, please shorten it!

Note: This linter can be disabled with `set_option linter.style.longLine false`
warning: Faithful/SolutionK28K25.lean:9:100: This line exceeds the 100 character limit, please shorten it!

Note: This linter can be disabled with `set_option linter.style.longLine false`
warning: Faithful/SolutionK28K25.lean:10:100: This line exceeds the 100 character limit, please shorten it!

Note: This linter can be disabled with `set_option linter.style.longLine false`
warning: Faithful/SolutionK28K25.lean:12:100: This line exceeds the 100 character limit, please shorten it!

Note: This linter can be disabled with `set_option linter.style.longLine false`
Build completed successfully (8836 jobs).
Exporting #[Nat, String, String.mk, Char, Char.ofNat, List, Quot, Quot.mk, Quot.lift, Quot.ind, LRATCatcher.FaithfulC.k28k25_eq_22, propext, Quot.sound, Classical.choice, SB.Rooted.M4.CoverData.cover_cakelpr, SB.Rooted.M5.direct_cakelpr, SB.Rooted.M5.leaves_cakelpr, Nat.add, Nat.sub, Nat.mul, Nat.pow, Nat.gcd, Nat.div, Nat.mod, Nat.beq, Nat.ble, Nat.land, Nat.lor, Nat.xor, Nat.shiftLeft, Nat.shiftRight, String.ofList] from Faithful.SolutionK28K25
Running nanoda kernel on solution
Nanoda kernel accepts the solution
Running Lean default kernel on solution.
Lean default kernel accepts the solution
Your solution is okay!
	Command being timed: "nice -n 19 lake env $HOME/cmp/comparator/.lake/build/bin/comparator Comparator/k28k25/faithful-value-k28k25.json"
	User time (seconds): 9092.37
	System time (seconds): 300.26
	Percent of CPU this job got: 93%
	Elapsed (wall clock) time (h:mm:ss or m:ss): 2:47:04
	Average shared text size (kbytes): 0
	Average unshared data size (kbytes): 0
	Average stack size (kbytes): 0
	Average total size (kbytes): 0
	Maximum resident set size (kbytes): 6584800
	Average resident set size (kbytes): 0
	Major (requiring I/O) page faults: 2148
	Minor (reclaiming a frame) page faults: 49003302
	Voluntary context switches: 215861
	Involuntary context switches: 1442527
	Swaps: 0
	File system inputs: 461392
	File system outputs: 28448
	Socket messages sent: 0
	Socket messages received: 0
	Signals delivered: 0
	Page size (bytes): 4096
	Exit status: 0
